event_idx,status,ticker_yf,event_date
0,window_ok,1211.HK,2016-03-14
1,window_ok,002594.SZ,2016-03-14
2,window_ok,1359.HK,2016-03-14
3,window_ok,2333.HK,2016-03-14
4,window_ok,601633.SS,2016-03-14
5,window_ok,1186.HK,2016-03-14
6,window_ok,601186.SS,2016-03-14
7,window_ok,1776.HK,2016-03-14
8,window_ok,000776.SZ,2016-03-14
9,window_ok,601211.SS,2016-03-14
10,window_ok,0317.HK,2016-03-14
11,window_ok,600685.SS,2016-03-14
12,no_history,0054.HK,2016-03-14
13,window_ok,0829.HK,2016-03-14
14,window_ok,1157.HK,2016-03-14
15,window_ok,1528.HK,2016-03-14
16,window_ok,0010.HK,2016-03-14
17,no_history,0109.HK,2016-03-14
18,window_ok,0136.HK,2016-03-14
19,window_ok,0400.HK,2016-03-14
20,window_ok,0405.HK,2016-03-14
21,window_ok,0607.HK,2016-03-14
22,window_ok,0715.HK,2016-03-14
23,window_ok,0911.HK,2016-03-14
24,no_history,0958.HK,2016-03-14
25,window_ok,1071.HK,2016-03-14
26,window_ok,1282.HK,2016-03-14
27,window_ok,1308.HK,2016-03-14
28,no_history,1363.HK,2016-03-14
29,window_ok,1432.HK,2016-03-14
30,window_ok,1508.HK,2016-03-14
31,window_ok,1970.HK,2016-03-14
32,no_history,2066.HK,2016-03-14
33,window_ok,2098.HK,2016-03-14
34,window_ok,2298.HK,2016-03-14
35,window_ok,3698.HK,2016-03-14
36,window_ok,3823.HK,2016-03-14
37,window_ok,3886.HK,2016-03-14
38,window_ok,3908.HK,2016-03-14
39,window_ok,3996.HK,2016-03-14
40,window_ok,0291.HK,2016-03-14
41,window_ok,1038.HK,2016-03-14
42,window_ok,1578.HK,2016-06-06
43,window_ok,2016.HK,2016-06-06
44,window_ok,600958.SS,2016-09-05
45,window_ok,600606.SS,2016-09-05
46,window_ok,000839.SZ,2016-09-05
47,window_ok,002241.SZ,2016-09-05
48,window_ok,600111.SS,2016-09-05
49,window_ok,600027.SS,2016-09-05
50,window_ok,600271.SS,2016-09-05
51,window_ok,600688.SS,2016-09-05
52,window_ok,600704.SS,2016-09-05
53,window_ok,601018.SS,2016-09-05
54,window_ok,601186.SS,2016-09-05
55,window_ok,601318.SS,2016-09-05
56,window_ok,603993.SS,2016-09-05
57,window_ok,000157.SZ,2016-09-05
58,window_ok,600031.SS,2016-09-05
59,window_ok,600875.SS,2016-09-05
60,window_ok,601225.SS,2016-09-05
61,window_ok,601898.SS,2016-09-05
62,no_history,601989.SS,2016-09-05
63,window_ok,001979.SZ,2016-09-05
64,window_ok,600606.SS,2016-09-05
65,window_ok,600958.SS,2016-09-05
66,window_ok,601009.SS,2016-09-05
67,window_ok,601018.SS,2016-09-05
68,window_ok,601211.SS,2016-09-05
69,window_ok,3323.HK,2016-09-05
70,window_ok,3898.HK,2016-09-05
71,window_ok,0081.HK,2016-09-05
72,no_history,0207.HK,2016-09-05
73,no_anchor,0283.HK,2016-09-05
74,no_history,0530.HK,2016-09-05
75,window_ok,0639.HK,2016-09-05
76,window_ok,0754.HK,2016-09-05
77,no_history,1076.HK,2016-09-05
78,no_anchor,1111.HK,2016-09-05
79,window_ok,1165.HK,2016-09-05
80,no_history,1212.HK,2016-09-05
81,window_ok,0245.HK,2016-09-05
82,window_ok,0338.HK,2016-09-05
83,window_ok,0345.HK,2016-09-05
84,window_ok,0412.HK,2016-09-05
85,window_ok,0460.HK,2016-09-05
86,no_history,0680.HK,2016-09-05
87,window_ok,0696.HK,2016-09-05
88,window_ok,0884.HK,2016-09-05
89,window_ok,1958.HK,2016-09-05
90,window_ok,2199.HK,2016-09-05
91,window_ok,2326.HK,2016-09-05
92,window_ok,2588.HK,2016-09-05
93,window_ok,2888.HK,2016-09-05
94,window_ok,0322.HK,2016-09-05
95,window_ok,2018.HK,2016-09-05
96,window_ok,2883.HK,2016-12-05
97,window_ok,1186.HK,2016-12-05
98,window_ok,0902.HK,2017-03-06
99,window_ok,600011.SS,2017-03-06
100,window_ok,601006.SS,2017-03-06
101,window_ok,601985.SS,2017-03-06
102,window_ok,000333.SZ,2017-03-06
103,window_ok,1658.HK,2017-03-06
104,window_ok,601229.SS,2017-03-06
105,window_ok,0168.HK,2017-03-06
106,window_ok,600600.SS,2017-03-06
107,window_ok,0991.HK,2017-03-06
108,window_ok,601991.SS,2017-03-06
109,window_ok,1072.HK,2017-03-06
110,window_ok,600875.SS,2017-03-06
111,window_ok,2039.HK,2017-03-06
112,window_ok,000039.SZ,2017-03-06
113,window_ok,2238.HK,2017-03-06
114,window_ok,601238.SS,2017-03-06
115,window_ok,2883.HK,2017-03-06
116,window_ok,601808.SS,2017-03-06
117,window_ok,3958.HK,2017-03-06
118,window_ok,600958.SS,2017-03-06
119,window_ok,6099.HK,2017-03-06
120,window_ok,600999.SS,2017-03-06
121,window_ok,6178.HK,2017-03-06
122,window_ok,601788.SS,2017-03-06
123,window_ok,0168.HK,2017-03-06
124,window_ok,1658.HK,2017-03-06
125,window_ok,0086.HK,2017-03-06
126,no_history,0109.HK,2017-03-06
127,window_ok,0136.HK,2017-03-06
128,window_ok,0412.HK,2017-03-06
129,window_ok,0715.HK,2017-03-06
130,window_ok,0911.HK,2017-03-06
131,window_ok,1071.HK,2017-03-06
132,window_ok,1205.HK,2017-03-06
133,window_ok,1728.HK,2017-03-06
134,no_history,2066.HK,2017-03-06
135,window_ok,2326.HK,2017-03-06
136,window_ok,0658.HK,2017-03-06
137,window_ok,0777.HK,2017-03-06
138,window_ok,1315.HK,2017-03-06
139,window_ok,1357.HK,2017-03-06
140,window_ok,1458.HK,2017-03-06
141,window_ok,3320.HK,2017-03-06
142,window_ok,6099.HK,2017-03-06
143,no_history,0494.HK,2017-03-06
144,window_ok,0175.HK,2017-03-06
145,window_ok,600606.SS,2017-09-04
146,window_ok,000858.SZ,2017-09-04
147,window_ok,000009.SZ,2017-09-04
148,window_ok,000063.SZ,2017-09-04
149,window_ok,000069.SZ,2017-09-04
150,window_ok,600271.SS,2017-09-04
151,window_ok,600362.SS,2017-09-04
152,window_ok,601727.SS,2017-09-04
153,window_ok,601808.SS,2017-09-04
154,window_ok,603993.SS,2017-09-04
155,window_ok,002027.SZ,2017-09-04
156,window_ok,002241.SZ,2017-09-04
157,window_ok,002352.SZ,2017-09-04
158,window_ok,600309.SS,2017-09-04
159,window_ok,600547.SS,2017-09-04
160,window_ok,600637.SS,2017-09-04
161,window_ok,601225.SS,2017-09-04
162,window_ok,000039.SZ,2017-09-04
163,window_ok,000063.SZ,2017-09-04
164,window_ok,600583.SS,2017-09-04
165,window_ok,600600.SS,2017-09-04
166,window_ok,601727.SS,2017-09-04
167,window_ok,601808.SS,2017-09-04
168,window_ok,601991.SS,2017-09-04
169,window_ok,002352.SZ,2017-09-04
170,no_history,600068.SS,2017-09-04
171,no_history,600297.SS,2017-09-04
172,window_ok,600688.SS,2017-09-04
173,window_ok,600919.SS,2017-09-04
174,window_ok,601229.SS,2017-09-04
175,window_ok,601881.SS,2017-09-04
176,window_ok,1033.HK,2017-09-04
177,window_ok,600871.SS,2017-09-04
178,window_ok,3958.HK,2017-09-04
179,window_ok,600958.SS,2017-09-04
180,window_ok,6178.HK,2017-09-04
181,window_ok,601788.SS,2017-09-04
182,window_ok,0168.HK,2017-09-04
183,window_ok,600600.SS,2017-09-04
184,window_ok,0177.HK,2017-09-04
185,window_ok,600377.SS,2017-09-04
186,window_ok,0323.HK,2017-09-04
187,window_ok,600808.SS,2017-09-04
188,window_ok,0548.HK,2017-09-04
189,window_ok,600548.SS,2017-09-04
190,window_ok,0921.HK,2017-09-04
191,window_ok,000921.SZ,2017-09-04
192,window_ok,0991.HK,2017-09-04
193,window_ok,601991.SS,2017-09-04
194,window_ok,1065.HK,2017-09-04
195,window_ok,600874.SS,2017-09-04
196,window_ok,1138.HK,2017-09-04
197,window_ok,600026.SS,2017-09-04
198,window_ok,1812.HK,2017-09-04
199,window_ok,000488.SZ,2017-09-04
200,window_ok,2039.HK,2017-09-04
201,window_ok,000039.SZ,2017-09-04
202,window_ok,2238.HK,2017-09-04
203,window_ok,601238.SS,2017-09-04
204,window_ok,2611.HK,2017-09-04
205,window_ok,601211.SS,2017-09-04
206,window_ok,2883.HK,2017-09-04
207,window_ok,601808.SS,2017-09-04
208,window_ok,6881.HK,2017-09-04
209,window_ok,601881.SS,2017-09-04
210,window_ok,0245.HK,2017-09-04
211,window_ok,0297.HK,2017-09-04
212,no_anchor,0933.HK,2017-09-04
213,window_ok,0991.HK,2017-09-04
214,no_history,1230.HK,2017-09-04
215,window_ok,1387.HK,2017-09-04
216,window_ok,2298.HK,2017-09-04
217,window_ok,2877.HK,2017-09-04
218,no_history,3308.HK,2017-09-04
219,window_ok,3823.HK,2017-09-04
220,no_history,0043.HK,2017-09-04
221,window_ok,0136.HK,2017-09-04
222,window_ok,0698.HK,2017-09-04
223,no_history,1031.HK,2017-09-04
224,no_history,1212.HK,2017-09-04
225,window_ok,1515.HK,2017-09-04
226,window_ok,2269.HK,2017-09-04
227,window_ok,2611.HK,2017-09-04
228,window_ok,2799.HK,2017-09-04
229,window_ok,3606.HK,2017-09-04
230,window_ok,000039.SZ,2017-09-04
231,window_ok,000825.SZ,2017-09-04
232,window_ok,0363.HK,2017-09-04
233,window_ok,0552.HK,2017-09-04
234,window_ok,0670.HK,2017-09-04
235,window_ok,0998.HK,2017-09-04
236,window_ok,1113.HK,2017-09-04
237,no_anchor,1333.HK,2017-09-04
238,window_ok,1339.HK,2017-09-04
239,window_ok,1963.HK,2017-09-04
240,window_ok,1999.HK,2017-09-04
241,window_ok,3898.HK,2017-09-04
242,window_ok,600600.SS,2017-09-04
243,window_ok,601818.SS,2017-09-04
244,window_ok,6818.HK,2017-09-04
245,no_anchor,0020.HK,2017-09-04
246,window_ok,002202.SZ,2017-09-04
247,window_ok,0323.HK,2017-09-04
248,window_ok,0347.HK,2017-09-04
249,window_ok,0480.HK,2017-09-04
250,window_ok,0506.HK,2017-09-04
251,window_ok,0778.HK,2017-09-04
252,window_ok,0991.HK,2017-09-04
253,window_ok,1109.HK,2017-09-04
254,window_ok,1316.HK,2017-09-04
255,window_ok,1347.HK,2017-09-04
256,window_ok,2208.HK,2017-09-04
257,window_ok,2238.HK,2017-09-04
258,window_ok,3377.HK,2017-09-04
259,window_ok,3800.HK,2017-09-04
260,window_ok,601238.SS,2017-09-04
261,window_ok,601991.SS,2017-09-04
262,window_ok,0069.HK,2017-09-04
263,window_ok,0390.HK,2017-09-04
264,window_ok,0288.HK,2017-09-04
265,window_ok,0916.HK,2017-12-04
266,window_ok,2238.HK,2017-12-04
267,window_ok,6060.HK,2017-12-04
268,window_ok,6088.HK,2017-12-04
269,window_ok,0135.HK,2017-12-04
270,window_ok,0293.HK,2017-12-04
271,window_ok,2007.HK,2017-12-04
272,window_ok,2382.HK,2017-12-04
273,window_ok,000166.SZ,2018-03-05
274,window_ok,002736.SZ,2018-03-05
275,window_ok,1339.HK,2018-03-05
276,window_ok,1776.HK,2018-03-05
277,window_ok,000776.SZ,2018-03-05
278,no_history,601989.SS,2018-03-05
279,window_ok,002352.SZ,2018-03-05
280,window_ok,1336.HK,2018-03-05
281,window_ok,601336.SS,2018-03-05
282,window_ok,2007.HK,2018-03-05
283,window_ok,3333.HK,2018-03-05
284,window_ok,600019.SS,2018-03-05
285,window_ok,600050.SS,2018-03-05
286,window_ok,0548.HK,2018-03-05
287,window_ok,600548.SS,2018-03-05
288,window_ok,1065.HK,2018-03-05
289,window_ok,600874.SS,2018-03-05
290,window_ok,1513.HK,2018-03-05
291,window_ok,000513.SZ,2018-03-05
292,window_ok,3958.HK,2018-03-05
293,window_ok,600958.SS,2018-03-05
294,window_ok,1186.HK,2018-03-05
295,window_ok,0267.HK,2018-03-05
296,window_ok,0270.HK,2018-03-05
297,window_ok,0384.HK,2018-03-05
298,window_ok,0700.HK,2018-03-05
299,window_ok,0883.HK,2018-03-05
300,window_ok,0941.HK,2018-03-05
301,window_ok,1044.HK,2018-03-05
302,window_ok,1093.HK,2018-03-05
303,window_ok,1109.HK,2018-03-05
304,window_ok,2313.HK,2018-03-05
305,window_ok,6060.HK,2018-03-05
306,window_ok,0041.HK,2018-03-05
307,no_history,0787.HK,2018-03-05
308,window_ok,0861.HK,2018-03-05
309,no_history,1031.HK,2018-03-05
310,window_ok,1315.HK,2018-03-05
311,window_ok,2199.HK,2018-03-05
312,window_ok,2329.HK,2018-03-05
313,window_ok,2888.HK,2018-03-05
314,window_ok,3331.HK,2018-03-05
315,window_ok,3698.HK,2018-03-05
316,window_ok,0045.HK,2018-03-05
317,window_ok,0087.HK,2018-03-05
318,window_ok,0127.HK,2018-03-05
319,window_ok,0582.HK,2018-03-05
320,window_ok,0754.HK,2018-03-05
321,window_ok,0772.HK,2018-03-05
322,window_ok,1030.HK,2018-03-05
323,window_ok,1141.HK,2018-03-05
324,window_ok,1269.HK,2018-03-05
325,window_ok,1378.HK,2018-03-05
326,window_ok,1628.HK,2018-03-05
327,window_ok,1638.HK,2018-03-05
328,window_ok,2196.HK,2018-03-05
329,window_ok,2232.HK,2018-03-05
330,window_ok,2858.HK,2018-03-05
331,window_ok,3993.HK,2018-03-05
332,window_ok,0004.HK,2018-03-05
333,window_ok,3898.HK,2018-06-04
334,window_ok,2799.HK,2018-06-04
335,window_ok,6158.HK,2018-06-04
336,window_ok,0992.HK,2018-06-04
337,window_ok,1093.HK,2018-06-04
338,window_ok,000001.SZ,2018-09-10
339,window_ok,000063.SZ,2018-09-10
340,window_ok,002024.SZ,2018-09-10
341,window_ok,600000.SS,2018-09-10
342,window_ok,600036.SS,2018-09-10
343,window_ok,600098.SS,2018-09-10
344,window_ok,600999.SS,2018-09-10
345,window_ok,601088.SS,2018-09-10
346,window_ok,601166.SS,2018-09-10
347,window_ok,601628.SS,2018-09-10
348,window_ok,601939.SS,2018-09-10
349,window_ok,000898.SZ,2018-09-10
350,window_ok,002594.SZ,2018-09-10
351,window_ok,600027.SS,2018-09-10
352,window_ok,600115.SS,2018-09-10
353,window_ok,601288.SS,2018-09-10
354,window_ok,601336.SS,2018-09-10
355,window_ok,601601.SS,2018-09-10
356,window_ok,601618.SS,2018-09-10
357,window_ok,601766.SS,2018-09-10
358,window_ok,601800.SS,2018-09-10
359,window_ok,601877.SS,2018-09-10
360,window_ok,000001.SZ,2018-09-10
361,window_ok,000063.SZ,2018-09-10
362,window_ok,600000.SS,2018-09-10
363,window_ok,600036.SS,2018-09-10
364,window_ok,601628.SS,2018-09-10
365,window_ok,601939.SS,2018-09-10
366,window_ok,000002.SZ,2018-09-10
367,window_ok,600019.SS,2018-09-10
368,window_ok,600196.SS,2018-09-10
369,window_ok,601238.SS,2018-09-10
370,window_ok,601877.SS,2018-09-10
371,window_ok,601919.SS,2018-09-10
372,window_ok,1186.HK,2018-09-10
373,window_ok,601186.SS,2018-09-10
374,window_ok,601229.SS,2018-09-10
375,no_history,6837.HK,2018-09-10
376,no_history,600837.SS,2018-09-10
377,window_ok,600276.SS,2018-09-10
378,window_ok,600887.SS,2018-09-10
379,window_ok,601138.SS,2018-09-10
380,window_ok,002241.SZ,2018-09-10
381,window_ok,600027.SS,2018-09-10
382,window_ok,600547.SS,2018-09-10
383,window_ok,600637.SS,2018-09-10
384,window_ok,600704.SS,2018-09-10
385,window_ok,601633.SS,2018-09-10
386,window_ok,000063.SZ,2018-09-10
387,window_ok,000858.SZ,2018-09-10
388,window_ok,601138.SS,2018-09-10
389,window_ok,601600.SS,2018-09-10
390,window_ok,601985.SS,2018-09-10
391,window_ok,000876.SZ,2018-09-10
392,window_ok,600027.SS,2018-09-10
393,window_ok,600170.SS,2018-09-10
394,window_ok,600958.SS,2018-09-10
395,window_ok,601117.SS,2018-09-10
396,window_ok,000063.SZ,2018-09-10
397,window_ok,601138.SS,2018-09-10
398,window_ok,601225.SS,2018-09-10
399,window_ok,601727.SS,2018-09-10
400,window_ok,601898.SS,2018-09-10
401,no_history,0043.HK,2018-09-10
402,window_ok,0317.HK,2018-09-10
403,window_ok,0330.HK,2018-09-10
404,window_ok,0400.HK,2018-09-10
405,no_history,0680.HK,2018-09-10
406,window_ok,0732.HK,2018-09-10
407,window_ok,0931.HK,2018-09-10
408,no_history,0996.HK,2018-09-10
409,window_ok,1117.HK,2018-09-10
410,no_history,1363.HK,2018-09-10
411,window_ok,1432.HK,2018-09-10
412,window_ok,1680.HK,2018-09-10
413,window_ok,1970.HK,2018-09-10
414,window_ok,2727.HK,2018-09-10
415,no_history,0054.HK,2018-09-10
416,window_ok,0486.HK,2018-09-10
417,window_ok,0581.HK,2018-09-10
418,window_ok,0839.HK,2018-09-10
419,no_history,0973.HK,2018-09-10
420,window_ok,1233.HK,2018-09-10
421,no_history,1337.HK,2018-09-10
422,window_ok,1548.HK,2018-09-10
423,window_ok,1728.HK,2018-09-10
424,window_ok,1833.HK,2018-09-10
425,window_ok,1910.HK,2018-09-10
426,window_ok,1913.HK,2018-09-10
427,window_ok,2638.HK,2018-09-10
428,no_anchor,2768.HK,2018-09-10
429,window_ok,3669.HK,2018-09-10
430,window_ok,3918.HK,2018-09-10
431,window_ok,6098.HK,2018-09-10
432,window_ok,6823.HK,2018-09-10
433,no_anchor,0020.HK,2018-09-10
434,window_ok,0041.HK,2018-09-10
435,window_ok,0066.HK,2018-09-10
436,window_ok,0200.HK,2018-09-10
437,window_ok,0297.HK,2018-09-10
438,window_ok,0323.HK,2018-09-10
439,window_ok,0347.HK,2018-09-10
440,window_ok,0405.HK,2018-09-10
441,window_ok,0480.HK,2018-09-10
442,no_anchor,0606.HK,2018-09-10
443,window_ok,0763.HK,2018-09-10
444,window_ok,0819.HK,2018-09-10
445,window_ok,0939.HK,2018-09-10
446,window_ok,1088.HK,2018-09-10
447,window_ok,1308.HK,2018-09-10
448,window_ok,2039.HK,2018-09-10
449,window_ok,2196.HK,2018-09-10
450,window_ok,2282.HK,2018-09-10
451,window_ok,2331.HK,2018-09-10
452,window_ok,2342.HK,2018-09-10
453,window_ok,2628.HK,2018-09-10
454,window_ok,3328.HK,2018-09-10
455,window_ok,3331.HK,2018-09-10
456,window_ok,3968.HK,2018-09-10
457,window_ok,3988.HK,2018-09-10
458,window_ok,0010.HK,2018-09-10
459,window_ok,0045.HK,2018-09-10
460,no_history,0054.HK,2018-09-10
461,window_ok,0078.HK,2018-09-10
462,window_ok,0087.HK,2018-09-10
463,window_ok,0142.HK,2018-09-10
464,window_ok,0163.HK,2018-09-10
465,window_ok,0173.HK,2018-09-10
466,window_ok,0175.HK,2018-09-10
467,window_ok,0179.HK,2018-09-10
468,window_ok,0288.HK,2018-09-10
469,window_ok,0345.HK,2018-09-10
470,window_ok,0517.HK,2018-09-10
471,window_ok,0968.HK,2018-09-10
472,window_ok,1112.HK,2018-09-10
473,window_ok,1138.HK,2018-09-10
474,window_ok,1257.HK,2018-09-10
475,window_ok,1299.HK,2018-09-10
476,window_ok,1658.HK,2018-09-10
477,window_ok,1686.HK,2018-09-10
478,window_ok,3320.HK,2018-09-10
479,window_ok,3618.HK,2018-09-10
480,window_ok,0066.HK,2018-09-10
481,window_ok,0390.HK,2018-09-10
482,no_history,0494.HK,2018-09-10
483,window_ok,1398.HK,2018-09-10
484,window_ok,3968.HK,2018-09-10
485,window_ok,3988.HK,2018-09-10
486,window_ok,0069.HK,2018-09-10
487,window_ok,0087.HK,2018-09-10
488,window_ok,0316.HK,2018-09-10
489,window_ok,0683.HK,2018-09-10
490,window_ok,0981.HK,2018-09-10
491,window_ok,1109.HK,2018-09-10
492,window_ok,0023.HK,2018-09-10
493,window_ok,0144.HK,2018-09-10
494,window_ok,1177.HK,2018-09-10
495,window_ok,2313.HK,2018-09-10
496,window_ok,0317.HK,2018-09-10
497,window_ok,600685.SS,2018-09-10
498,window_ok,1528.HK,2018-09-10
499,window_ok,601828.SS,2018-09-10
500,window_ok,6881.HK,2018-12-10
501,window_ok,0788.HK,2018-12-10
502,window_ok,0788.HK,2018-12-10
503,window_ok,2048.HK,2018-12-10
504,window_ok,6862.HK,2018-12-10
505,window_ok,1336.HK,2019-03-11
506,window_ok,601336.SS,2019-03-11
507,window_ok,601360.SS,2019-03-11
508,window_ok,6060.HK,2019-03-11
509,window_ok,3323.HK,2019-03-11
510,no_history,0054.HK,2019-03-11
511,window_ok,0242.HK,2019-03-11
512,window_ok,0315.HK,2019-03-11
513,window_ok,0316.HK,2019-03-11
514,window_ok,0439.HK,2019-03-11
515,window_ok,0698.HK,2019-03-11
516,window_ok,0737.HK,2019-03-11
517,window_ok,0751.HK,2019-03-11
518,window_ok,0777.HK,2019-03-11
519,window_ok,0934.HK,2019-03-11
520,window_ok,1282.HK,2019-03-11
521,window_ok,1293.HK,2019-03-11
522,window_ok,1919.HK,2019-03-11
523,window_ok,2048.HK,2019-03-11
524,window_ok,0268.HK,2019-03-11
525,window_ok,0467.HK,2019-03-11
526,window_ok,0612.HK,2019-03-11
527,window_ok,0691.HK,2019-03-11
528,window_ok,0780.HK,2019-03-11
529,no_history,1992.HK,2019-03-11
530,window_ok,2005.HK,2019-03-11
531,window_ok,2331.HK,2019-03-11
532,window_ok,2869.HK,2019-03-11
533,window_ok,2888.HK,2019-03-11
534,window_ok,3633.HK,2019-03-11
535,window_ok,0836.HK,2019-03-11
536,window_ok,0669.HK,2019-03-11
537,window_ok,0525.HK,2019-03-11
538,window_ok,601333.SS,2019-03-11
539,window_ok,0921.HK,2019-03-11
540,window_ok,000921.SZ,2019-03-11
541,window_ok,0991.HK,2019-03-11
542,window_ok,601991.SS,2019-03-11
543,window_ok,1157.HK,2019-03-11
544,window_ok,000157.SZ,2019-03-11
545,window_ok,1528.HK,2019-03-11
546,window_ok,601828.SS,2019-03-11
547,window_ok,1618.HK,2019-03-11
548,window_ok,601618.SS,2019-03-11
549,window_ok,1812.HK,2019-03-11
550,window_ok,000488.SZ,2019-03-11
551,window_ok,2611.HK,2019-03-11
552,window_ok,601211.SS,2019-03-11
553,window_ok,2727.HK,2019-03-11
554,window_ok,601727.SS,2019-03-11
555,window_ok,2866.HK,2019-03-11
556,window_ok,601866.SS,2019-03-11
557,window_ok,3958.HK,2019-03-11
558,window_ok,600958.SS,2019-03-11
559,window_ok,6099.HK,2019-03-11
560,window_ok,600999.SS,2019-03-11
561,window_ok,1339.HK,2019-03-11
562,window_ok,601319.SS,2019-03-11
563,window_ok,1772.HK,2019-03-11
564,window_ok,002460.SZ,2019-03-11
565,window_ok,1787.HK,2019-03-11
566,window_ok,600547.SS,2019-03-11
567,window_ok,2359.HK,2019-03-11
568,window_ok,603259.SS,2019-03-11
569,window_ok,6869.HK,2019-03-11
570,window_ok,601869.SS,2019-03-11
571,window_ok,0753.HK,2019-06-17
572,window_ok,0902.HK,2019-06-17
573,window_ok,1776.HK,2019-06-17
574,window_ok,1816.HK,2019-06-17
575,window_ok,2333.HK,2019-06-17
576,window_ok,0291.HK,2019-06-17
577,window_ok,0960.HK,2019-06-17
578,window_ok,2007.HK,2019-06-17
579,window_ok,2020.HK,2019-06-17
580,window_ok,2688.HK,2019-06-17
581,window_ok,1896.HK,2019-06-17
582,window_ok,000001.SZ,2019-09-09
583,window_ok,000021.SZ,2019-09-09
584,window_ok,000035.SZ,2019-09-09
585,window_ok,000039.SZ,2019-09-09
586,no_history,000046.SZ,2019-09-09
587,window_ok,000050.SZ,2019-09-09
588,window_ok,000063.SZ,2019-09-09
589,window_ok,000066.SZ,2019-09-09
590,window_ok,000100.SZ,2019-09-09
591,window_ok,000513.SZ,2019-09-09
592,window_ok,000528.SZ,2019-09-09
593,no_history,000540.SZ,2019-09-09
594,window_ok,000546.SZ,2019-09-09
595,window_ok,000825.SZ,2019-09-09
596,window_ok,000997.SZ,2019-09-09
597,window_ok,001979.SZ,2019-09-09
598,window_ok,002078.SZ,2019-09-09
599,window_ok,002179.SZ,2019-09-09
600,window_ok,002249.SZ,2019-09-09
601,window_ok,002371.SZ,2019-09-09
602,window_ok,002407.SZ,2019-09-09
603,window_ok,002415.SZ,2019-09-09
604,window_ok,002601.SZ,2019-09-09
605,window_ok,002815.SZ,2019-09-09
606,window_ok,002916.SZ,2019-09-09
607,window_ok,300124.SZ,2019-09-09
608,window_ok,300274.SZ,2019-09-09
609,window_ok,300398.SZ,2019-09-09
610,window_ok,300750.SZ,2019-09-09
611,window_ok,600011.SS,2019-09-09
612,window_ok,600012.SS,2019-09-09
613,window_ok,600018.SS,2019-09-09
614,window_ok,600020.SS,2019-09-09
615,window_ok,600025.SS,2019-09-09
616,window_ok,600026.SS,2019-09-09
617,window_ok,600114.SS,2019-09-09
618,window_ok,600171.SS,2019-09-09
619,window_ok,600183.SS,2019-09-09
620,window_ok,600188.SS,2019-09-09
621,window_ok,600216.SS,2019-09-09
622,window_ok,600271.SS,2019-09-09
623,window_ok,600282.SS,2019-09-09
624,window_ok,600323.SS,2019-09-09
625,window_ok,600332.SS,2019-09-09
626,window_ok,600337.SS,2019-09-09
627,window_ok,600377.SS,2019-09-09
628,window_ok,600380.SS,2019-09-09
629,window_ok,600525.SS,2019-09-09
630,no_history,600565.SS,2019-09-09
631,window_ok,600580.SS,2019-09-09
632,window_ok,600588.SS,2019-09-09
633,window_ok,600600.SS,2019-09-09
634,window_ok,600648.SS,2019-09-09
635,window_ok,600750.SS,2019-09-09
636,window_ok,600775.SS,2019-09-09
637,window_ok,600808.SS,2019-09-09
638,window_ok,600860.SS,2019-09-09
639,window_ok,600871.SS,2019-09-09
640,window_ok,600874.SS,2019-09-09
641,window_ok,600875.SS,2019-09-09
642,window_ok,600958.SS,2019-09-09
643,window_ok,601012.SS,2019-09-09
644,window_ok,601066.SS,2019-09-09
645,window_ok,601088.SS,2019-09-09
646,window_ok,601138.SS,2019-09-09
647,window_ok,601166.SS,2019-09-09
648,window_ok,601186.SS,2019-09-09
649,window_ok,601200.SS,2019-09-09
650,window_ok,601211.SS,2019-09-09
651,window_ok,601231.SS,2019-09-09
652,window_ok,601326.SS,2019-09-09
653,window_ok,601330.SS,2019-09-09
654,window_ok,601600.SS,2019-09-09
655,window_ok,601607.SS,2019-09-09
656,window_ok,601688.SS,2019-09-09
657,window_ok,601717.SS,2019-09-09
658,window_ok,601788.SS,2019-09-09
659,window_ok,601811.SS,2019-09-09
660,window_ok,601818.SS,2019-09-09
661,window_ok,601828.SS,2019-09-09
662,window_ok,601866.SS,2019-09-09
663,window_ok,601881.SS,2019-09-09
664,window_ok,601888.SS,2019-09-09
665,window_ok,601899.SS,2019-09-09
666,window_ok,601939.SS,2019-09-09
667,window_ok,601992.SS,2019-09-09
668,window_ok,603019.SS,2019-09-09
669,window_ok,603337.SS,2019-09-09
670,window_ok,603588.SS,2019-09-09
671,window_ok,603595.SS,2019-09-09
672,window_ok,603659.SS,2019-09-09
673,window_ok,603680.SS,2019-09-09
674,window_ok,603737.SS,2019-09-09
675,window_ok,603773.SS,2019-09-09
676,window_ok,603993.SS,2019-09-09
677,window_ok,601328.SS,2019-09-09
678,window_ok,601398.SS,2019-09-09
679,window_ok,000063.SZ,2019-09-09
680,window_ok,000100.SZ,2019-09-09
681,window_ok,000825.SZ,2019-09-09
682,window_ok,002202.SZ,2019-09-09
683,window_ok,002415.SZ,2019-09-09
684,window_ok,002916.SZ,2019-09-09
685,window_ok,300750.SZ,2019-09-09
686,window_ok,600089.SS,2019-09-09
687,window_ok,600115.SS,2019-09-09
688,window_ok,600377.SS,2019-09-09
689,window_ok,600600.SS,2019-09-09
690,window_ok,601138.SS,2019-09-09
691,window_ok,601601.SS,2019-09-09
692,window_ok,601607.SS,2019-09-09
693,window_ok,601618.SS,2019-09-09
694,window_ok,601808.SS,2019-09-09
695,window_ok,601991.SS,2019-09-09
696,window_ok,2611.HK,2019-09-09
697,window_ok,601211.SS,2019-09-09
698,window_ok,600018.SS,2019-09-09
699,window_ok,0788.HK,2019-09-09
700,window_ok,1339.HK,2019-09-09
701,window_ok,601319.SS,2019-09-09
702,window_ok,000063.SZ,2019-09-09
703,window_ok,002027.SZ,2019-09-09
704,window_ok,600029.SS,2019-09-09
705,window_ok,600115.SS,2019-09-09
706,window_ok,601018.SS,2019-09-09
707,window_ok,601600.SS,2019-09-09
708,window_ok,000338.SZ,2019-09-09
709,window_ok,000538.SZ,2019-09-09
710,window_ok,002304.SZ,2019-09-09
711,window_ok,300498.SZ,2019-09-09
712,window_ok,300760.SZ,2019-09-09
713,window_ok,600196.SS,2019-09-09
714,window_ok,600276.SS,2019-09-09
715,window_ok,600887.SS,2019-09-09
716,window_ok,601360.SS,2019-09-09
717,window_ok,601607.SS,2019-09-09
718,window_ok,603993.SS,2019-09-09
719,window_ok,000063.SZ,2019-09-09
720,window_ok,000625.SZ,2019-09-09
721,no_history,600068.SS,2019-09-09
722,window_ok,600221.SS,2019-09-09
723,window_ok,601018.SS,2019-09-09
724,window_ok,601600.SS,2019-09-09
725,window_ok,601881.SS,2019-09-09
726,window_ok,601992.SS,2019-09-09
727,window_ok,300498.SZ,2019-09-09
728,window_ok,300750.SZ,2019-09-09
729,window_ok,600031.SS,2019-09-09
730,window_ok,600346.SS,2019-09-09
731,window_ok,600406.SS,2019-09-09
732,window_ok,601155.SS,2019-09-09
733,window_ok,601319.SS,2019-09-09
734,window_ok,601888.SS,2019-09-09
735,window_ok,0489.HK,2019-09-09
736,window_ok,1359.HK,2019-09-09
737,window_ok,2238.HK,2019-09-09
738,window_ok,2799.HK,2019-09-09
739,window_ok,6886.HK,2019-09-09
740,window_ok,0151.HK,2019-09-09
741,window_ok,0175.HK,2019-09-09
742,window_ok,0656.HK,2019-09-09
743,window_ok,0966.HK,2019-09-09
744,window_ok,1918.HK,2019-09-09
745,window_ok,0045.HK,2019-09-09
746,window_ok,0127.HK,2019-09-09
747,window_ok,0511.HK,2019-09-09
748,window_ok,0582.HK,2019-09-09
749,window_ok,0691.HK,2019-09-09
750,window_ok,1141.HK,2019-09-09
751,window_ok,1515.HK,2019-09-09
752,no_history,1992.HK,2019-09-09
753,window_ok,2038.HK,2019-09-09
754,window_ok,2356.HK,2019-09-09
755,window_ok,2888.HK,2019-09-09
756,window_ok,6099.HK,2019-09-09
757,window_ok,0667.HK,2019-09-09
758,window_ok,1579.HK,2019-09-09
759,window_ok,1717.HK,2019-09-09
760,window_ok,1951.HK,2019-09-09
761,window_ok,3301.HK,2019-09-09
762,window_ok,3692.HK,2019-09-09
763,window_ok,3883.HK,2019-09-09
764,window_ok,3990.HK,2019-09-09
765,window_ok,3998.HK,2019-09-09
766,window_ok,0045.HK,2019-09-09
767,window_ok,0163.HK,2019-09-09
768,window_ok,0168.HK,2019-09-09
769,window_ok,0215.HK,2019-09-09
770,window_ok,0288.HK,2019-09-09
771,window_ok,0316.HK,2019-09-09
772,window_ok,0330.HK,2019-09-09
773,window_ok,0517.HK,2019-09-09
774,window_ok,0737.HK,2019-09-09
775,no_history,0787.HK,2019-09-09
776,window_ok,1199.HK,2019-09-09
777,window_ok,1208.HK,2019-09-09
778,no_anchor,0020.HK,2019-09-09
779,window_ok,0052.HK,2019-09-09
780,window_ok,0123.HK,2019-09-09
781,window_ok,0586.HK,2019-09-09
782,window_ok,0808.HK,2019-09-09
783,window_ok,1070.HK,2019-09-09
784,window_ok,1099.HK,2019-09-09
785,no_anchor,1333.HK,2019-09-09
786,window_ok,3396.HK,2019-09-09
787,window_ok,3883.HK,2019-09-09
788,window_ok,3988.HK,2019-09-09
789,window_ok,0316.HK,2019-09-09
790,window_ok,0941.HK,2019-09-09
791,window_ok,0345.HK,2019-09-09
792,window_ok,1299.HK,2019-09-09
793,window_ok,1772.HK,2019-09-09
794,window_ok,002460.SZ,2019-09-09
795,window_ok,0548.HK,2019-09-09
796,window_ok,600548.SS,2019-09-09
797,window_ok,0598.HK,2019-09-09
798,window_ok,601598.SS,2019-09-09
799,window_ok,0921.HK,2019-09-09
800,window_ok,000921.SZ,2019-09-09
801,window_ok,1157.HK,2019-09-09
802,window_ok,000157.SZ,2019-09-09
803,window_ok,1528.HK,2019-09-09
804,window_ok,601828.SS,2019-09-09
805,window_ok,2611.HK,2019-09-09
806,window_ok,601211.SS,2019-09-09
807,window_ok,3958.HK,2019-09-09
808,window_ok,600958.SS,2019-09-09
809,window_ok,6066.HK,2019-09-09
810,window_ok,601066.SS,2019-09-09
811,window_ok,6178.HK,2019-09-09
812,window_ok,601788.SS,2019-09-09
813,window_ok,6806.HK,2019-09-09
814,window_ok,000166.SZ,2019-09-09
815,window_ok,6865.HK,2019-09-09
816,window_ok,601865.SS,2019-09-09
817,window_ok,0390.HK,2019-12-09
818,window_ok,3323.HK,2019-12-09
819,window_ok,1177.HK,2019-12-09
820,window_ok,1193.HK,2019-12-09
821,window_ok,2772.HK,2019-12-09
822,window_ok,0914.HK,2020-03-09
823,window_ok,1109.HK,2020-03-09
824,window_ok,603288.SS,2020-03-09
825,window_ok,600010.SS,2020-03-09
826,window_ok,601360.SS,2020-03-09
827,window_ok,601390.SS,2020-03-09
828,window_ok,0586.HK,2020-03-09
829,window_ok,2382.HK,2020-03-09
830,window_ok,1339.HK,2020-03-09
831,window_ok,1766.HK,2020-03-09
832,window_ok,0116.HK,2020-03-09
833,window_ok,0120.HK,2020-03-09
834,window_ok,0302.HK,2020-03-09
835,window_ok,0697.HK,2020-03-09
836,window_ok,0826.HK,2020-03-09
837,window_ok,1268.HK,2020-03-09
838,window_ok,1282.HK,2020-03-09
839,window_ok,1286.HK,2020-03-09
840,window_ok,1691.HK,2020-03-09
841,window_ok,1789.HK,2020-03-09
842,window_ok,1836.HK,2020-03-09
843,window_ok,1873.HK,2020-03-09
844,window_ok,1881.HK,2020-03-09
845,window_ok,2048.HK,2020-03-09
846,no_history,2103.HK,2020-03-09
847,window_ok,2400.HK,2020-03-09
848,window_ok,3319.HK,2020-03-09
849,window_ok,3331.HK,2020-03-09
850,window_ok,6049.HK,2020-03-09
851,window_ok,6069.HK,2020-03-09
852,window_ok,6110.HK,2020-03-09
853,window_ok,6186.HK,2020-03-09
854,window_ok,0052.HK,2020-03-09
855,window_ok,0321.HK,2020-03-09
856,window_ok,0400.HK,2020-03-09
857,window_ok,0439.HK,2020-03-09
858,window_ok,0508.HK,2020-03-09
859,window_ok,0511.HK,2020-03-09
860,window_ok,0512.HK,2020-03-09
861,window_ok,0579.HK,2020-03-09
862,no_anchor,0699.HK,2020-03-09
863,window_ok,0860.HK,2020-03-09
864,window_ok,0931.HK,2020-03-09
865,window_ok,0950.HK,2020-03-09
866,window_ok,0951.HK,2020-03-09
867,window_ok,1086.HK,2020-03-09
868,window_ok,1361.HK,2020-03-09
869,window_ok,1680.HK,2020-03-09
870,window_ok,1916.HK,2020-03-09
871,window_ok,1980.HK,2020-03-09
872,window_ok,2099.HK,2020-03-09
873,window_ok,2232.HK,2020-03-09
874,window_ok,2866.HK,2020-03-09
875,window_ok,3329.HK,2020-03-09
876,window_ok,6100.HK,2020-03-09
877,window_ok,6828.HK,2020-03-09
878,window_ok,6889.HK,2020-03-09
879,window_ok,87001.HK,2020-03-09
880,window_ok,000555.SZ,2020-03-09
881,window_ok,000967.SZ,2020-03-09
882,window_ok,300602.SZ,2020-03-09
883,window_ok,300770.SZ,2020-03-09
884,window_ok,3319.HK,2020-03-09
885,window_ok,3331.HK,2020-03-09
886,window_ok,603983.SS,2020-03-09
887,window_ok,6049.HK,2020-03-09
888,window_ok,6055.HK,2020-03-09
889,window_ok,000008.SZ,2020-03-09
890,window_ok,000036.SZ,2020-03-09
891,window_ok,002016.SZ,2020-03-09
892,window_ok,0178.HK,2020-03-09
893,window_ok,0511.HK,2020-03-09
894,window_ok,0751.HK,2020-03-09
895,window_ok,3933.HK,2020-03-09
896,window_ok,600499.SS,2020-03-09
897,window_ok,603898.SS,2020-03-09
898,window_ok,0762.HK,2020-06-08
899,window_ok,0813.HK,2020-06-08
900,window_ok,2319.HK,2020-06-08
901,window_ok,1336.HK,2020-06-08
902,window_ok,1800.HK,2020-06-08
903,no_history,6837.HK,2020-06-08
904,window_ok,002371.SZ,2020-09-07
905,window_ok,002594.SZ,2020-09-07
906,window_ok,300124.SZ,2020-09-07
907,window_ok,600028.SS,2020-09-07
908,window_ok,600183.SS,2020-09-07
909,window_ok,601231.SS,2020-09-07
910,window_ok,601727.SS,2020-09-07
911,window_ok,603019.SS,2020-09-07
912,window_ok,000825.SZ,2020-09-07
913,window_ok,002415.SZ,2020-09-07
914,window_ok,002916.SZ,2020-09-07
915,window_ok,600089.SS,2020-09-07
916,window_ok,601601.SS,2020-09-07
917,window_ok,601607.SS,2020-09-07
918,window_ok,601618.SS,2020-09-07
919,window_ok,601991.SS,2020-09-07
920,window_ok,300760.SZ,2020-09-07
921,window_ok,3690.HK,2020-09-07
922,window_ok,601816.SS,2020-09-07
923,window_ok,9988.HK,2020-09-07
924,window_ok,0762.HK,2020-09-07
925,window_ok,1800.HK,2020-09-07
926,window_ok,2328.HK,2020-09-07
927,window_ok,600050.SS,2020-09-07
928,window_ok,600887.SS,2020-09-07
929,window_ok,003816.SZ,2020-09-07
930,window_ok,600031.SS,2020-09-07
931,window_ok,600188.SS,2020-09-07
932,window_ok,600346.SS,2020-09-07
933,window_ok,600585.SS,2020-09-07
934,window_ok,600606.SS,2020-09-07
935,window_ok,601698.SS,2020-09-07
936,window_ok,601816.SS,2020-09-07
937,window_ok,603259.SS,2020-09-07
938,window_ok,000338.SZ,2020-09-07
939,window_ok,600023.SS,2020-09-07
940,window_ok,600118.SS,2020-09-07
941,window_ok,600688.SS,2020-09-07
942,window_ok,601111.SS,2020-09-07
943,window_ok,601186.SS,2020-09-07
944,window_ok,601607.SS,2020-09-07
945,window_ok,601898.SS,2020-09-07
946,window_ok,002475.SZ,2020-09-07
947,window_ok,003816.SZ,2020-09-07
948,window_ok,600276.SS,2020-09-07
949,window_ok,601658.SS,2020-09-07
950,window_ok,601816.SS,2020-09-07
951,window_ok,601916.SS,2020-09-07
952,window_ok,603288.SS,2020-09-07
953,window_ok,600011.SS,2020-09-07
954,window_ok,600023.SS,2020-09-07
955,no_history,600297.SS,2020-09-07
956,window_ok,600362.SS,2020-09-07
957,window_ok,600688.SS,2020-09-07
958,window_ok,600795.SS,2020-09-07
959,window_ok,601898.SS,2020-09-07
960,window_ok,1810.HK,2020-09-07
961,window_ok,3690.HK,2020-09-07
962,window_ok,9988.HK,2020-09-07
963,window_ok,1099.HK,2020-09-07
964,window_ok,1211.HK,2020-09-07
965,window_ok,6030.HK,2020-09-07
966,window_ok,0035.HK,2020-09-07
967,window_ok,0041.HK,2020-09-07
968,no_anchor,0699.HK,2020-09-07
969,window_ok,1141.HK,2020-09-07
970,window_ok,1475.HK,2020-09-07
971,window_ok,1675.HK,2020-09-07
972,window_ok,1773.HK,2020-09-07
973,window_ok,1801.HK,2020-09-07
974,window_ok,1817.HK,2020-09-07
975,window_ok,1995.HK,2020-09-07
976,window_ok,2342.HK,2020-09-07
977,window_ok,2356.HK,2020-09-07
978,window_ok,2500.HK,2020-09-07
979,window_ok,3759.HK,2020-09-07
980,window_ok,3813.HK,2020-09-07
981,window_ok,6078.HK,2020-09-07
982,window_ok,6099.HK,2020-09-07
983,window_ok,6160.HK,2020-09-07
984,window_ok,6185.HK,2020-09-07
985,window_ok,6855.HK,2020-09-07
986,window_ok,6889.HK,2020-09-07
987,window_ok,9909.HK,2020-09-07
988,window_ok,9922.HK,2020-09-07
989,window_ok,9923.HK,2020-09-07
990,window_ok,9926.HK,2020-09-07
991,window_ok,9928.HK,2020-09-07
992,window_ok,9966.HK,2020-09-07
993,window_ok,9968.HK,2020-09-07
994,window_ok,9969.HK,2020-09-07
995,window_ok,9983.HK,2020-09-07
996,window_ok,9996.HK,2020-09-07
997,no_history,9997.HK,2020-09-07
998,window_ok,0078.HK,2020-09-07
999,window_ok,0317.HK,2020-09-07
1000,window_ok,0451.HK,2020-09-07
1001,window_ok,0525.HK,2020-09-07
1002,window_ok,0582.HK,2020-09-07
1003,window_ok,0607.HK,2020-09-07
1004,window_ok,0687.HK,2020-09-07
1005,window_ok,0709.HK,2020-09-07
1006,window_ok,0732.HK,2020-09-07
1007,no_history,0906.HK,2020-09-07
1008,no_history,1131.HK,2020-09-07
1009,window_ok,1205.HK,2020-09-07
1010,window_ok,1286.HK,2020-09-07
1011,window_ok,1681.HK,2020-09-07
1012,no_history,1806.HK,2020-09-07
1013,window_ok,1905.HK,2020-09-07
1014,window_ok,2003.HK,2020-09-07
1015,window_ok,2051.HK,2020-09-07
1016,window_ok,2255.HK,2020-09-07
1017,window_ok,2280.HK,2020-09-07
1018,window_ok,2362.HK,2020-09-07
1019,window_ok,3382.HK,2020-09-07
1020,window_ok,3983.HK,2020-09-07
1021,window_ok,0008.HK,2020-09-07
1022,window_ok,0659.HK,2020-09-07
1023,window_ok,2319.HK,2020-09-07
1024,window_ok,0014.HK,2020-09-07
1025,window_ok,0069.HK,2020-09-07
1026,window_ok,1109.HK,2020-09-07
1027,window_ok,0148.HK,2020-09-07
1028,window_ok,0288.HK,2020-09-07
1029,window_ok,0384.HK,2020-09-07
1030,window_ok,0659.HK,2020-09-07
1031,window_ok,0836.HK,2020-09-07
1032,window_ok,2319.HK,2020-09-07
1033,window_ok,2688.HK,2020-09-07
1034,window_ok,0175.HK,2020-09-07
1035,window_ok,0390.HK,2020-09-07
1036,window_ok,1112.HK,2020-09-07
1037,window_ok,1316.HK,2020-09-07
1038,window_ok,1658.HK,2020-09-07
1039,window_ok,3377.HK,2020-09-07
1040,window_ok,3988.HK,2020-09-07
1041,window_ok,1810.HK,2020-09-07
1042,window_ok,2269.HK,2020-09-07
1043,window_ok,9988.HK,2020-09-07
1044,window_ok,0083.HK,2020-09-07
1045,window_ok,0151.HK,2020-09-07
1046,window_ok,1088.HK,2020-09-07
1047,window_ok,002243.SZ,2020-09-07
1048,window_ok,002791.SZ,2020-09-07
1049,window_ok,0041.HK,2020-09-07
1050,window_ok,1268.HK,2020-09-07
1051,window_ok,2039.HK,2020-09-07
1052,window_ok,2356.HK,2020-09-07
1053,window_ok,600143.SS,2020-09-07
1054,window_ok,9922.HK,2020-09-07
1055,window_ok,9926.HK,2020-09-07
1056,window_ok,002168.SZ,2020-09-07
1057,window_ok,002475.SZ,2020-09-07
1058,window_ok,002482.SZ,2020-09-07
1059,window_ok,002815.SZ,2020-09-07
1060,window_ok,0215.HK,2020-09-07
1061,window_ok,0308.HK,2020-09-07
1062,window_ok,0315.HK,2020-09-07
1063,no_history,300297.SZ,2020-09-07
1064,window_ok,300633.SZ,2020-09-07
1065,window_ok,0241.HK,2020-12-07
1066,window_ok,0688.HK,2020-12-07
1067,window_ok,0981.HK,2020-12-07
1068,window_ok,3333.HK,2020-12-07
1069,window_ok,3692.HK,2020-12-07
1070,window_ok,6186.HK,2020-12-07
1071,window_ok,6862.HK,2020-12-07
1072,window_ok,9618.HK,2020-12-07
1073,window_ok,9999.HK,2020-12-07
1074,window_ok,0151.HK,2020-12-07
1075,window_ok,0656.HK,2020-12-07
1076,window_ok,0728.HK,2020-12-07
1077,window_ok,0966.HK,2020-12-07
1078,window_ok,0998.HK,2020-12-07
1079,window_ok,1088.HK,2020-12-07
1080,window_ok,1988.HK,2020-12-07
1081,window_ok,2202.HK,2020-12-07
1082,window_ok,2328.HK,2020-12-07
1083,window_ok,0909.HK,2020-12-07
1084,window_ok,1179.HK,2020-12-07
1085,window_ok,2057.HK,2020-12-07
1086,window_ok,9668.HK,2020-12-07
1087,window_ok,9688.HK,2020-12-07
1088,window_ok,9987.HK,2020-12-07
1089,window_ok,9990.HK,2020-12-07
1090,window_ok,1876.HK,2020-12-07
1091,window_ok,2020.HK,2020-12-07
1092,window_ok,3690.HK,2020-12-07
1093,window_ok,0019.HK,2020-12-07
1094,window_ok,0909.HK,2020-12-07
1095,window_ok,9990.HK,2020-12-07
1096,window_ok,0136.HK,2020-12-07
1097,window_ok,0777.HK,2020-12-07
1098,window_ok,002475.SZ,2021-03-15
1099,window_ok,1810.HK,2021-03-15
1100,window_ok,300750.SZ,2021-03-15
1101,window_ok,300999.SZ,2021-03-15
1102,window_ok,601888.SS,2021-03-15
1103,window_ok,9618.HK,2021-03-15
1104,window_ok,9633.HK,2021-03-15
1105,window_ok,9999.HK,2021-03-15
1106,window_ok,0267.HK,2021-03-15
1107,window_ok,0728.HK,2021-03-15
1108,window_ok,1109.HK,2021-03-15
1109,window_ok,1766.HK,2021-03-15
1110,window_ok,2007.HK,2021-03-15
1111,window_ok,3333.HK,2021-03-15
1112,window_ok,601668.SS,2021-03-15
1113,window_ok,6818.HK,2021-03-15
1114,window_ok,6098.HK,2021-03-15
1115,window_ok,9633.HK,2021-03-15
1116,window_ok,0586.HK,2021-03-15
1117,window_ok,0857.HK,2021-03-15
1118,window_ok,1044.HK,2021-03-15
1119,window_ok,1193.HK,2021-03-15
1120,window_ok,0775.HK,2021-03-15
1121,window_ok,0873.HK,2021-03-15
1122,window_ok,1167.HK,2021-03-15
1123,window_ok,1209.HK,2021-03-15
1124,window_ok,1477.HK,2021-03-15
1125,window_ok,1516.HK,2021-03-15
1126,window_ok,1755.HK,2021-03-15
1127,window_ok,1769.HK,2021-03-15
1128,window_ok,1772.HK,2021-03-15
1129,no_history,1821.HK,2021-03-15
1130,window_ok,1877.HK,2021-03-15
1131,window_ok,1952.HK,2021-03-15
1132,window_ok,1981.HK,2021-03-15
1133,no_history,1992.HK,2021-03-15
1134,window_ok,2096.HK,2021-03-15
1135,window_ok,2126.HK,2021-03-15
1136,window_ok,2142.HK,2021-03-15
1137,no_history,2148.HK,2021-03-15
1138,window_ok,2599.HK,2021-03-15
1139,window_ok,2798.HK,2021-03-15
1140,window_ok,3347.HK,2021-03-15
1141,window_ok,3913.HK,2021-03-15
1142,window_ok,6100.HK,2021-03-15
1143,window_ok,6666.HK,2021-03-15
1144,window_ok,6690.HK,2021-03-15
1145,window_ok,6988.HK,2021-03-15
1146,window_ok,6989.HK,2021-03-15
1147,window_ok,6993.HK,2021-03-15
1148,window_ok,6996.HK,2021-03-15
1149,no_anchor,6998.HK,2021-03-15
1150,window_ok,9666.HK,2021-03-15
1151,window_ok,9698.HK,2021-03-15
1152,window_ok,9991.HK,2021-03-15
1153,window_ok,9992.HK,2021-03-15
1154,window_ok,9993.HK,2021-03-15
1155,window_ok,9995.HK,2021-03-15
1156,window_ok,0035.HK,2021-03-15
1157,window_ok,0041.HK,2021-03-15
1158,window_ok,0120.HK,2021-03-15
1159,window_ok,0178.HK,2021-03-15
1160,window_ok,0323.HK,2021-03-15
1161,window_ok,0327.HK,2021-03-15
1162,window_ok,0347.HK,2021-03-15
1163,window_ok,0467.HK,2021-03-15
1164,window_ok,0468.HK,2021-03-15
1165,window_ok,0496.HK,2021-03-15
1166,window_ok,0563.HK,2021-03-15
1167,window_ok,0598.HK,2021-03-15
1168,window_ok,0686.HK,2021-03-15
1169,window_ok,0698.HK,2021-03-15
1170,window_ok,0808.HK,2021-03-15
1171,no_history,0973.HK,2021-03-15
1172,window_ok,1071.HK,2021-03-15
1173,window_ok,1269.HK,2021-03-15
1174,window_ok,1293.HK,2021-03-15
1175,window_ok,1528.HK,2021-03-15
1176,window_ok,1618.HK,2021-03-15
1177,window_ok,1666.HK,2021-03-15
1178,window_ok,1728.HK,2021-03-15
1179,window_ok,1881.HK,2021-03-15
1180,window_ok,1970.HK,2021-03-15
1181,window_ok,2009.HK,2021-03-15
1182,window_ok,3306.HK,2021-03-15
1183,window_ok,6889.HK,2021-03-15
1184,window_ok,9668.HK,2021-03-15
1185,window_ok,0241.HK,2021-03-15
1186,window_ok,0960.HK,2021-03-15
1187,window_ok,6862.HK,2021-03-15
1188,window_ok,002351.SZ,2021-03-15
1189,window_ok,002850.SZ,2021-03-15
1190,window_ok,002967.SZ,2021-03-15
1191,window_ok,0909.HK,2021-03-15
1192,window_ok,1209.HK,2021-03-15
1193,window_ok,1999.HK,2021-03-15
1194,window_ok,300348.SZ,2021-03-15
1195,window_ok,300737.SZ,2021-03-15
1196,window_ok,6666.HK,2021-03-15
1197,window_ok,6993.HK,2021-03-15
1198,window_ok,9923.HK,2021-03-15
1199,window_ok,002047.SZ,2021-03-15
1200,window_ok,002303.SZ,2021-03-15
1201,window_ok,002611.SZ,2021-03-15
1202,window_ok,002717.SZ,2021-03-15
1203,window_ok,0041.HK,2021-03-15
1204,window_ok,0059.HK,2021-03-15
1205,window_ok,0440.HK,2021-03-15
1206,window_ok,0806.HK,2021-03-15
1207,window_ok,1383.HK,2021-03-15
1208,window_ok,1668.HK,2021-03-15
1209,window_ok,6690.HK,2021-03-15
1210,window_ok,9698.HK,2021-03-15
1211,window_ok,1478.HK,2021-03-15
1212,window_ok,1896.HK,2021-03-15
1213,window_ok,2400.HK,2021-03-15
1214,window_ok,2858.HK,2021-03-15
1215,window_ok,1211.HK,2021-06-07
1216,window_ok,6666.HK,2021-06-07
1217,window_ok,0270.HK,2021-06-07
1218,window_ok,0762.HK,2021-06-07
1219,window_ok,0788.HK,2021-06-07
1220,window_ok,2158.HK,2021-06-07
1221,window_ok,2160.HK,2021-06-07
1222,window_ok,2518.HK,2021-06-07
1223,window_ok,6606.HK,2021-06-07
1224,window_ok,0968.HK,2021-06-07
1225,window_ok,1211.HK,2021-06-07
1226,window_ok,6098.HK,2021-06-07
1227,window_ok,2518.HK,2021-06-07
1228,window_ok,9626.HK,2021-06-07
1229,window_ok,0763.HK,2021-06-07
1230,window_ok,6088.HK,2021-06-07
1231,window_ok,9990.HK,2021-06-07
1232,window_ok,001979.SZ,2021-09-06
1233,window_ok,002460.SZ,2021-09-06
1234,window_ok,002601.SZ,2021-09-06
1235,window_ok,300274.SZ,2021-09-06
1236,window_ok,600588.SS,2021-09-06
1237,no_history,600837.SS,2021-09-06
1238,window_ok,600958.SS,2021-09-06
1239,window_ok,601088.SS,2021-09-06
1240,window_ok,300124.SZ,2021-09-06
1241,window_ok,600183.SS,2021-09-06
1242,window_ok,600377.SS,2021-09-06
1243,window_ok,600690.SS,2021-09-06
1244,window_ok,601727.SS,2021-09-06
1245,window_ok,601808.SS,2021-09-06
1246,window_ok,601988.SS,2021-09-06
1247,window_ok,603019.SS,2021-09-06
1248,window_ok,002714.SZ,2021-09-06
1249,window_ok,1024.HK,2021-09-06
1250,window_ok,1211.HK,2021-09-06
1251,window_ok,601012.SS,2021-09-06
1252,window_ok,6618.HK,2021-09-06
1253,window_ok,9888.HK,2021-09-06
1254,window_ok,0688.HK,2021-09-06
1255,window_ok,0788.HK,2021-09-06
1256,window_ok,0998.HK,2021-09-06
1257,window_ok,1339.HK,2021-09-06
1258,window_ok,1988.HK,2021-09-06
1259,window_ok,600104.SS,2021-09-06
1260,window_ok,000063.SZ,2021-09-06
1261,window_ok,002475.SZ,2021-09-06
1262,window_ok,300999.SZ,2021-09-06
1263,window_ok,600690.SS,2021-09-06
1264,window_ok,600905.SS,2021-09-06
1265,window_ok,601808.SS,2021-09-06
1266,window_ok,601888.SS,2021-09-06
1267,window_ok,601919.SS,2021-09-06
1268,window_ok,603501.SS,2021-09-06
1269,window_ok,688981.SS,2021-09-06
1270,window_ok,000725.SZ,2021-09-06
1271,window_ok,002024.SZ,2021-09-06
1272,window_ok,002304.SZ,2021-09-06
1273,window_ok,600018.SS,2021-09-06
1274,window_ok,600188.SS,2021-09-06
1275,window_ok,600606.SS,2021-09-06
1276,window_ok,600703.SS,2021-09-06
1277,window_ok,600795.SS,2021-09-06
1278,window_ok,601006.SS,2021-09-06
1279,window_ok,601360.SS,2021-09-06
1280,window_ok,601816.SS,2021-09-06
1281,window_ok,000063.SZ,2021-09-06
1282,window_ok,002493.SZ,2021-09-06
1283,window_ok,002714.SZ,2021-09-06
1284,window_ok,300760.SZ,2021-09-06
1285,window_ok,300999.SZ,2021-09-06
1286,window_ok,601012.SS,2021-09-06
1287,window_ok,601066.SS,2021-09-06
1288,window_ok,601919.SS,2021-09-06
1289,window_ok,600029.SS,2021-09-06
1290,window_ok,600115.SS,2021-09-06
1291,window_ok,600188.SS,2021-09-06
1292,window_ok,600340.SS,2021-09-06
1293,window_ok,600383.SS,2021-09-06
1294,window_ok,600886.SS,2021-09-06
1295,window_ok,601111.SS,2021-09-06
1296,window_ok,601607.SS,2021-09-06
1297,window_ok,2331.HK,2021-09-06
1298,window_ok,2618.HK,2021-09-06
1299,window_ok,0813.HK,2021-09-06
1300,window_ok,0914.HK,2021-09-06
1301,window_ok,0013.HK,2021-09-06
1302,no_history,0043.HK,2021-09-06
1303,window_ok,1137.HK,2021-09-06
1304,window_ok,2150.HK,2021-09-06
1305,window_ok,2171.HK,2021-09-06
1306,window_ok,2362.HK,2021-09-06
1307,window_ok,2616.HK,2021-09-06
1308,window_ok,3738.HK,2021-09-06
1309,no_anchor,6600.HK,2021-09-06
1310,window_ok,6601.HK,2021-09-06
1311,window_ok,6608.HK,2021-09-06
1312,window_ok,6699.HK,2021-09-06
1313,window_ok,6865.HK,2021-09-06
1314,window_ok,9858.HK,2021-09-06
1315,window_ok,9939.HK,2021-09-06
1316,window_ok,9959.HK,2021-09-06
1317,window_ok,9961.HK,2021-09-06
1318,window_ok,0315.HK,2021-09-06
1319,window_ok,0548.HK,2021-09-06
1320,window_ok,0874.HK,2021-09-06
1321,window_ok,0978.HK,2021-09-06
1322,window_ok,1119.HK,2021-09-06
1323,window_ok,1138.HK,2021-09-06
1324,window_ok,1383.HK,2021-09-06
1325,window_ok,1508.HK,2021-09-06
1326,no_history,1558.HK,2021-09-06
1327,window_ok,1569.HK,2021-09-06
1328,window_ok,1778.HK,2021-09-06
1329,window_ok,1817.HK,2021-09-06
1330,window_ok,1848.HK,2021-09-06
1331,window_ok,2329.HK,2021-09-06
1332,window_ok,2386.HK,2021-09-06
1333,no_anchor,2768.HK,2021-09-06
1334,window_ok,2877.HK,2021-09-06
1335,window_ok,3836.HK,2021-09-06
1336,window_ok,3958.HK,2021-09-06
1337,no_anchor,6166.HK,2021-09-06
1338,window_ok,6806.HK,2021-09-06
1339,window_ok,6869.HK,2021-09-06
1340,window_ok,0066.HK,2021-09-06
1341,window_ok,0288.HK,2021-09-06
1342,window_ok,0941.HK,2021-09-06
1343,window_ok,1109.HK,2021-09-06
1344,window_ok,1347.HK,2021-09-06
1345,window_ok,1929.HK,2021-09-06
1346,window_ok,2382.HK,2021-09-06
1347,window_ok,0008.HK,2021-09-06
1348,window_ok,0019.HK,2021-09-06
1349,window_ok,0257.HK,2021-09-06
1350,window_ok,0293.HK,2021-09-06
1351,window_ok,0345.HK,2021-09-06
1352,window_ok,0659.HK,2021-09-06
1353,window_ok,0683.HK,2021-09-06
1354,window_ok,0066.HK,2021-09-06
1355,window_ok,0175.HK,2021-09-06
1356,window_ok,0656.HK,2021-09-06
1357,window_ok,0669.HK,2021-09-06
1358,window_ok,0884.HK,2021-09-06
1359,window_ok,1113.HK,2021-09-06
1360,window_ok,1347.HK,2021-09-06
1361,window_ok,2382.HK,2021-09-06
1362,window_ok,2689.HK,2021-09-06
1363,window_ok,3380.HK,2021-09-06
1364,window_ok,6098.HK,2021-09-06
1365,window_ok,0010.HK,2021-09-06
1366,window_ok,0014.HK,2021-09-06
1367,window_ok,0069.HK,2021-09-06
1368,window_ok,0148.HK,2021-09-06
1369,window_ok,0257.HK,2021-09-06
1370,window_ok,0345.HK,2021-09-06
1371,window_ok,0384.HK,2021-09-06
1372,window_ok,0659.HK,2021-09-06
1373,window_ok,0683.HK,2021-09-06
1374,window_ok,2778.HK,2021-09-06
1375,window_ok,3311.HK,2021-09-06
1376,window_ok,0868.HK,2021-09-06
1377,window_ok,2331.HK,2021-09-06
1378,window_ok,3968.HK,2021-09-06
1379,window_ok,3328.HK,2021-09-06
1380,window_ok,0002.HK,2021-09-06
1381,window_ok,000539.SZ,2021-09-06
1382,window_ok,0013.HK,2021-09-06
1383,window_ok,002163.SZ,2021-09-06
1384,window_ok,002240.SZ,2021-09-06
1385,window_ok,003012.SZ,2021-09-06
1386,window_ok,0069.HK,2021-09-06
1387,window_ok,0522.HK,2021-09-06
1388,window_ok,0551.HK,2021-09-06
1389,window_ok,2150.HK,2021-09-06
1390,window_ok,300083.SZ,2021-09-06
1391,window_ok,300832.SZ,2021-09-06
1392,window_ok,300888.SZ,2021-09-06
1393,window_ok,6969.HK,2021-09-06
1394,window_ok,000025.SZ,2021-09-06
1395,window_ok,000070.SZ,2021-09-06
1396,window_ok,002292.SZ,2021-09-06
1397,window_ok,002421.SZ,2021-09-06
1398,no_history,002503.SZ,2021-09-06
1399,window_ok,002600.SZ,2021-09-06
1400,window_ok,0895.HK,2021-09-06
1401,window_ok,1052.HK,2021-09-06
1402,no_history,1558.HK,2021-09-06
1403,window_ok,1908.HK,2021-09-06
1404,window_ok,300377.SZ,2021-09-06
1405,window_ok,300676.SZ,2021-09-06
1406,window_ok,3613.HK,2021-09-06
1407,window_ok,6055.HK,2021-09-06
1408,window_ok,9961.HK,2021-09-06
1409,window_ok,1797.HK,2021-09-06
1410,window_ok,1801.HK,2021-12-06
1411,window_ok,3333.HK,2021-12-06
1412,window_ok,2137.HK,2021-12-06
1413,window_ok,2192.HK,2021-12-06
1414,window_ok,9869.HK,2021-12-06
1415,window_ok,0291.HK,2021-12-06
1416,window_ok,2688.HK,2021-12-06
1417,window_ok,9618.HK,2021-12-06
1418,window_ok,9999.HK,2021-12-06
1419,window_ok,0992.HK,2022-06-13
1420,window_ok,3692.HK,2022-06-13
1421,window_ok,9866.HK,2022-06-13
1422,window_ok,0316.HK,2022-06-13
1423,window_ok,0881.HK,2022-06-13
1424,window_ok,0981.HK,2022-06-13
1425,window_ok,1378.HK,2022-06-13
1426,window_ok,2018.HK,2022-06-13
1427,window_ok,9866.HK,2022-06-13
1428,window_ok,0522.HK,2022-06-13
1429,window_ok,0857.HK,2022-12-05
1430,window_ok,0881.HK,2022-12-05
1431,window_ok,2015.HK,2022-12-05
1432,window_ok,6690.HK,2022-12-05
1433,window_ok,0241.HK,2022-12-05
1434,window_ok,0384.HK,2022-12-05
1435,window_ok,1801.HK,2022-12-05
1436,window_ok,9626.HK,2022-12-05
1437,window_ok,1698.HK,2022-12-05
1438,window_ok,1880.HK,2022-12-05
1439,window_ok,9863.HK,2022-12-05
1440,window_ok,0322.HK,2022-12-05
1441,window_ok,1209.HK,2022-12-05
1442,window_ok,6690.HK,2022-12-05
1443,window_ok,0857.HK,2022-12-05
1444,window_ok,0881.HK,2022-12-05
1445,window_ok,2015.HK,2022-12-05
1446,window_ok,6690.HK,2022-12-05
1447,window_ok,0241.HK,2022-12-05
1448,window_ok,0384.HK,2022-12-05
1449,window_ok,1801.HK,2022-12-05
1450,window_ok,601857.SS,2022-12-05
1451,window_ok,3650.HK,2023-12-04
1452,window_ok,9690.HK,2023-12-04
1453,window_ok,3933.HK,2023-12-04
1454,window_ok,9885.HK,2023-12-04
1455,window_ok,6929.HK,2023-12-04
1456,window_ok,9955.HK,2023-12-04
1457,window_ok,2015.HK,2023-12-04
1458,window_ok,2359.HK,2023-12-04
1459,window_ok,0762.HK,2024-03-04
1460,window_ok,0881.HK,2024-03-04
1461,window_ok,0412.HK,2024-03-04
1462,window_ok,0666.HK,2024-03-04
1463,window_ok,0813.HK,2024-03-04
1464,window_ok,0884.HK,2024-03-04
1465,window_ok,0921.HK,2024-03-04
1466,no_history,1381.HK,2024-03-04
1467,window_ok,1519.HK,2024-03-04
1468,window_ok,1541.HK,2024-03-04
1469,window_ok,1735.HK,2024-03-04
1470,window_ok,1963.HK,2024-03-04
1471,window_ok,1969.HK,2024-03-04
1472,window_ok,2169.HK,2024-03-04
1473,window_ok,2268.HK,2024-03-04
1474,window_ok,2429.HK,2024-03-04
1475,window_ok,2511.HK,2024-03-04
1476,window_ok,2517.HK,2024-03-04
1477,window_ok,2877.HK,2024-03-04
1478,window_ok,6666.HK,2024-03-04
1479,window_ok,6682.HK,2024-03-04
1480,window_ok,6683.HK,2024-03-04
1481,window_ok,6990.HK,2024-03-04
1482,window_ok,9638.HK,2024-03-04
1483,window_ok,9676.HK,2024-03-04
1484,window_ok,9880.HK,2024-03-04
1485,window_ok,9890.HK,2024-03-04
1486,window_ok,3877.HK,2024-03-04
1487,window_ok,6610.HK,2024-03-04
1488,window_ok,6878.HK,2024-03-04
1489,window_ok,6929.HK,2024-03-04
1490,window_ok,9930.HK,2024-03-04
1491,window_ok,9939.HK,2024-03-04
1492,window_ok,9985.HK,2024-03-04
1493,window_ok,1513.HK,2024-03-04
1494,window_ok,2268.HK,2024-03-04
1495,window_ok,0512.HK,2024-03-04
1496,window_ok,6185.HK,2024-03-04
1497,window_ok,000333.SZ,2024-03-04
1498,window_ok,0762.HK,2024-03-04
1499,window_ok,0881.HK,2024-03-04
1500,window_ok,600438.SS,2024-03-04
1501,window_ok,001323.SZ,2024-03-04
1502,window_ok,1735.HK,2024-03-04
1503,window_ok,1942.HK,2024-03-04
1504,window_ok,301510.SZ,2024-03-04
1505,window_ok,6666.HK,2024-03-04
1506,window_ok,688114.SS,2024-03-04
1507,window_ok,688318.SS,2024-03-04
1508,window_ok,9880.HK,2024-03-04
1509,window_ok,9885.HK,2024-03-04
1510,window_ok,000078.SZ,2024-03-04
1511,window_ok,000893.SZ,2024-03-04
1512,window_ok,002163.SZ,2024-03-04
1513,window_ok,002670.SZ,2024-03-04
1514,window_ok,0336.HK,2024-03-04
1515,window_ok,1686.HK,2024-03-04
1516,window_ok,2150.HK,2024-03-04
1517,window_ok,300671.SZ,2024-03-04
1518,window_ok,3319.HK,2024-03-04
1519,window_ok,0780.HK,2024-03-04
1520,window_ok,9698.HK,2024-03-04
1521,window_ok,2899.HK,2024-06-11
1522,window_ok,0968.HK,2024-06-11
1523,window_ok,2498.HK,2024-06-11
1524,no_anchor,6600.HK,2024-06-11
1525,window_ok,6855.HK,2024-06-11
1526,window_ok,6990.HK,2024-06-11
1527,window_ok,0314.HK,2024-06-11
1528,window_ok,9886.HK,2024-06-11
1529,no_history,9997.HK,2024-06-11
1530,window_ok,0285.HK,2024-06-11
1531,window_ok,6098.HK,2024-06-11
1532,window_ok,2899.HK,2024-06-11
1533,window_ok,601319.SS,2024-06-11
1534,window_ok,601998.SS,2024-06-11
1535,window_ok,0968.HK,2024-06-11
1536,window_ok,601633.SS,2024-06-11
1537,window_ok,601899.SS,2024-06-11
1538,window_ok,0567.HK,2024-09-09
1539,window_ok,0655.HK,2024-09-09
1540,no_history,0801.HK,2024-09-09
1541,no_history,1311.HK,2024-09-09
1542,window_ok,1788.HK,2024-09-09
1543,window_ok,1857.HK,2024-09-09
1544,window_ok,1865.HK,2024-09-09
1545,window_ok,1939.HK,2024-09-09
1546,no_history,3259.HK,2024-09-09
1547,no_history,88187.HK,2024-09-09
1548,no_history,88707.HK,2024-09-09
1549,window_ok,0016.HK,2024-09-09
1550,window_ok,0008.HK,2024-09-09
1551,window_ok,0048.HK,2024-09-09
1552,window_ok,0124.HK,2024-09-09
1553,window_ok,0333.HK,2024-09-09
1554,window_ok,0347.HK,2024-09-09
1555,window_ok,0759.HK,2024-09-09
1556,window_ok,0760.HK,2024-09-09
1557,window_ok,0825.HK,2024-09-09
1558,window_ok,2129.HK,2024-09-09
1559,window_ok,2352.HK,2024-09-09
1560,window_ok,0029.HK,2024-09-09
1561,window_ok,0104.HK,2024-09-09
1562,window_ok,0115.HK,2024-09-09
1563,window_ok,0380.HK,2024-09-09
1564,window_ok,0588.HK,2024-09-09
1565,window_ok,0732.HK,2024-09-09
1566,window_ok,0919.HK,2024-09-09
1567,no_anchor,0999.HK,2024-09-09
1568,window_ok,1088.HK,2024-09-09
1569,window_ok,1108.HK,2024-09-09
1570,window_ok,2236.HK,2024-09-09
1571,window_ok,3993.HK,2024-09-09
1572,window_ok,300750.SZ,2024-09-09
1573,window_ok,600028.SS,2024-09-09
1574,window_ok,600600.SS,2024-09-09
1575,window_ok,601318.SS,2024-09-09
1576,window_ok,601808.SS,2024-09-09
1577,window_ok,601899.SS,2024-09-09
1578,window_ok,000776.SZ,2024-09-09
1579,window_ok,002179.SZ,2024-09-09
1580,window_ok,600030.SS,2024-09-09
1581,window_ok,600104.SS,2024-09-09
1582,window_ok,600547.SS,2024-09-09
1583,window_ok,601012.SS,2024-09-09
1584,window_ok,000568.SZ,2024-09-09
1585,window_ok,300122.SZ,2024-09-09
1586,window_ok,600938.SS,2024-09-09
1587,window_ok,601600.SS,2024-09-09
1588,window_ok,603993.SS,2024-09-09
1589,window_ok,688036.SS,2024-09-09
1590,window_ok,002493.SZ,2024-09-09
1591,window_ok,600188.SS,2024-09-09
1592,window_ok,600196.SS,2024-09-09
1593,window_ok,600346.SS,2024-09-09
1594,window_ok,603288.SS,2024-09-09
1595,window_ok,603501.SS,2024-09-09
1596,window_ok,1519.HK,2024-09-09
1597,window_ok,9901.HK,2024-09-09
1598,window_ok,0020.HK,2024-09-09
1599,window_ok,2618.HK,2024-09-09
1600,window_ok,0010.HK,2024-09-09
1601,window_ok,0173.HK,2024-09-09
1602,window_ok,0317.HK,2024-09-09
1603,window_ok,0598.HK,2024-09-09
1604,no_history,0906.HK,2024-09-09
1605,no_anchor,0917.HK,2024-09-09
1606,window_ok,0975.HK,2024-09-09
1607,window_ok,1071.HK,2024-09-09
1608,window_ok,1274.HK,2024-09-09
1609,window_ok,1277.HK,2024-09-09
1610,window_ok,1341.HK,2024-09-09
1611,window_ok,1405.HK,2024-09-09
1612,no_history,1558.HK,2024-09-09
1613,window_ok,1709.HK,2024-09-09
1614,window_ok,1773.HK,2024-09-09
1615,window_ok,1836.HK,2024-09-09
1616,window_ok,1855.HK,2024-09-09
1617,window_ok,1921.HK,2024-09-09
1618,window_ok,2016.HK,2024-09-09
1619,window_ok,2039.HK,2024-09-09
1620,window_ok,2155.HK,2024-09-09
1621,window_ok,2228.HK,2024-09-09
1622,window_ok,2356.HK,2024-09-09
1623,window_ok,2386.HK,2024-09-09
1624,window_ok,2419.HK,2024-09-09
1625,window_ok,2443.HK,2024-09-09
1626,window_ok,2453.HK,2024-09-09
1627,window_ok,2459.HK,2024-09-09
1628,window_ok,2550.HK,2024-09-09
1629,window_ok,2555.HK,2024-09-09
1630,window_ok,2556.HK,2024-09-09
1631,window_ok,2602.HK,2024-09-09
1632,window_ok,3306.HK,2024-09-09
1633,window_ok,3877.HK,2024-09-09
1634,window_ok,6181.HK,2024-09-09
1635,window_ok,6963.HK,2024-09-09
1636,window_ok,9699.HK,2024-09-09
1637,window_ok,9899.HK,2024-09-09
1638,window_ok,0120.HK,2024-09-09
1639,window_ok,0302.HK,2024-09-09
1640,window_ok,0520.HK,2024-09-09
1641,window_ok,0650.HK,2024-09-09
1642,window_ok,0697.HK,2024-09-09
1643,window_ok,0813.HK,2024-09-09
1644,window_ok,0933.HK,2024-09-09
1645,window_ok,1176.HK,2024-09-09
1646,window_ok,1238.HK,2024-09-09
1647,window_ok,1244.HK,2024-09-09
1648,window_ok,1521.HK,2024-09-09
1649,window_ok,1563.HK,2024-09-09
1650,window_ok,1668.HK,2024-09-09
1651,window_ok,1765.HK,2024-09-09
1652,window_ok,1877.HK,2024-09-09
1653,window_ok,1890.HK,2024-09-09
1654,window_ok,2138.HK,2024-09-09
1655,window_ok,2160.HK,2024-09-09
1656,window_ok,2257.HK,2024-09-09
1657,window_ok,2415.HK,2024-09-09
1658,window_ok,2416.HK,2024-09-09
1659,window_ok,3377.HK,2024-09-09
1660,window_ok,6100.HK,2024-09-09
1661,window_ok,6185.HK,2024-09-09
1662,window_ok,9668.HK,2024-09-09
1663,window_ok,9857.HK,2024-09-09
1664,window_ok,9877.HK,2024-09-09
1665,window_ok,9886.HK,2024-09-09
1666,window_ok,9955.HK,2024-09-09
1667,window_ok,0010.HK,2024-09-09
1668,window_ok,0123.HK,2024-09-09
1669,window_ok,0144.HK,2024-09-09
1670,window_ok,0267.HK,2024-09-09
1671,window_ok,0384.HK,2024-09-09
1672,window_ok,0700.HK,2024-09-09
1673,window_ok,0884.HK,2024-09-09
1674,window_ok,1044.HK,2024-09-09
1675,window_ok,2020.HK,2024-09-09
1676,window_ok,2269.HK,2024-09-09
1677,window_ok,2727.HK,2024-09-09
1678,window_ok,3899.HK,2024-09-09
1679,window_ok,0069.HK,2024-09-09
1680,window_ok,0165.HK,2024-09-09
1681,window_ok,0215.HK,2024-09-09
1682,window_ok,0489.HK,2024-09-09
1683,window_ok,0762.HK,2024-09-09
1684,window_ok,0960.HK,2024-09-09
1685,window_ok,2208.HK,2024-09-09
1686,window_ok,6818.HK,2024-09-09
1687,window_ok,0008.HK,2024-09-09
1688,window_ok,0688.HK,2024-09-09
1689,window_ok,2378.HK,2024-09-09
1690,window_ok,0017.HK,2024-09-09
1691,window_ok,0656.HK,2024-09-09
1692,window_ok,1347.HK,2024-09-09
1693,window_ok,0123.HK,2024-09-09
1694,window_ok,0144.HK,2024-09-09
1695,window_ok,0700.HK,2024-09-09
1696,window_ok,2018.HK,2024-09-09
1697,window_ok,2269.HK,2024-09-09
1698,window_ok,2282.HK,2024-09-09
1699,window_ok,0656.HK,2024-09-09
1700,window_ok,0683.HK,2024-09-09
1701,window_ok,0762.HK,2024-09-09
1702,window_ok,1691.HK,2024-09-09
1703,window_ok,2202.HK,2024-09-09
1704,window_ok,2689.HK,2024-09-09
1705,no_history,1558.HK,2024-09-09
1706,window_ok,6660.HK,2024-09-09
1707,window_ok,1519.HK,2024-09-09
1708,window_ok,600406.SS,2024-09-09
1709,window_ok,601225.SS,2024-09-09
1710,window_ok,0020.HK,2024-09-09
1711,window_ok,2618.HK,2024-09-09
1712,window_ok,300015.SZ,2024-09-09
1713,window_ok,000060.SZ,2024-09-09
1714,window_ok,000893.SZ,2024-09-09
1715,window_ok,1415.HK,2024-09-09
1716,window_ok,2018.HK,2024-09-09
1717,window_ok,2228.HK,2024-09-09
1718,window_ok,2498.HK,2024-09-09
1719,window_ok,2602.HK,2024-09-09
1720,window_ok,300735.SZ,2024-09-09
1721,window_ok,3899.HK,2024-09-09
1722,window_ok,3933.HK,2024-09-09
1723,window_ok,688177.SS,2024-09-09
1724,window_ok,688343.SS,2024-09-09
1725,no_anchor,688361.SS,2024-09-09
1726,window_ok,688525.SS,2024-09-09
1727,window_ok,6963.HK,2024-09-09
1728,window_ok,9890.HK,2024-09-09
1729,window_ok,002191.SZ,2024-09-09
1730,window_ok,002429.SZ,2024-09-09
1731,window_ok,002967.SZ,2024-09-09
1732,window_ok,0200.HK,2024-09-09
1733,window_ok,0314.HK,2024-09-09
1734,window_ok,0345.HK,2024-09-09
1735,window_ok,0558.HK,2024-09-09
1736,window_ok,1268.HK,2024-09-09
1737,window_ok,1942.HK,2024-09-09
1738,window_ok,300737.SZ,2024-09-09
1739,window_ok,300973.SZ,2024-09-09
1740,window_ok,3990.HK,2024-09-09
1741,window_ok,6666.HK,2024-09-09
1742,window_ok,6969.HK,2024-09-09
1743,window_ok,9869.HK,2024-09-09
1744,window_ok,9926.HK,2024-09-09
1745,window_ok,0522.HK,2024-09-09
1746,window_ok,1833.HK,2024-09-09
1747,window_ok,2328.HK,2024-12-09
1748,window_ok,0960.HK,2024-12-09
1749,window_ok,0300.HK,2024-12-09
1750,window_ok,2533.HK,2024-12-09
1751,window_ok,0512.HK,2024-12-09
1752,window_ok,2228.HK,2024-12-09
1753,window_ok,6086.HK,2024-12-09
1754,window_ok,1244.HK,2024-12-09
1755,window_ok,2171.HK,2024-12-09
1756,window_ok,3759.HK,2024-12-09
1757,window_ok,1024.HK,2024-12-09
1758,window_ok,9901.HK,2024-12-09
1759,window_ok,0017.HK,2024-12-09
1760,window_ok,0300.HK,2024-12-09
1761,window_ok,9898.HK,2024-12-09
1762,window_ok,1302.HK,2025-03-10
1763,window_ok,1541.HK,2025-03-10
1764,window_ok,2057.HK,2025-03-10
1765,window_ok,6160.HK,2025-03-10
1766,window_ok,1177.HK,2025-03-10
1767,window_ok,2331.HK,2025-03-10
1768,window_ok,0041.HK,2025-03-10
1769,window_ok,0308.HK,2025-03-10
1770,window_ok,0697.HK,2025-03-10
1771,window_ok,0999.HK,2025-03-10
1772,window_ok,1318.HK,2025-03-10
1773,window_ok,2232.HK,2025-03-10
1774,window_ok,2410.HK,2025-03-10
1775,window_ok,2431.HK,2025-03-10
1776,window_ok,2432.HK,2025-03-10
1777,window_ok,2460.HK,2025-03-10
1778,window_ok,2506.HK,2025-03-10
1779,window_ok,2507.HK,2025-03-10
1780,window_ok,2510.HK,2025-03-10
1781,window_ok,2522.HK,2025-03-10
1782,window_ok,2562.HK,2025-03-10
1783,window_ok,2563.HK,2025-03-10
1784,window_ok,2570.HK,2025-03-10
1785,window_ok,2577.HK,2025-03-10
1786,window_ok,2582.HK,2025-03-10
1787,window_ok,2586.HK,2025-03-10
1788,window_ok,2587.HK,2025-03-10
1789,window_ok,2778.HK,2025-03-10
1790,window_ok,2799.HK,2025-03-10
1791,window_ok,3931.HK,2025-03-10
1792,window_ok,3939.HK,2025-03-10
1793,window_ok,6086.HK,2025-03-10
1794,window_ok,6623.HK,2025-03-10
1795,window_ok,9660.HK,2025-03-10
1796,window_ok,9985.HK,2025-03-10
1797,window_ok,0095.HK,2025-03-10
1798,window_ok,0338.HK,2025-03-10
1799,window_ok,0410.HK,2025-03-10
1800,window_ok,0659.HK,2025-03-10
1801,window_ok,0743.HK,2025-03-10
1802,window_ok,0806.HK,2025-03-10
1803,window_ok,0884.HK,2025-03-10
1804,window_ok,1119.HK,2025-03-10
1805,window_ok,1268.HK,2025-03-10
1806,window_ok,1385.HK,2025-03-10
1807,window_ok,1468.HK,2025-03-10
1808,window_ok,1541.HK,2025-03-10
1809,window_ok,1600.HK,2025-03-10
1810,window_ok,1799.HK,2025-03-10
1811,window_ok,1942.HK,2025-03-10
1812,window_ok,2105.HK,2025-03-10
1813,window_ok,2121.HK,2025-03-10
1814,window_ok,2150.HK,2025-03-10
1815,window_ok,2171.HK,2025-03-10
1816,window_ok,2390.HK,2025-03-10
1817,window_ok,2407.HK,2025-03-10
1818,window_ok,2411.HK,2025-03-10
1819,window_ok,2487.HK,2025-03-10
1820,window_ok,2511.HK,2025-03-10
1821,window_ok,2678.HK,2025-03-10
1822,window_ok,3309.HK,2025-03-10
1823,window_ok,3347.HK,2025-03-10
1824,window_ok,3383.HK,2025-03-10
1825,window_ok,3650.HK,2025-03-10
1826,window_ok,3669.HK,2025-03-10
1827,window_ok,3759.HK,2025-03-10
1828,window_ok,6639.HK,2025-03-10
1829,window_ok,6660.HK,2025-03-10
1830,window_ok,6698.HK,2025-03-10
1831,window_ok,9638.HK,2025-03-10
1832,window_ok,9669.HK,2025-03-10
1833,window_ok,9869.HK,2025-03-10
1834,window_ok,9959.HK,2025-03-10
1835,window_ok,9966.HK,2025-03-10
1836,window_ok,9995.HK,2025-03-10
1837,window_ok,9996.HK,2025-03-10
1838,window_ok,1698.HK,2025-03-10
1839,window_ok,9660.HK,2025-03-10
1840,window_ok,1797.HK,2025-03-10
1841,window_ok,6060.HK,2025-03-10
1842,window_ok,2410.HK,2025-06-09
1843,no_history,9997.HK,2025-06-09
1844,window_ok,9966.HK,2025-06-09
1845,window_ok,9995.HK,2025-06-09
1846,window_ok,0325.HK,2025-06-09
1847,window_ok,1364.HK,2025-06-09
1848,window_ok,2097.HK,2025-06-09
1849,window_ok,0300.HK,2025-06-09
1850,window_ok,2057.HK,2025-06-09
1851,window_ok,1211.HK,2025-06-09
1852,window_ok,0772.HK,2025-06-09
1853,window_ok,1378.HK,2025-12-08
1854,window_ok,1801.HK,2025-12-08
1855,window_ok,9987.HK,2025-12-08
1856,window_ok,2688.HK,2025-12-08
1857,window_ok,6862.HK,2025-12-08
1858,window_ok,9901.HK,2025-12-08
1859,window_ok,1828.HK,2025-12-08
1860,window_ok,2525.HK,2025-12-08
1861,window_ok,2580.HK,2025-12-08
1862,window_ok,2590.HK,2025-12-08
1863,window_ok,2591.HK,2025-12-08
1864,window_ok,9973.HK,2025-12-08
1865,window_ok,002371.SZ,2025-12-08
1866,window_ok,1378.HK,2025-12-08
1867,window_ok,1801.HK,2025-12-08
1868,window_ok,9987.HK,2025-12-08
1869,window_ok,2688.HK,2025-12-08
1870,window_ok,600025.SS,2025-12-08
1871,window_ok,600887.SS,2025-12-08
1872,window_ok,6862.HK,2025-12-08
1873,window_ok,1801.HK,2025-12-08
1874,window_ok,9863.HK,2025-12-08
1875,window_ok,0522.HK,2025-12-08
1876,window_ok,2423.HK,2026-03-09
1877,window_ok,300308.SZ,2026-03-09
1878,window_ok,601211.SS,2026-03-09
1879,window_ok,9660.HK,2026-03-09
1880,window_ok,000568.SZ,2026-03-09
1881,window_ok,0291.HK,2026-03-09
1882,window_ok,2319.HK,2026-03-09
1883,window_ok,600406.SS,2026-03-09
