change_type,event_day,n_events,avg_daily_ret,med_daily_ret,avg_cum_ret,med_cum_ret
Exclusion,-60,290,,,0.05755489609126565,0.01491226848674665
Exclusion,-59,290,-0.00868402587906915,-0.007905273164321047,0.046400247772685865,0.010953028808970977
Exclusion,-58,290,-0.005560907743640242,0.0,0.0403601312159839,0.006509163673324991
Exclusion,-57,290,-0.005128363658612638,-0.003143403087556451,0.03345963392078027,0.0048517922705687555
Exclusion,-56,290,0.0032380834361502983,0.0021372792306481037,0.03625992153354724,0.011430011117159355
Exclusion,-55,290,0.0025201345534364736,0.0007954050972586169,0.03804741236839,0.013306377844279349
Exclusion,-54,290,-0.004360179948102674,-0.0009205242561342586,0.032446213766728745,0.00773766036995005
Exclusion,-53,290,-0.004313209761767394,-0.005069723835718076,0.0273173662973493,0.0
Exclusion,-52,290,-0.0034572003401201704,-0.0031665732017516213,0.023181183106526882,0.002129787847687692
Exclusion,-51,290,-0.005296988982871424,-0.004525271239234463,0.016870095447679995,-0.0033476263650445426
Exclusion,-50,290,0.00036937039620611034,-0.0016551881242827249,0.016647130052849526,-0.005635125572421629
Exclusion,-49,290,-0.00010044697271705327,0.0,0.01596611771949801,-0.0023179989693066227
Exclusion,-48,290,0.00023432263308445674,0.0,0.015763785139236437,-0.001766684645409411
Exclusion,-47,290,-0.006384538928820089,-0.005148014649789423,0.008549564434506288,-0.00865932818730808
Exclusion,-46,290,-0.0029196696462367526,-0.002182764379406621,0.004810730250453467,-0.009520546938151353
Exclusion,-45,290,0.002673534416968621,0.0,0.007148989413707938,-0.012715420529036292
Exclusion,-44,290,0.0009734389342466172,0.0,0.0076683443046995075,-0.008100648678877775
Exclusion,-43,290,-0.002875065667385929,-0.00023125058929202025,0.00445855317263949,-0.004862957933233492
Exclusion,-42,290,-0.00317174426276825,-0.0013509104649339077,0.0008246923130993886,-0.008489285311243489
Exclusion,-41,290,0.00531340692303078,0.003240773388464069,0.005137877406184888,-0.010200492084779134
Exclusion,-40,290,0.003761172326738015,0.0,0.008425930568833999,-0.008964903141886527
Exclusion,-39,290,0.004624334831185608,0.0015464791164235825,0.01227833929074909,-0.007294601815706903
Exclusion,-38,290,0.0008203597232362839,0.0,0.012541030551117837,-0.005364096114315986
Exclusion,-37,290,0.0013978454430568657,0.0,0.013634614023316314,-0.00838463239058429
Exclusion,-36,290,-0.0009321278076349342,-0.0035822422167196,0.01216306516500705,-0.000925947102335678
Exclusion,-35,290,0.0059797769923389575,0.0038216888757066636,0.017677039924872875,0.006460745302583559
Exclusion,-34,290,-0.0025570760883946355,-0.0006257667291070801,0.01463071547684533,0.0020421679531592574
Exclusion,-33,290,0.003343993690885241,0.003254850054219771,0.01629223633325202,0.009854777957974514
Exclusion,-32,290,0.005217552957155552,0.000695393043469883,0.020613937165388178,0.011807028467623604
Exclusion,-31,290,0.0014595640758436395,0.0,0.02164351705478193,0.014372118355364338
Exclusion,-30,290,0.000780719011721797,0.0,0.021816576244066067,0.011845084628346325
Exclusion,-29,290,-0.0010408807462874876,0.0,0.02017926715527345,0.015619472235212761
Exclusion,-28,290,-0.0033386218680560957,0.0,0.016105517881771107,0.016645108094876848
Exclusion,-27,290,-0.004517229494678839,-0.003917311209361896,0.010799250750839644,0.008589557132444692
Exclusion,-26,290,-0.003669237672038974,-0.005477745919459098,0.006400298582406664,0.005633854963237206
Exclusion,-25,290,-0.005855043592267571,-0.0050729694359945565,4.282069635221624e-06,0.0
Exclusion,-24,290,-0.005643872778718137,-0.0016454952566530845,-0.006456661074425887,-0.006317398937922047
Exclusion,-23,290,0.0029430150398995197,0.0016024633731350768,-0.0036660025376285587,0.0
Exclusion,-22,290,-0.0017030069573270063,-0.001781798267471213,-0.005784690145729311,-0.007075532440943388
Exclusion,-21,290,0.005006990000510279,0.003053610163354037,-0.0009865027677573748,-0.0033500382076639412
Exclusion,-20,290,-0.003538859159787732,-0.0027791855906043605,-0.00487813231843932,-0.0017484817062680125
Exclusion,-19,290,0.0014444906970234829,0.0,-0.004670241135045588,-0.005228913741066155
Exclusion,-18,290,-0.0017951701384778258,0.0,-0.00714867509717914,-0.006989300884022442
Exclusion,-17,290,-0.004022850387430767,-0.0015177392127127542,-0.011996583695542705,-0.0120567288423023
Exclusion,-16,290,-0.0048822403475577624,-0.0031449309202460918,-0.01752302017692502,-0.01526806208411452
Exclusion,-15,290,-0.007331433732678744,-0.004807216664358571,-0.024896884214629496,-0.023434988457552486
Exclusion,-14,290,0.014474771533717826,0.012841150827028747,-0.0117362011572793,-0.012596802925006867
Exclusion,-13,290,-0.0006864777906598689,0.0,-0.012578593266319585,-0.011123480560159882
Exclusion,-12,290,0.0009440999363082491,0.0,-0.011764055167653893,-0.011578071380800137
Exclusion,-11,290,0.00208287346131831,0.0,-0.0099051014908304,-0.008367093781637247
Exclusion,-10,290,0.0012181350250624378,0.0,-0.009347829608965443,-0.006746262838638051
Exclusion,-9,290,0.008205706143296266,0.005589651821771735,-0.0013113562434839486,0.0
Exclusion,-8,290,0.004457716489913495,0.002364263774551789,0.002506407220857641,0.0034321325212972598
Exclusion,-7,290,-0.0008736664799849661,0.0,0.0012642501416137146,0.002525250092658027
Exclusion,-6,290,-0.0036896825085978337,-0.005606472136919227,-0.002891858369805293,-0.0024264152872280897
Exclusion,-5,290,0.0040970535547384815,0.0029045118322971186,0.0005945874209239839,0.004255064966004807
Exclusion,-4,290,0.0027510249107538447,0.00160100548717923,0.002537485283168837,0.0032132584653676854
Exclusion,-3,290,0.0023464930098806426,0.0005330612345324504,0.004612014001050906,0.0061971876687836325
Exclusion,-2,290,0.00027313104100588415,-0.0008849759923044154,0.00413145733671876,0.003018013235790873
Exclusion,-1,290,-0.0001671886342579964,-0.0016212405195041857,0.003332862288989498,0.0
Exclusion,0,290,-0.00256383621042786,0.0,0.0,0.0
Exclusion,1,290,-0.002690933886802327,-0.00275322164746189,-0.002690933886802327,-0.00275322164746189
Exclusion,2,290,-0.0008237960409288396,0.0,-0.003447431815289487,-0.002680981846695074
Exclusion,3,290,-0.000896604732784078,-0.0013479311906373637,-0.004390982842424364,-0.001124500931624639
Exclusion,4,290,0.004668548043724494,0.003058215478444204,6.469447003821487e-05,0.0
Exclusion,5,290,0.004342792886459366,0.002270975762196703,0.0043919892268363585,0.0
Exclusion,6,290,-0.0015196871994613067,-0.0023855113552463947,0.0029347850882719237,-0.0024701260627956745
Exclusion,7,290,0.001854088274909715,0.0,0.004349170098578504,0.0
Exclusion,8,290,0.0025559995445111603,0.0,0.006765007791926845,-0.001263810959409195
Exclusion,9,290,0.0016622084052564225,0.0,0.008310639820179995,0.0
Exclusion,10,290,0.0036726590605205642,0.0023952106907336734,0.012026522404967037,0.00492390295334022
Exclusion,11,290,-0.00504063719630527,-0.005418029759497234,0.007070336729358469,0.0
Exclusion,12,290,-0.0005412688718879187,0.0,0.006531467745951244,0.0009460064219259934
Exclusion,13,290,-0.00046802271745200635,0.0,0.005841527596219989,0.0
Exclusion,14,290,-0.0030413318893241933,-0.002865326772473087,0.002907886659901313,0.0
Exclusion,15,290,-0.006250491355119677,-0.006510907133148169,-0.0037245609485949682,-0.008296177115202086
Exclusion,16,290,0.000462120080187666,-0.0016027453045622808,-0.003065792434300945,-0.01202752791516215
Exclusion,17,290,-0.00019038972506099517,0.0010852693466815166,-0.0033960865824804428,-0.012036137817554471
Exclusion,18,290,-0.0012455472365338481,0.0,-0.004544212671850651,-0.018513070036084156
Exclusion,19,290,-0.00021808284188124086,-0.0012577493365627523,-0.004553523862306207,-0.01722496771392018
Exclusion,20,290,0.002436230926244074,0.0,-0.0021208745238015052,-0.015376789128045076
Exclusion,21,290,0.0007844201797763006,0.0,-0.0012102810959504484,-0.01479653398755476
Exclusion,22,290,-0.004921509209033187,-0.0031061882610853853,-0.006112927508065258,-0.014618961277289455
Exclusion,23,290,-0.0011453529499460032,-0.0016689938936196858,-0.00775886308349167,-0.01734848169068548
Exclusion,24,290,0.003423058231293096,0.0014447447311982664,-0.004391795780884031,-0.016782391131938856
Exclusion,25,290,0.002693968900289741,0.0,-0.0018075213623362132,-0.013636508081488807
Exclusion,26,290,-0.0022826450730790075,-0.0017167520699715721,-0.004093409888239237,-0.014006998029777895
Exclusion,27,290,0.004080497511007815,0.0,-0.00015860449354427147,-0.010100957665121868
Exclusion,28,290,0.0014607982671185193,0.0,0.0012127372183987474,-0.012146613976037557
Exclusion,29,290,-0.006459006879864889,-0.005284020080284779,-0.005443474435284018,-0.017678833687822082
Exclusion,30,290,-0.0015410825874214212,0.0,-0.00697524520233186,-0.019289930263350408
Exclusion,31,290,-0.0034419415823784103,-0.0017292418499442186,-0.010610054911803302,-0.01992594813408116
Exclusion,32,290,-0.0011953314251674418,-0.0015965728087783404,-0.011756372716410338,-0.020547230364404645
Exclusion,33,290,-0.00237209453605438,-0.0015792271187086704,-0.013724850013033113,-0.022393462490774285
Exclusion,34,290,0.0034618707986216373,0.00403109522660805,-0.010393761922568193,-0.022240261927390814
Exclusion,35,290,0.0006248179819523667,0.0,-0.010201653069748042,-0.020803643845857034
Exclusion,36,290,0.0009875813937023433,0.0,-0.009525612302906236,-0.0194819301400323
Exclusion,37,290,0.0002491729137466651,-0.00152071105066226,-0.00991468219731131,-0.01945306295140048
Exclusion,38,290,-0.0010531825272543812,0.0,-0.011283366514247266,-0.020033518739798306
Exclusion,39,290,5.065611114981873e-05,-0.0011123725402044649,-0.011321471171556503,-0.01895583426823938
Exclusion,40,290,-0.0017048365465839165,0.0,-0.01301137725680609,-0.021901605720334394
Exclusion,41,290,0.001968272004233257,0.000888052097063885,-0.010822919203873254,-0.017588034004628994
Exclusion,42,290,0.0006685415164406794,0.0,-0.01025255061465085,-0.0185386550417323
Exclusion,43,290,0.0036298476411353716,0.0026173384114722698,-0.006845188421474618,-0.018561745023559506
Exclusion,44,290,-0.0011923592302192979,-0.003523888894054361,-0.008049836129626056,-0.01808280607647028
Exclusion,45,290,0.0013906844407471839,0.0,-0.006687586967030242,-0.019824013921382944
Exclusion,46,290,-0.0025845344401177832,-0.0006412338574990906,-0.009599322602462384,-0.015730570306518532
Exclusion,47,290,0.0015945279369539,0.0,-0.007978897770630381,-0.017951660923868573
Exclusion,48,290,-0.0007405985599764085,-0.002149461588511481,-0.008872501233051108,-0.020190208065825277
Exclusion,49,290,-0.0063798779198292145,-0.004286931895912838,-0.01457172635919077,-0.022108267296982398
Exclusion,50,290,0.004332697970980004,0.0037488281820905467,-0.01053008119323834,-0.02174334940025041
Exclusion,51,290,0.001706932966103693,0.0,-0.008818991000543206,-0.024399845591216662
Exclusion,52,290,0.0008498562264720892,-0.00047082057389824516,-0.00794505667936117,-0.020907312485779483
Exclusion,53,290,0.00010058545532244427,0.0,-0.007858022189828673,-0.0196407540996848
Exclusion,54,290,-0.0004173254204368698,0.0,-0.00776781713918004,-0.01944915408712472
Exclusion,55,290,0.005501997498953255,0.0037175405059381994,-0.002657313893643317,-0.015167816963852832
Exclusion,56,290,-0.00015769843012223628,0.0,-0.003062676966245728,-0.016056084878617316
Exclusion,57,290,-0.002271226530902728,-0.002412698273407954,-0.005445739428768596,-0.022576251720245466
Exclusion,58,290,0.0021082335815039072,0.0,-0.0035263361511781166,-0.02045211010473791
Exclusion,59,290,-0.001687351396147884,-0.0004521974819546304,-0.005248297648621804,-0.0237267992996274
Exclusion,60,290,0.0007591929752311745,0.0,-0.005056203708098323,-0.023447217217532013
Inclusion,-60,971,,,0.04348370152182391,-0.007812529685906622
Inclusion,-59,976,-0.0031280569084055337,-0.0030457162615006306,0.03611008820384922,-0.013431585435139615
Inclusion,-58,979,-0.0016406092026821982,-0.0009942311575374951,0.03364952275167012,-0.018404938605218746
Inclusion,-57,982,-0.001845439792454531,-0.0002950482614053618,0.030711727283775584,-0.019682553598852293
Inclusion,-56,985,0.0077173984316823,0.005503459129467481,0.037883882999973514,-0.012371102559197822
Inclusion,-55,990,0.006532985448892756,0.003401357234227742,0.04360747118679255,-0.006616738142108447
Inclusion,-54,992,5.618073059487904e-05,0.0,0.0417264097384115,-0.004612566786952432
Inclusion,-53,994,0.0007661655128107612,-0.001750454877081753,0.0425949808849215,-0.007310772088640283
Inclusion,-52,995,-0.001204901667753779,-0.0010478008910453918,0.04008945664985054,-0.010647811389460249
Inclusion,-51,998,0.0011568225278140946,0.0,0.03910484151477139,-0.010296729360186774
Inclusion,-50,1000,0.0003566050069554097,-0.0012240199882613267,0.03980597268030381,-0.010653133766611256
Inclusion,-49,1003,0.004219771969523883,0.0027096207019728924,0.042312662958763306,-0.006550160146491013
Inclusion,-48,1007,0.00012141554910459311,0.0,0.041895118547282215,-0.012542742444680788
Inclusion,-47,1009,-0.0008805167400958247,-0.0021008883195338113,0.03890501729236373,-0.01639342660450327
Inclusion,-46,1017,0.07403765411406694,0.0,0.03930642463608386,-0.01265829088137238
Inclusion,-45,1026,0.0025186131574198296,0.0,0.038832952934724496,-0.010854464691218313
Inclusion,-44,1028,-0.0007719810751949943,0.0,0.033396897932835366,-0.012439119437036184
Inclusion,-43,1028,-0.00047764387697065867,-0.0015698996438309187,0.03318958992737598,-0.01317032293553383
Inclusion,-42,1031,0.0033564670457503303,0.0,0.03587831468481795,-0.011299424374029976
Inclusion,-41,1031,0.002074437067467323,0.0,0.03774194282768946,-0.009677435563663073
Inclusion,-40,1031,0.0016854600920901347,0.0011560958754741613,0.03869432113128034,-0.006928344919118312
Inclusion,-39,1031,0.00471689704760391,0.0026490040293054573,0.04398452813968282,-0.0066519308837790225
Inclusion,-38,1031,-0.000516020473947099,0.0,0.042125788342393146,-0.0065789411768027994
Inclusion,-37,1031,-0.0014999045454091276,-0.001762020563622957,0.04015235201820082,-0.005972629822401543
Inclusion,-36,1031,-0.006110725400197338,-0.004089975761264686,0.0324757841756221,-0.010356749252885655
Inclusion,-35,1031,0.006234143927634811,0.0028168987598808926,0.039588431741921684,-0.0032786594778033695
Inclusion,-34,1031,-0.0038534209024715916,-0.005729593461405114,0.035413317603674506,-0.008869276421323513
Inclusion,-33,1031,0.0031665179352775444,0.0023865983407980185,0.03596382349955922,-0.0033332594226684886
Inclusion,-32,1031,0.0031624104102968655,0.0,0.03710847552596868,-0.0018831924957504187
Inclusion,-31,1031,0.0013097006713638018,0.0,0.035360425965072384,-0.001858778563032626
Inclusion,-30,1031,-0.006882939726186251,-0.004429674754803825,0.024477671649584455,-0.010092553088618228
Inclusion,-29,1031,-0.005560002919254962,-0.003012045380823114,0.01864020723360905,-0.014150930664724504
Inclusion,-28,1031,-0.004530286584501389,0.0,0.006947617033323657,-0.015765804225056357
Inclusion,-27,1031,0.0014581350124380477,-0.0003714795265042925,0.00778712168988874,-0.016666651213610217
Inclusion,-26,1031,0.0032713047407147713,0.0,0.010241477650009568,-0.014752357707648378
Inclusion,-25,1031,-0.004370954447379283,-0.00588234716633218,0.00592158756194057,-0.024217938931738514
Inclusion,-24,1031,-0.0030223508307455752,-0.004800033569335893,0.001989024912301052,-0.025848117275132143
Inclusion,-23,1031,-0.0010189501322557777,0.0,-0.0015571182267740688,-0.02904571334786865
Inclusion,-22,1031,0.0035513434792144704,0.0,0.0013729023699633376,-0.024960975229462057
Inclusion,-21,1031,0.0028686874329023307,0.002193032677044293,0.0028981074609009823,-0.022177389913026535
Inclusion,-20,1031,-0.0010784872492693148,-0.0032154311255848667,0.002333738588272639,-0.02470327849046372
Inclusion,-19,1031,0.006775238770116371,0.004911591208359711,0.007198783917933996,-0.022194800981332086
Inclusion,-18,1031,-0.0015706873066335357,-0.001867456367174003,0.004896635115467821,-0.02471171188227106
Inclusion,-17,1031,-0.0013181425698407683,0.0,0.0038845240326233254,-0.025763312584242803
Inclusion,-16,1031,-0.0010215758048237446,-0.002314867704736656,0.0011835979912013534,-0.025848117275132143
Inclusion,-15,1031,0.0005902238939029101,0.0,-0.00017296115622930704,-0.025974001846660322
Inclusion,-14,1031,0.012378731193908619,0.009708682130449064,0.0103366835663494,-0.016155073296957645
Inclusion,-13,1031,0.00012371407256239246,0.0,0.010048629438477567,-0.015075376884422065
Inclusion,-12,1031,-0.000793339207811568,-0.0007491093896301315,0.007400846814267695,-0.0156006095184138
Inclusion,-11,1031,0.0005593567272021179,0.0,0.008503205960791224,-0.01501156082349886
Inclusion,-10,1031,9.927477509607632e-05,0.0,0.00746615275440107,-0.01282056141338439
Inclusion,-9,1031,0.005630540009273327,0.00196458776913655,0.011908106126999937,-0.011363587103598194
Inclusion,-8,1031,0.005035078205670479,0.0023310557041396063,0.015657762612924106,-0.007263883497594548
Inclusion,-7,1031,0.0014075765674983172,0.0,0.01594435844348036,-0.00418990692884369
Inclusion,-6,1031,-0.0020852035822829518,-0.0037037001061669406,0.013074982346849078,-0.006528107405703865
Inclusion,-5,1031,-6.895688694060972e-05,0.0,0.012519526556904225,-0.0065645346182101605
Inclusion,-4,1031,0.004416354350549216,0.002538068608636479,0.015600518517971906,-0.0051334899291402
Inclusion,-3,1031,0.002819460305441371,0.0,0.016228462861313398,-0.003003000207918216
Inclusion,-2,1031,0.0027439147525961127,0.0007575931080556764,-0.00591613392093397,-0.0029443473506198803
Inclusion,-1,1031,0.006964176757134561,0.0012674561534928852,-0.0006420337881363477,0.0
Inclusion,0,1031,0.002004955830139972,0.0,0.0,0.0
Inclusion,1,1031,-0.004341699216535543,-0.004034797750973151,-0.004341699216535543,-0.004034797750973151
Inclusion,2,1031,0.0023383047978667807,0.0,-0.0020737389153100624,-0.002202676470228093
Inclusion,3,1031,-0.0015652646164192499,-0.003623184962974757,-0.0035025718379515782,-0.005037778534604964
Inclusion,4,1031,0.0012484872523521044,0.00028874527732991595,-0.002063302409790779,-0.003921596004491157
Inclusion,5,1031,0.0028482680701908147,0.0023255459097928366,0.00047655493364411885,-0.003044137047785833
Inclusion,6,1031,-0.004721261245031119,-0.004477572212719494,-0.004326065282434787,-0.009153352835136186
Inclusion,7,1031,-0.0008223590387912985,0.0,-0.005144983957118477,-0.009433978296411794
Inclusion,8,1031,0.0009859816110496845,0.0,-0.003920119556810033,-0.006920490871662466
Inclusion,9,1031,-0.0010884646804228133,-0.001268259808694272,-0.005032929259867973,-0.00896860123562837
Inclusion,10,1027,0.006795171647368586,0.0013244704360337867,0.0016181695328751674,-0.00636949639391915
Inclusion,11,1027,-0.003916894749066266,-0.00327868544904808,-0.001629403119804041,-0.008952154205608798
Inclusion,12,1027,-0.000974628171090486,-0.0015637574296373247,-0.003157963490881739,-0.010396929875088667
Inclusion,13,1027,0.005102811060436511,0.0,0.001860318804818409,-0.011071596540496609
Inclusion,14,1027,0.004576618252802739,0.0,0.006892999237571634,-0.012048226286770936
Inclusion,15,1027,-0.00243710327984105,-0.0059101655912316975,0.005300463624964713,-0.01889018337390036
Inclusion,16,1027,0.0018094302132800845,0.0,0.008559636196689369,-0.022265526945963066
Inclusion,17,1027,0.00012825075535267887,0.0,0.007136802866163996,-0.017039488310583772
Inclusion,18,1027,0.0022330044248433296,0.0011904580252510844,0.009904153009010453,-0.015411986718884552
Inclusion,19,1027,0.00518416937087811,0.0016750162955303516,0.01726382818749769,-0.016528854154975625
Inclusion,20,1027,-0.007670674117317634,0.0,0.005084487256526307,-0.012775802678684056
Inclusion,21,1027,-0.0010241668193140454,-0.0017482084635430661,0.003618310380130912,-0.013358792796861696
Inclusion,22,1027,0.0008817463273964408,0.0006725360159249849,0.004173256675656213,-0.014420157844992176
Inclusion,23,1027,0.0017730863270425472,0.0,0.005576717060252553,-0.01104103627391928
Inclusion,24,1027,0.0019906545682699104,0.0,0.006821229284843657,-0.014308449984832161
Inclusion,25,1027,0.002176485421610476,0.0,0.009417118108720078,-0.01298702677407837
Inclusion,26,1027,-0.0023321252813692517,-0.0014204193322248093,0.006704154907357491,-0.0134528557317245
Inclusion,27,1027,0.004917701171453261,0.0,0.012035019027528364,-0.013227500712890472
Inclusion,28,1027,-0.0006492953189128731,-0.0015151139680561476,0.010398514872360574,-0.011695744991993773
Inclusion,29,1027,0.00036126800010097314,0.0,0.011147508968245639,-0.01244818006890358
Inclusion,30,1027,0.002081520909591106,0.0,0.01417447222833571,-0.012986956689826412
Inclusion,31,1027,-0.0017078514039644262,-0.003095972261364044,0.012110696087869187,-0.014975003894037942
Inclusion,32,1027,-0.004092612470038241,-0.003853560829674585,0.00871820984534628,-0.02096434067765862
Inclusion,33,1027,-0.001601347170616967,-0.002057684786355929,0.007208466986903752,-0.021686658712741003
Inclusion,34,1027,0.00401508884488628,0.0032414879544906405,0.012039029782851526,-0.018239836432463186
Inclusion,35,1027,-0.0016706916964406482,0.0,0.010197789460534625,-0.014975066416034966
Inclusion,36,1027,0.0009114093273477326,0.0,0.009589872367920407,-0.014256557433726447
Inclusion,37,1027,-0.0006511789676830825,-0.001230079354009983,0.008404531867400145,-0.012618284192532747
Inclusion,38,1027,0.0008806641204725641,0.0,0.009306508557039787,-0.012530050186516206
Inclusion,39,1027,0.0017024116589109883,-0.000882666379717012,0.011931272888825381,-0.013931853443343023
Inclusion,40,1027,0.00016963093295745935,-0.0020463665268377618,0.01168565231337156,-0.017786591621669512
Inclusion,41,1027,0.0005177798838221931,0.000812288778770931,0.011844642853141064,-0.015424210688960382
Inclusion,42,1027,-0.003032640280661082,-0.0026315764707210976,0.008583505185682886,-0.018599612136279697
Inclusion,43,1027,0.002308291839231134,0.0004979811143279722,0.009652935600164286,-0.014195607322052495
Inclusion,44,1027,-0.004225516784060131,-0.004854364437391179,0.004089542201639258,-0.018075180473669183
Inclusion,45,1027,0.005790651171274857,0.002994080611017358,0.009263843861799787,-0.014771034699306296
Inclusion,46,1027,0.0025641217125142567,0.0,0.011076255866963682,-0.015624985448084439
Inclusion,47,1027,-4.292273818416038e-05,-0.0016051731703402572,0.01175434764807257,-0.016014177505944804
Inclusion,48,1027,-0.00031104545805305266,0.0,0.010522382378658436,-0.011916553968308041
Inclusion,49,1027,-0.0012171913970487809,0.0,0.010024393241091702,-0.014831457245215951
Inclusion,50,1027,0.0028884769412233792,0.0009600219726562109,0.012591930573633576,-0.011666617160466575
Inclusion,51,1027,-0.003662834843303281,-0.0029850718650553665,0.008818292650036672,-0.01488829988784035
Inclusion,52,1027,-0.0020178121441583844,-0.0023922852763973435,0.006623020066014463,-0.016178037970893566
Inclusion,53,1027,-0.0010198938020847639,-0.0002789357716069807,0.005660754636511307,-0.013559308883548837
Inclusion,54,1027,-0.0029868499842033323,-0.001236122211769941,0.0018994990114698698,-0.01886790755296608
Inclusion,55,1027,0.001717611637567463,0.0012172668565268996,0.003043144429787869,-0.015845013815265707
Inclusion,56,1027,-0.0005835288521175883,-0.0008764442607862577,0.002367922978890062,-0.016058371884979494
Inclusion,57,1027,0.002128205124379457,0.0,0.004523382142983366,-0.01459852019106389
Inclusion,58,1027,0.002554397591200116,0.0020533044519943644,0.007708185119048771,-0.015228483898008571
Inclusion,59,1027,0.0016567517564305008,0.0,0.008810910280588996,-0.013225976877706103
Inclusion,60,1027,-0.0015797147890453396,-0.0011306080926999362,0.006786120739083134,-0.013079626477174644
Removal,-60,472,,,0.0764226506388478,0.038610670703405625
Removal,-59,472,-0.0032496310002767185,-0.0019706723991175235,0.07225324783755128,0.03881305571693283
Removal,-58,472,0.002065611711709068,0.0,0.0743834050435795,0.04163912907575751
Removal,-57,472,-0.008457845742836007,-0.008671675600781303,0.0629086621991111,0.028397043655199794
Removal,-56,472,0.00489623023847865,0.0,0.06569209560035809,0.03454177129253089
Removal,-55,472,0.006029047002872864,0.002865326772472976,0.07229481535764143,0.041346593165659584
Removal,-54,472,-0.009138994549392081,-0.00686890822821512,0.06091494889721423,0.03327109875379153
Removal,-53,472,-0.0014102402708015432,-0.001675023020383637,0.05756213775122844,0.031320071994589416
Removal,-52,472,-0.0013466303139509526,0.0,0.05316469060108204,0.026027237434134598
Removal,-51,472,0.00012232102767224335,0.0,0.05218736705944693,0.030690747408908314
Removal,-50,472,0.000993990753100266,0.0,0.05304353708384188,0.02736736965262221
Removal,-49,472,-0.005096302444177861,-0.00542504944308092,0.04592321870664175,0.028174598459844713
Removal,-48,472,-0.0001317528409677604,0.0,0.04463887829895186,0.023812177786352917
Removal,-47,472,0.0029252994402586,0.0,0.04580373384956141,0.022198112974985085
Removal,-46,472,0.007753553978520913,0.0037855018540791097,0.05456031884596415,0.02789855099350591
Removal,-45,472,-0.00031460793089983807,0.0,0.05227094581387749,0.026776065570853214
Removal,-44,472,0.007685153631108606,0.0,0.05824956563386889,0.04418704064124934
Removal,-43,472,-0.006146769421211832,-0.00537827014612785,0.050967772986058694,0.03702391683524209
Removal,-42,472,0.0030056860134495805,0.0,0.05178122798476083,0.040479830607810574
Removal,-41,472,-0.0009211729541077279,-0.0020245974341310258,0.049469974916332475,0.03469875884012219
Removal,-40,472,0.0006154435291455455,-0.00105924075441588,0.05098908184366484,0.03178475128454572
Removal,-39,472,0.005649084546165403,0.0022610692893784146,0.057570321773427156,0.04611232738206761
Removal,-38,472,-0.0068078254332426934,-0.00502581223988946,0.048643464743992254,0.036352443127967704
Removal,-37,472,-0.005607945497863632,-0.005711032223024326,0.04187261850872403,0.02781476319461529
Removal,-36,472,-0.004169634601670746,0.0,0.037002416687231345,0.02712426774545884
Removal,-35,472,0.004535531839887083,0.00025025598375760794,0.040134047979817296,0.02823042672510223
Removal,-34,472,8.622733231258792e-05,-0.0016695641484514856,0.03907967840804519,0.02978349810649794
Removal,-33,472,-0.0016817341650720026,-0.0016891521708535806,0.036064796986961835,0.03073306189985936
Removal,-32,472,-0.004923733571880986,-0.004854833737269637,0.030547024980327426,0.02580754025639853
Removal,-31,472,-0.002762609801720711,-0.0025768300384557685,0.026341485928525154,0.022913930532389437
Removal,-30,472,-0.007038424448999414,-0.004215525366339956,0.017319663078087535,0.011060531633755866
Removal,-29,472,-0.010769544337623354,-0.008421132013635035,0.005738580833784069,0.0
Removal,-28,472,-0.0038983968227514544,-0.004242011327521389,0.0013808100068726042,-0.004592712422264
Removal,-27,472,0.0003683084741890831,0.0,0.0002241654590451755,-0.00774183138495399
Removal,-26,472,0.007897172051574655,0.002409578750574015,0.008566474346231366,0.0
Removal,-25,472,-0.001385009078291205,-0.004127986297721931,0.007442090250311363,-0.0031485788253062807
Removal,-24,472,-0.0004807334550747986,0.0,0.006177224706082003,0.0
Removal,-23,472,0.0001999997093582613,0.0,0.004996073661634325,-0.005122045548938581
Removal,-22,472,0.004729748985814857,0.0,0.010072271418059442,0.0
Removal,-21,472,0.005618983496604012,0.0,0.014476544557595374,0.001244629381998541
Removal,-20,472,0.0020685419095770713,-0.0026043230530223282,0.01571849566346499,0.0
Removal,-19,472,0.005370544712519614,0.0032645943186782045,0.020011262814032198,0.003565848811278749
Removal,-18,472,0.005418325491127118,0.0,0.02355088365756262,0.008395091716031922
Removal,-17,472,0.004018047865727013,0.0,0.0260223625708381,0.009504449603196297
Removal,-16,472,-0.0010789448695035534,-0.003580525928828182,0.02209588585882284,0.0064583022147428615
Removal,-15,472,0.005764941944279166,0.0,0.025622728683120415,0.0069635337298649125
Removal,-14,472,0.007849050488898529,0.0024690981264468004,0.032175558633627185,0.014195807795026494
Removal,-13,472,-0.008022035791962836,-0.006768357357771926,0.021757268584580106,0.008239484849069001
Removal,-12,472,-0.00061489272386013,0.0,0.019811585084501513,0.00724656819784375
Removal,-11,472,-0.004153553761116521,-0.005970196928470117,0.014418551086854019,0.0
Removal,-10,472,-0.004253242145375635,-0.0037967169525392475,0.008962521279749378,0.0
Removal,-9,472,-0.005645976478262425,-0.0021243399650633377,0.0015160521985735915,-0.0030943888205058334
Removal,-8,472,-0.0021679667914996474,-0.00224222216354647,-0.0014918787722008626,-0.0019120167414884426
Removal,-7,472,0.008364254753798546,0.003986730802873595,0.005400321888201965,0.0005618106354192687
Removal,-6,472,-0.0025567235005447535,-0.00406092369035882,0.0017638956793868557,0.0
Removal,-5,472,-0.002688762621445905,0.0,-0.001717483677017767,0.0
Removal,-4,472,-0.0005455055124701182,0.0,-0.0031566428635020245,-0.0009375106140715461
Removal,-3,472,0.0018107204970824915,0.0,-0.0027308905946088246,-0.00357553687989004
Removal,-2,472,0.002568810138259697,0.0,-0.0011885374381733,0.0
Removal,-1,472,0.005632822000332807,0.0014556873795008585,0.003429609827325388,0.0036832209682097217
Removal,0,472,-0.0027531268882931316,-0.0036697045896454394,0.0,0.0
Removal,1,472,-0.017593085896258034,-0.008529766591001131,-0.017593085896258034,-0.008529766591001131
Removal,2,472,-0.00752890283661618,0.0,-0.02467054455082419,-0.008512685483660909
Removal,3,472,-0.0015257680645512299,-0.002560350705724024,-0.025925201554880744,-0.01260004356114508
Removal,4,472,-0.0034918447861393186,-0.005095610870462786,-0.02871778352404252,-0.01657510889969621
Removal,5,472,0.0009119436701672892,0.0,-0.028041506279626194,-0.015307777090055374
Removal,6,472,0.0028727665771436373,0.0,-0.02576233520250583,-0.011622317643957936
Removal,7,472,-0.0007841495923062631,0.0,-0.027002573914952713,-0.01321243093097868
Removal,8,472,-0.004733929302556038,-0.005618068925412223,-0.031778354917779014,-0.015179136758791012
Removal,9,472,-0.004584754757508398,-0.005703580021433896,-0.036006312119793805,-0.02133996592140608
Removal,10,468,-0.00015032628905862035,0.0,-0.03675696069300996,-0.020906142364506886
Removal,11,468,0.0006319261591931578,-0.0018894021926597615,-0.035851481505710284,-0.02693632754579578
Removal,12,468,0.0043665892294465465,0.0,-0.03211339064755045,-0.02531186257723511
Removal,13,468,0.018309757953222632,0.005446064110667392,-0.014830281597763223,-0.02234836055517564
Removal,14,468,0.01421197436411058,0.0029116150849628486,0.001162428522367204,-0.021205646104913156
Removal,15,468,0.01874226110523848,0.0012977869280130783,0.024734288500591534,-0.020494439778213414
Removal,16,468,0.021959386479554727,0.0,0.056959419818219094,-0.0258082600790861
Removal,17,468,-0.0061116595680705404,-0.0005052935490781896,0.042754652088010506,-0.026302669445684712
Removal,18,468,0.005445152760720557,0.0,0.04977469978508884,-0.024391832517507706
Removal,19,468,0.015247393895639455,0.0032261054849226367,0.07040810861965317,-0.022927354721983872
Removal,20,468,-0.04000935878481202,-0.005635984081952039,0.011819061642031283,-0.019624182867624407
Removal,21,468,-0.004302004972399952,-0.0023013948213378432,0.002791902327888192,-0.018739712166467803
Removal,22,468,0.004835684047500508,0.0017052784486424333,0.007130156399544642,-0.02388000769615778
Removal,23,468,0.0002623700394626702,0.0,0.005890605215535309,-0.024139618339257762
Removal,24,468,-0.0012677060990901913,0.0,0.001705279544062095,-0.023923423143372258
Removal,25,468,0.006147360568206153,0.0,0.008461113325016043,-0.024512519844222425
Removal,26,468,-0.0069249536723935985,-0.003543168870240254,1.4356102220010266e-05,-0.02902593824079369
Removal,27,468,0.004164551276433318,0.0,0.006127530447187327,-0.023588626137048263
Removal,28,468,-0.0010125541271806962,-0.0010872433260600833,0.004564616462849495,-0.028106542994650763
Removal,29,468,0.0035879618218570236,0.0,0.00872768061522382,-0.02803570117269244
Removal,30,468,0.00214734823184226,0.0,0.010522875592641243,-0.02730653372101144
Removal,31,468,-0.0010489333468971314,-0.003100747645909452,0.008916928766011741,-0.024575770460207202
Removal,32,468,-0.00030712569217608327,0.0,0.008678275572212754,-0.03030303398509293
Removal,33,468,-0.0030837999357770664,-0.004512009000870176,0.005651791309462783,-0.03333407258668064
Removal,34,468,-0.0037061629122456426,-0.00233232291197244,0.0014178900837651337,-0.03951854009735761
Removal,35,468,-0.0027436952371977168,-0.0006089780373775278,-0.0011321526183496091,-0.04327031411927523
Removal,36,468,0.005545195872989755,0.0015904173378471498,0.003475365359795743,-0.03758516837030185
Removal,37,468,0.002946662769371016,0.0,0.008315152803581489,-0.03821628640677699
Removal,38,468,0.000696588716710435,0.0,0.008871946016369736,-0.036594276387291846
Removal,39,468,0.005519957846719995,0.0020227563054983078,0.01492184153600813,-0.03359323181809665
Removal,40,468,0.0061165413750219454,0.0014935801256658054,0.02141665799728643,-0.031399787362348
Removal,41,468,0.00405661540766992,0.0,0.027260786763912755,-0.03203100662158581
Removal,42,468,0.001769317475996455,0.0,0.02808420745078542,-0.028849919380296407
Removal,43,468,0.0012568431735299854,-0.00030751010888896424,0.029766844696862412,-0.025515816178559136
Removal,44,468,-0.0022035167120080463,-0.0029648190073741643,0.027199506017448215,-0.023532680989555355
Removal,45,468,-0.0005221711065554516,0.0,0.026743262560882004,-0.022990226793517587
Removal,46,468,-0.0035167328123989166,-0.001643743716234547,0.022126482176329784,-0.023995380463619653
Removal,47,468,0.00019452168761892614,0.0,0.02340773455612962,-0.023516449732359612
Removal,48,468,0.007488212070146536,0.003082253893774811,0.03325965988785457,-0.018035595712576014
Removal,49,468,0.004937562841257842,0.0,0.0395835745419952,-0.016172599879084426
Removal,50,468,0.0043307569175104355,0.0,0.04423752163543545,-0.012494018840014331
Removal,51,468,-0.004605149332233503,-0.004310500745468293,0.037749495309225105,-0.007504647596758618
Removal,52,468,-0.004781998073828588,-0.005894241318914084,0.03175457692778797,-0.014742356268701795
Removal,53,468,0.005461837718002403,0.0,0.037175791618740774,-0.016639025263418428
Removal,54,468,-0.0003248335277131039,0.0,0.03591841067802556,-0.015769391286056145
Removal,55,468,0.0025352965564313197,0.0,0.04025746871356843,-0.016907514464418405
Removal,56,468,-0.0015598983183200547,-0.0049425739573984995,0.0388464703230013,-0.013133222757210294
Removal,57,468,0.0035521923535606916,0.0,0.041644051490532796,-0.019841476321749596
Removal,58,468,0.0037409428711615927,0.0011806360036871189,0.044156875474131635,-0.011696430202590091
Removal,59,468,-0.0002773814664221505,0.0,0.04415705005307655,-0.015009366763823362
Removal,60,468,-0.0025898357330529703,-0.0024154554937392825,0.041277808042517704,-0.014943122019293098
