证券代码,中文简称,英文简称,code_num,ticker_yf
1,长和,CKH HOLDINGS,1,0001.HK
2,中电控股,CLP HOLDINGS,2,0002.HK
3,香港中华煤气,HK & CHINA GAS,3,0003.HK
4,九龙仓集团,WHARF HOLDINGS,4,0004.HK
5,汇丰控股,HSBC HOLDINGS,5,0005.HK
6,电能实业,POWER ASSETS,6,0006.HK
8,电讯盈科,PCCW,8,0008.HK
10,恒隆集团,HANG LUNG GROUP,10,0010.HK
12,恒基地产,HENDERSON LAND,12,0012.HK
13,和黄医药,HUTCHMED,13,0013.HK
14,希慎兴业,HYSAN DEV,14,0014.HK
16,新鸿基地产,SHK PPT,16,0016.HK
17,新世界发展,NEW WORLD DEV,17,0017.HK
19,太古股份公司Ａ,SWIRE PACIFIC A,19,0019.HK
20,商汤－Ｗ,SENSETIME-W,20,0020.HK
23,东亚银行,BANK OF E ASIA,23,0023.HK
27,银河娱乐,GALAXY ENT,27,0027.HK
38,第一拖拉机股份,FIRST TRACTOR,38,0038.HK
41,鹰君,GREAT EAGLE H,41,0041.HK
66,港铁公司,MTR CORPORATION,66,0066.HK
81,中国海外宏洋集团,CH OVS G OCEANS,81,0081.HK
83,信和置业,SINO LAND,83,0083.HK
87,太古股份公司Ｂ,SWIRE PACIFIC B,87,0087.HK
101,恒隆地产,HANG LUNG PPT,101,0101.HK
107,四川成渝高速公路,SICHUAN EXPRESS,107,0107.HK
119,保利置业集团,POLY PROPERTY,119,0119.HK
123,越秀地产,YUEXIU PROPERTY,123,0123.HK
135,昆仑能源,KUNLUN ENERGY,135,0135.HK
136,中国儒意,CHINA RUYI,136,0136.HK
142,第一太平,FIRST PACIFIC,142,0142.HK
144,招商局港口,CHINA MER PORT,144,0144.HK
148,建滔集团,KINGBOARD HLDG,148,0148.HK
151,中国旺旺,WANT WANT CHINA,151,0151.HK
152,深圳国际,SHENZHEN INT'L,152,0152.HK
165,中国光大控股,CHINA EB LTD,165,0165.HK
168,青岛啤酒股份,TSINGTAO BREW,168,0168.HK
173,嘉华国际,K. WAH INT'L,173,0173.HK
175,吉利汽车,GEELY AUTO,175,0175.HK
177,江苏宁沪高速公路,JIANGSU EXPRESS,177,0177.HK
179,德昌电机控股,JOHNSON ELEC H,179,0179.HK
187,京城机电股份,JINGCHENG MAC,187,0187.HK
189,东岳集团,DONGYUE GROUP,189,0189.HK
200,新濠国际发展,MELCO INT'L DEV,200,0200.HK
220,统一企业中国,U-PRESID CHINA,220,0220.HK
241,阿里健康,ALI HEALTH,241,0241.HK
257,光大环境,EB ENVIRONMENT,257,0257.HK
267,中信股份,CITIC,267,0267.HK
268,金蝶国际,KINGDEE INT'L,268,0268.HK
270,粤海投资,GUANGDONG INV,270,0270.HK
285,比亚迪电子,BYD ELECTRONIC,285,0285.HK
288,万洲国际,WH GROUP,288,0288.HK
290,国富量子,GOFINTECH QUANT,290,0290.HK
291,华润啤酒,CHINA RES BEER,291,0291.HK
293,国泰航空,CATHAY PAC AIR,293,0293.HK
297,中化化肥,SINOFERT,297,0297.HK
300,美的集团,MIDEA GROUP,300,0300.HK
303,,VTECH HOLDINGS,303,0303.HK
308,香港中旅,CHINA TRAVEL HK,308,0308.HK
316,东方海外国际,OOIL,316,0316.HK
317,中船防务,COMEC,317,0317.HK
322,康师傅控股,TINGYI,322,0322.HK
323,马鞍山钢铁股份,MAANSHAN IRON,323,0323.HK
325,布鲁可,BLOKS,325,0325.HK
336,华宝国际,HUABAO INTL,336,0336.HK
338,上海石油化工股份,SHANGHAI PECHEM,338,0338.HK
345,,VITASOY INT'L,345,0345.HK
347,鞍钢股份,ANGANG STEEL,347,0347.HK
354,中国软件国际,CHINASOFT INT'L,354,0354.HK
358,江西铜业股份,JIANGXI COPPER,358,0358.HK
363,上海实业控股,SHANGHAI IND H,363,0363.HK
371,北控水务集团,BJ ENT WATER,371,0371.HK
384,中国燃气,CHINA GAS HOLD,384,0384.HK
386,中国石油化工股份,SINOPEC CORP,386,0386.HK
388,香港交易所,HKEX,388,0388.HK
390,中国中铁,CHINA RAILWAY,390,0390.HK
392,北京控股,BEIJING ENT,392,0392.HK
425,敏实集团（一百）,MINTH GROUP-100,425,0425.HK
440,大新金融,DAH SING,440,0440.HK
460,四环医药,SIHUAN PHARM,460,0460.HK
467,联合能源集团,UNITEDENERGY GP,467,0467.HK
470,先导智能,WUXI LEAD,470,0470.HK
501,豪威集团,OMNIVISION,501,0501.HK
506,中国食品,CHINA FOODS,506,0506.HK
512,远大医药,GRAND PHARMA,512,0512.HK
522,,ASMPT,522,0522.HK
525,广深铁路股份,GUANGSHEN RAIL,525,0525.HK
546,阜丰集团,FUFENG GROUP,546,0546.HK
548,深圳高速公路股份,SHENZHENEXPRESS,548,0548.HK
551,裕元集团,YUE YUEN IND,551,0551.HK
552,中国通信服务,CHINACOMSERVICE,552,0552.HK
553,南京熊猫电子股份,NANJING PANDA,553,0553.HK
564,中创智领,ZCZL,564,0564.HK
568,山东墨龙,SHANDONG MOLONG,568,0568.HK
570,中国中药,TRAD CHI MED,570,0570.HK
576,浙江沪杭甬,ZHEJIANGEXPRESS,576,0576.HK
586,海螺创业,CONCH VENTURE,586,0586.HK
588,北京北辰实业股份,BEIJING N STAR,588,0588.HK
590,六福集团,LUK FOOK HOLD,590,0590.HK
598,中国外运,SINOTRANS,598,0598.HK
604,深圳控股,SHENZHEN INVEST,604,0604.HK
631,三一国际,SANY INT'L,631,0631.HK
636,,KLN,636,0636.HK
638,广和通,FIBOCOM,638,0638.HK
639,首钢资源,SHOUGANG RES,639,0639.HK
656,复星国际,FOSUN INTL,656,0656.HK
659,周大福创建,CTF SERVICES,659,0659.HK
666,瑞浦兰钧,REPT BATTERO,666,0666.HK
667,中国东方教育,CHINA EAST EDU,667,0667.HK
669,创科实业,TECHTRONIC IND,669,0669.HK
670,中国东方航空股份,CHINA EAST AIR,670,0670.HK
683,嘉里建设,KERRY PPT,683,0683.HK
688,中国海外发展,CHINA OVERSEAS,688,0688.HK
696,中国民航信息网络,TRAVELSKY TECH,696,0696.HK
697,首程控股,SHOUCHENG,697,0697.HK
699,均胜电子,JOYSON ELEC,699,0699.HK
700,腾讯控股,TENCENT,700,0700.HK
719,山东新华制药股份,SHANDONG XINHUA,719,0719.HK
728,中国电信,CHINA TELECOM,728,0728.HK
751,创维集团,SKYWORTH GROUP,751,0751.HK
753,中国国航,AIR CHINA,753,0753.HK
754,合生创展集团,HOPSON DEV HOLD,754,0754.HK
762,中国联通,CHINA UNICOM,762,0762.HK
763,中兴通讯,ZTE,763,0763.HK
772,阅文集团,CHINA LIT,772,0772.HK
780,同程旅行,TONGCHENGTRAVEL,780,0780.HK
788,中国铁塔,CHINA TOWER,788,0788.HK
811,新华文轩,XINHUA WINSHARE,811,0811.HK
817,中国金茂,CHINA JINMAO,817,0817.HK
819,天能动力,TIANNENG POWER,819,0819.HK
826,天工国际,TIANGONG INT'L,826,0826.HK
836,华润电力,CHINA RES POWER,836,0836.HK
839,中教控股,CHINA EDU GROUP,839,0839.HK
853,微创医疗,MICROPORT,853,0853.HK
855,中国水务,CHINA WATER,855,0855.HK
856,伟仕佳杰,VSTECS,856,0856.HK
857,中国石油股份,PETROCHINA,857,0857.HK
867,康哲药业,CMS,867,0867.HK
868,信义玻璃,XINYI GLASS,868,0868.HK
874,白云山,BAIYUNSHAN PH,874,0874.HK
880,澳博控股,SJM HOLDINGS,880,0880.HK
881,中升控股,ZHONGSHENG HLDG,881,0881.HK
883,中国海洋石油,CNOOC,883,0883.HK
895,东江环保,DONGJIANG ENV,895,0895.HK
902,华能国际电力股份,HUANENG POWER,902,0902.HK
909,明源云,MING YUAN CLOUD,909,0909.HK
914,海螺水泥,CONCH CEMENT,914,0914.HK
916,龙源电力,CHINA LONGYUAN,916,0916.HK
917,趣致集团,QUNABOX GROUP,917,0917.HK
921,海信家电,HISENSE HA,921,0921.HK
934,中石化冠德,SINOPEC KANTONS,934,0934.HK
939,建设银行,CCB,939,0939.HK
941,中国移动,CHINA MOBILE,941,0941.HK
956,新天绿色能源,CHINA SUNTIEN,956,0956.HK
960,龙湖集团,LONGFOR GROUP,960,0960.HK
966,中国太平,CHINA TAIPING,966,0966.HK
968,信义光能,XINYI SOLAR,968,0968.HK
975,,MONGOL MINING,975,0975.HK
981,中芯国际,SMIC,981,0981.HK
990,至源控股,DEEP SOURCE,990,0990.HK
991,大唐发电,DATANG POWER,991,0991.HK
992,联想集团,LENOVO GROUP,992,0992.HK
995,安徽皖通高速公路,ANHUIEXPRESSWAY,995,0995.HK
998,中信银行,CITIC BANK,998,0998.HK
999,小菜园,XIAOCAIYUAN,999,0999.HK
1024,快手－Ｗ,KUAISHOU-W,1024,1024.HK
1030,新城发展,SEAZEN,1030,1030.HK
1033,中石化油服,SINOPEC SSC,1033,1033.HK
1038,长江基建集团,CKI HOLDINGS,1038,1038.HK
1044,恒安国际,HENGAN INT'L,1044,1044.HK
1052,越秀交通基建,YUEXIUTRANSPORT,1052,1052.HK
1053,重庆钢铁股份,CHONGQING IRON,1053,1053.HK
1055,中国南方航空股份,CHINA SOUTH AIR,1055,1055.HK
1057,浙江世宝,ZHEJIANG SHIBAO,1057,1057.HK
1060,大麦娱乐,DAMAI ENT,1060,1060.HK
1065,天津创业环保股份,TIANJIN CAPITAL,1065,1065.HK
1066,威高股份,WEIGAO GROUP,1066,1066.HK
1070,ＴＣＬ电子,TCL ELECTRONICS,1070,1070.HK
1071,华电国际电力股份,HUADIAN POWER,1071,1071.HK
1072,东方电气,DONGFANG ELEC,1072,1072.HK
1083,港华智慧能源,TG SMART ENERGY,1083,1083.HK
1088,中国神华,CHINA SHENHUA,1088,1088.HK
1093,石药集团,CSPC PHARMA,1093,1093.HK
1099,国药控股,SINOPHARM,1099,1099.HK
1108,凯盛新能,TRIUMPH NEW EN,1108,1108.HK
1109,华润置地,CHINA RES LAND,1109,1109.HK
1112,Ｈ＆Ｈ国际控股,H&H INTL HLDG,1112,1112.HK
1113,长实集团,CK ASSET,1113,1113.HK
1114,,BRILLIANCE CHI,1114,1114.HK
1117,现代牧业,CH MODERN D,1117,1117.HK
1128,永利澳门,WYNN MACAU,1128,1128.HK
1138,中远海能,COSCO SHIP ENGY,1138,1138.HK
1157,中联重科,ZOOMLION,1157,1157.HK
1164,中广核矿业,CGN MINING,1164,1164.HK
1171,兖矿能源,YANKUANG ENERGY,1171,1171.HK
1177,中国生物制药,SINO BIOPHARM,1177,1177.HK
1186,中国铁建,CHINA RAIL CONS,1186,1186.HK
1193,华润燃气,CHINA RES GAS,1193,1193.HK
1196,伟禄集团,REALORD GROUP,1196,1196.HK
1199,中远海运港口,COSCO SHIP PORT,1199,1199.HK
1208,五矿资源,MMG,1208,1208.HK
1209,华润万象生活,CHINA RES MIXC,1209,1209.HK
1211,比亚迪股份,BYD COMPANY,1211,1211.HK
1258,中国有色矿业,CHINFMINING,1258,1258.HK
1276,恒瑞医药,HENGRUI PHARMA,1276,1276.HK
1277,力量发展,KINETIC DEV,1277,1277.HK
1288,农业银行,ABC,1288,1288.HK
1299,友邦保险,AIA,1299,1299.HK
1302,先健科技,LIFETECH SCI,1302,1302.HK
1304,,FORTIOR,1304,1304.HK
1308,海丰国际,SITC,1308,1308.HK
1310,香港宽频,HKBN,1310,1310.HK
1313,华润建材科技,CR BLDG MAT TEC,1313,1313.HK
1316,耐世特,NEXTEER,1316,1316.HK
1318,毛戈平,MAO GEPING,1318,1318.HK
1330,绿色动力环保,DYNAGREEN ENV,1330,1330.HK
1333,博雷顿,BRETON,1333,1333.HK
1336,新华保险,NCI,1336,1336.HK
1339,中国人民保险集团,PICC GROUP,1339,1339.HK
1347,华虹半导体,HUA HONG SEMI,1347,1347.HK
1349,复旦张江,FUDANZHANGJIANG,1349,1349.HK
1357,美图公司,MEITU,1357,1357.HK
1359,中国信达,CHINA CINDA,1359,1359.HK
1361,３６１度,361 DEGREES,1361,1361.HK
1364,古茗,GUMING,1364,1364.HK
1368,特步国际,XTEP INT'L,1368,1368.HK
1375,中州证券,CC SECURITIES,1375,1375.HK
1378,中国宏桥,CHINAHONGQIAO,1378,1378.HK
1384,滴普科技,DEEPEXI TECH,1384,1384.HK
1385,上海复旦,SHANGHAI FUDAN,1385,1385.HK
1398,工商银行,ICBC,1398,1398.HK
1405,达势股份,DPC DASH,1405,1405.HK
1415,高伟电子,COWELL,1415,1415.HK
1428,耀才证券金融,BRIGHT SMART,1428,1428.HK
1448,福寿园,FU SHOU YUAN,1448,1448.HK
1456,国联民生,GLMS SEC,1456,1456.HK
1475,日清食品,NISSIN FOODS,1475,1475.HK
1478,丘钛科技,Q TECH,1478,1478.HK
1513,丽珠医药,LIVZON PHARMA,1513,1513.HK
1519,极兔速递－Ｗ,J&T EXPRESS-W,1519,1519.HK
1528,红星美凯龙,RS MACALLINE,1528,1528.HK
1530,三生制药,3SBIO,1530,1530.HK
1548,金斯瑞生物科技,GENSCRIPT BIO,1548,1548.HK
1579,颐海国际,YIHAI INTL,1579,1579.HK
1585,雅迪控股,YADEA,1585,1585.HK
1610,中粮家佳康,COFCO JOYCOME,1610,1610.HK
1618,中国中冶,MCC,1618,1618.HK
1635,大众公用,DZUG,1635,1635.HK
1658,邮储银行,PSBC,1658,1658.HK
1675,亚信科技,ASIAINFO TECH,1675,1675.HK
1681,康臣药业,CONSUN PHARMA,1681,1681.HK
1686,新意网集团,SUNEVISION,1686,1686.HK
1691,ＪＳ环球生活,JS GLOBAL LIFE,1691,1691.HK
1729,汇聚科技,TIME INTERCON,1729,1729.HK
1735,中环新能源,CENTRAL NEW EGY,1735,1735.HK
1766,中国中车,CRRC,1766,1766.HK
1772,赣锋锂业,GANFENGLITHIUM,1772,1772.HK
1773,天立国际控股,TIANLI INT HLDG,1773,1773.HK
1776,广发证券,GF SEC,1776,1776.HK
1783,晋景新能,ENVISION GREEN,1783,1783.HK
1787,山东黄金,SD GOLD,1787,1787.HK
1788,国泰君安国际,GUOTAI JUNAN I,1788,1788.HK
1789,爱康医疗,AK MEDICAL,1789,1789.HK
1797,东方甄选,EAST BUY,1797,1797.HK
1800,中国交通建设,CHINA COMM CONS,1800,1800.HK
1801,信达生物,INNOVENT BIO,1801,1801.HK
1810,小米集团－Ｗ,XIAOMI-W,1810,1810.HK
1811,中广核新能源,CGN NEW ENERGY,1811,1811.HK
1816,中广核电力,CGN POWER,1816,1816.HK
1818,招金矿业,ZHAOJIN MINING,1818,1818.HK
1828,富卫集团,FWD,1828,1828.HK
1833,平安好医生,PA GOODDOCTOR,1833,1833.HK
1836,九兴控股,STELLA HOLDINGS,1836,1836.HK
1858,春立医疗,CHUNLI MEDICAL,1858,1858.HK
1860,汇量科技,MOBVISTA,1860,1860.HK
1876,百威亚太,BUD APAC,1876,1876.HK
1877,君实生物,JUNSHI BIO,1877,1877.HK
1880,中国中免,CTG DUTY-FREE,1880,1880.HK
1882,海天国际,HAITIAN INT'L,1882,1882.HK
1883,中信国际电讯,CITIC TELECOM,1883,1883.HK
1888,建滔积层板,KB LAMINATES,1888,1888.HK
1896,猫眼娱乐,MAOYAN ENT,1896,1896.HK
1898,中煤能源,CHINA COAL,1898,1898.HK
1907,中国旭阳集团,CHINA RISUN GP,1907,1907.HK
1908,建发国际集团,C&D INTL GROUP,1908,1908.HK
1910,新秀丽,SAMSONITE,1910,1910.HK
1918,融创中国,SUNAC,1918,1918.HK
1919,中远海控,COSCO SHIP HOLD,1919,1919.HK
1921,达力普控股,DALIPAL HLDG,1921,1921.HK
1928,金沙中国有限公司,SANDS CHINA LTD,1928,1928.HK
1929,周大福,CHOW TAI FOOK,1929,1929.HK
1951,锦欣生殖,JXR,1951,1951.HK
1952,云顶新耀,EVEREST MED,1952,1952.HK
1963,重庆银行,BCQ,1963,1963.HK
1972,太古地产,SWIREPROPERTIES,1972,1972.HK
1988,民生银行,MINSHENG BANK,1988,1988.HK
1997,九龙仓置业,WHARF REIC,1997,1997.HK
1999,敏华控股,MAN WAH HLDGS,1999,1999.HK
2005,石四药集团,SSY GROUP,2005,2005.HK
2007,碧桂园,COUNTRY GARDEN,2007,2007.HK
2009,金隅集团,BBMG,2009,2009.HK
2013,微盟集团,WEIMOB INC,2013,2013.HK
2015,理想汽车－Ｗ,LI AUTO-W,2015,2015.HK
2016,浙商银行,CZBANK,2016,2016.HK
2018,瑞声科技,AAC TECH,2018,2018.HK
2020,安踏体育,ANTA SPORTS,2020,2020.HK
2038,富智康集团,FIH,2038,2038.HK
2039,中集集团,CIMC,2039,2039.HK
2050,三花智控,SANHUA,2050,2050.HK
2057,中通快递－Ｗ,ZTO EXPRESS-W,2057,2057.HK
2068,中铝国际,CHALIECO,2068,2068.HK
2096,先声药业,SIMCERE PHARMA,2096,2096.HK
2097,蜜雪集团,MIXUE GROUP,2097,2097.HK
2099,中国黄金国际,CHINAGOLDINTL,2099,2099.HK
2128,中国联塑,CHINA LESSO,2128,2128.HK
2145,上美股份,CHICMAX,2145,2145.HK
2155,森松国际,MORIMATSU INTL,2155,2155.HK
2157,乐普生物－Ｂ,LEPU BIO-B,2157,2157.HK
2158,医渡科技,YIDU TECH,2158,2158.HK
2162,康诺亚－Ｂ,KEYMED BIO-B,2162,2162.HK
2171,科济药业－Ｂ,CARSGEN-B,2171,2171.HK
2172,微创脑科学,MICROPORT NEURO,2172,2172.HK
2186,绿叶制药,LUYE PHARMA,2186,2186.HK
2192,医脉通,MEDLIVE,2192,2192.HK
2196,复星医药,FOSUN PHARMA,2196,2196.HK
2202,万科企业,CHINA VANKE,2202,2202.HK
2208,金风科技,GOLDWIND,2208,2208.HK
2218,安德利果汁,ANDRE JUICE,2218,2218.HK
2228,晶泰控股,XTALPI,2228,2228.HK
2232,晶苑国际,CRYSTAL INTL,2232,2232.HK
2233,西部水泥,WESTCHINACEMENT,2233,2233.HK
2238,广汽集团,GAC GROUP,2238,2238.HK
2252,微创机器人－Ｂ,MEDBOT-B,2252,2252.HK
2255,海昌海洋公园,HAICHANG HLDG,2255,2255.HK
2259,紫金黄金国际,ZIJIN GOLD INTL,2259,2259.HK
2268,药明合联,WUXI XDC,2268,2268.HK
2269,药明生物,WUXI BIO,2269,2269.HK
2273,固生堂,GUSHENGTANG,2273,2273.HK
2276,康耐特光学,CONANT OPTICAL,2276,2276.HK
2282,美高梅中国,MGM CHINA,2282,2282.HK
2285,泉峰控股,CHERVON,2285,2285.HK
2291,心泰医疗,SCIENTECH,2291,2291.HK
2313,申洲国际,SHENZHOU INTL,2313,2313.HK
2314,理文造纸,LEE & MAN PAPER,2314,2314.HK
2315,百奥赛图－Ｂ,BIOCYTOGEN-B,2315,2315.HK
2318,中国平安,PING AN,2318,2318.HK
2319,蒙牛乳业,MENGNIU DAIRY,2319,2319.HK
2328,中国财险,PICC P&C,2328,2328.HK
2331,李宁,LI NING,2331,2331.HK
2333,长城汽车,GWMOTOR,2333,2333.HK
2338,潍柴动力,WEICHAI POWER,2338,2338.HK
2343,太平洋航运,PACIFIC BASIN,2343,2343.HK
2356,大新银行集团,DAHSING BANKING,2356,2356.HK
2357,中航科工,AVICHINA,2357,2357.HK
2359,药明康德,WUXI APPTEC,2359,2359.HK
2367,巨子生物,GIANT BIOGENE,2367,2367.HK
2378,保诚,PRU,2378,2378.HK
2380,中国电力,CHINA POWER,2380,2380.HK
2382,舜宇光学科技,SUNNY OPTICAL,2382,2382.HK
2386,中石化炼化工程,SINOPEC SEG,2386,2386.HK
2388,中银香港,BOC HONG KONG,2388,2388.HK
2400,心动公司,XD INC,2400,2400.HK
2402,亿华通,SINOHYTEC,2402,2402.HK
2410,同源康医药－Ｂ,TYK MEDICINES-B,2410,2410.HK
2419,德康农牧,DEKON AGR,2419,2419.HK
2423,贝壳－Ｗ,BEKE-W,2423,2423.HK
2431,佑驾创新,MINIEYE,2431,2431.HK
2432,越疆,DOBOT,2432,2432.HK
2460,华润饮料,CR BEVERAGE,2460,2460.HK
2465,龙蟠科技,LOPAL TECH,2465,2465.HK
2473,喜相逢集团,XXF,2473,2473.HK
2477,经纬天地,WELLCELL HOLD,2477,2477.HK
2498,速腾聚创,ROBOSENSE,2498,2498.HK
2506,讯飞医疗科技,XUNFEIHEALTH,2506,2506.HK
2507,西锐,CIRRUS,2507,2507.HK
2510,德翔海运,TS LINES,2510,2510.HK
2517,锅圈,GUOQUAN,2517,2517.HK
2533,黑芝麻智能,BLACK SESAME,2533,2533.HK
2555,茶百道,CHABAIDAO,2555,2555.HK
2556,迈富时,MARKETINGFORCE,2556,2556.HK
2562,狮腾控股,SYNAGISTICS,2562,2562.HK
2565,派格生物医药－Ｂ,PEGBIO CO-B,2565,2565.HK
2570,重塑能源,REFIRE,2570,2570.HK
2575,轩竹生物－Ｂ,XUANZHUBIO-B,2575,2575.HK
2577,英诺赛科,INNOSCIENCE,2577,2577.HK
2579,中伟新材,CNGR,2579,2579.HK
2580,奥克斯电气,AUX ELECTRIC,2580,2580.HK
2582,国富氢能,GUOFUHEE,2582,2582.HK
2583,西普尼,HIPINE,2583,2583.HK
2586,多点数智,DMALL,2586,2586.HK
2587,健康之路,HEALTHYWAY INC,2587,2587.HK
2588,中银航空租赁,BOC AVIATION,2588,2588.HK
2589,沪上阿姨,AUNTEA JENNY,2589,2589.HK
2590,极智嘉－Ｗ,GEEKPLUS-W,2590,2590.HK
2591,银诺医药－Ｂ,INNOGEN-B,2591,2591.HK
2595,劲方医药－Ｂ,GENFLEET-B,2595,2595.HK
2600,中国铝业,CHALCO,2600,2600.HK
2601,中国太保,CPIC,2601,2601.HK
2602,万物云,ONEWO,2602,2602.HK
2603,吉宏股份,JIHONG CO,2603,2603.HK
2607,上海医药,SH PHARMA,2607,2607.HK
2609,佰泽医疗,BAYZED HEALTH,2609,2609.HK
2610,南山铝业国际,NANSHAN AL INTL,2610,2610.HK
2611,国泰海通,GTHT,2611,2611.HK
2617,药捷安康－Ｂ,TRANSTHERA-B,2617,2617.HK
2618,京东物流,JD LOGISTICS,2618,2618.HK
2627,中慧生物－Ｂ,AB&B BIO-TECH-B,2627,2627.HK
2628,中国人寿,CHINA LIFE,2628,2628.HK
2629,,MIRXES-B,2629,2629.HK
2631,天岳先进,SICC,2631,2631.HK
2637,海西新药,HAIXI PHARMA,2637,2637.HK
2643,曹操出行,CAOCAO INC,2643,2643.HK
2648,安井食品,ANJOY FOOD,2648,2648.HK
2652,长风药业,CF PHARMTECH,2652,2652.HK
2655,果下科技,GUOXIA TECH,2655,2655.HK
2656,健康１６０,160 HEALTH,2656,2656.HK
2659,宝济药业－Ｂ,BAO PHARMA-B,2659,2659.HK
2661,轻松健康,QINGSONG HEALTH,2661,2661.HK
2665,图达通,SEYOND,2665,2665.HK
2666,环球医疗,UNI MEDICAL,2666,2666.HK
2669,中海物业,CHINA OVS PPT,2669,2669.HK
2676,纳芯微,NOVOSENSE,2676,2676.HK
2685,量化派,QUANTGROUP,2685,2685.HK
2687,卓越睿新,ABLE DIGITAL,2687,2687.HK
2688,新奥能源,ENN ENERGY,2688,2688.HK
2689,玖龙纸业,ND PAPER,2689,2689.HK
2691,南华期货股份,NANHUA FUTURES,2691,2691.HK
2692,兆威机电,ZHAOWEI,2692,2692.HK
2698,乐舒适,SOFTCARE,2698,2698.HK
2714,牧原股份,MUYUAN,2714,2714.HK
2727,上海电气,SH ELECTRIC,2727,2727.HK
2768,国恩科技,GON TECHNOLOGY,2768,2768.HK
2788,创新实业,CHUANGXIN IND,2788,2788.HK
2799,中信金融资产,CITIC FAMC,2799,2799.HK
2800,盈富基金,TRACKER FUND,2800,2800.HK
2801,安硕中国,ISHARES CHINA,2801,2801.HK
2825,标智香港１００,WISECSIHK100ETF,2825,2825.HK
2828,恒生中国企业,HSCEI ETF,2828,2828.HK
2837,ＧＸ恒生科技,GX HS TECH,2837,2837.HK
2858,易鑫集团,YIXIN,2858,2858.HK
2865,钧达股份,DRINDA,2865,2865.HK
2866,中远海发,COSCO SHIP DEV,2866,2866.HK
2869,绿城服务,GREENTOWN SER,2869,2869.HK
2877,神威药业,SHINEWAY PHARM,2877,2877.HK
2880,辽港股份,LIAONING PORT,2880,2880.HK
2883,中海油田服务,CHINA OILFIELD,2883,2883.HK
2888,渣打集团,STANCHART,2888,2888.HK
2889,博泰车联,PATEO,2889,2889.HK
2899,紫金矿业,ZIJIN MINING,2899,2899.HK
3032,恒生科技ＥＴＦ,HSTECH ETF,3032,3032.HK
3033,南方恒生科技,CSOP HS TECH,3033,3033.HK
3037,南方恒指ＥＴＦ,CSOP HSI ETF,3037,3037.HK
3039,易方达恒指ＥＳＧ,EFUNDHSIESG,3039,3039.HK
3040,ＧＸ中国,GX MSCI CHINA,3040,3040.HK
3067,安硕恒生科技,ISHARESHSTECH,3067,3067.HK
3069,华夏恒生生科,CAM HSBIOTECH,3069,3069.HK
3070,平安香港高息,PING AN HKDIV,3070,3070.HK
3088,华夏恒生科技,CAM HS TECH,3088,3088.HK
3110,ＧＸ恒生股息,GX HS HIGHDIV,3110,3110.HK
3115,安硕恒生指数,ISHARESHSI,3115,3115.HK
3167,工银南方中国,ICBCCSOPCHINA,3167,3167.HK
3174,南方恒生生科,CSOP HSBIOTECH,3174,3174.HK
3200,大族数控,HANS CNC,3200,3200.HK
3268,美格智能,MEIG,3268,3268.HK
3288,海天味业,HAITIAN FLAV,3288,3288.HK
3306,江南布衣,JNBY,3306,3306.HK
3311,中国建筑国际,CHINA STATE CON,3311,3311.HK
3317,迅策,XUNCE,3317,3317.HK
3320,华润医药,CHINARES PHARMA,3320,3320.HK
3323,中国建材,CNBM,3323,3323.HK
3328,交通银行,BANKCOMM,3328,3328.HK
3330,灵宝黄金（一百）,LINGBAOGOLD-100,3330,3330.HK
3339,中国龙工,LONKING,3339,3339.HK
3347,泰格医药,TIGERMED,3347,3347.HK
3360,远东宏信,FE HORIZON,3360,3360.HK
3369,秦港股份,QHD PORT,3369,3369.HK
3380,龙光集团,LOGAN GROUP,3380,3380.HK
3393,威胜控股,WASION HOLDINGS,3393,3393.HK
3396,联想控股,LEGENDHOLDING,3396,3396.HK
3403,华夏恒ＥＳＧ,CAM HSI ESG,3403,3403.HK
3423,招商恒生科技,CMS HS TECH,3423,3423.HK
3432,南方港股通,CSOP HKCNCON,3432,3432.HK
3441,南方东西精选,CSOP EWSELECT,3441,3441.HK
3442,南方港美科技,CSOP HKUSTECH,3442,3442.HK
3606,福耀玻璃,FUYAO GLASS,3606,3606.HK
3613,同仁堂国药,TONGRENTANGCM,3613,3613.HK
3618,重庆农村商业银行,CQRC BANK,3618,3618.HK
3633,中裕能源,ZHONGYU ENERGY,3633,3633.HK
3668,兖煤澳大利亚,YANCOAL AUS,3668,3668.HK
3677,正力新能,ZENERGY,3677,3677.HK
3678,弘业期货,HOLLY FUTURES,3678,3678.HK
3690,美团－Ｗ,MEITUAN-W,3690,3690.HK
3692,翰森制药,HANSOH PHARMA,3692,3692.HK
3696,英矽智能,INSILICO,3696,3696.HK
3698,徽商银行,HUISHANG BANK,3698,3698.HK
3738,阜博集团,VOBILE GROUP,3738,3738.HK
3750,宁德时代,CATL,3750,3750.HK
3759,康龙化成,PHARMARON,3759,3759.HK
3800,协鑫科技,GCL TECH,3800,3800.HK
3808,中国重汽,SINOTRUK,3808,3808.HK
3858,佳鑫国际资源,JIAXIN INTL RES,3858,3858.HK
3866,青岛银行,BQD,3866,3866.HK
3868,信义能源,XINYI ENERGY,3868,3868.HK
3877,中国船舶租赁,CSSC SHIPPING,3877,3877.HK
3888,金山软件,KINGSOFT,3888,3888.HK
3896,金山云,KINGSOFT CLOUD,3896,3896.HK
3898,时代电气,TIMES ELECTRIC,3898,3898.HK
3899,中集安瑞科,CIMC ENRIC,3899,3899.HK
3900,绿城中国,GREENTOWN CHINA,3900,3900.HK
3908,中金公司,CICC,3908,3908.HK
3918,金界控股,NAGACORP,3918,3918.HK
3931,中创新航,CALB,3931,3931.HK
3933,联邦制药,UNITED LAB,3933,3933.HK
3939,万国黄金集团,WANGUO GOLD GP,3939,3939.HK
3958,东方证券,DFZQ,3958,3958.HK
3968,招商银行,CM BANK,3968,3968.HK
3969,中国通号,CHINA CRSC,3969,3969.HK
3986,兆易创新,GIGADEVICE,3986,3986.HK
3988,中国银行,BANK OF CHINA,3988,3988.HK
3993,洛阳钼业,CMOC,3993,3993.HK
3996,中国能源建设,CH ENERGY ENG,3996,3996.HK
3998,波司登,BOSIDENG,3998,3998.HK
6030,中信证券,CITIC SEC,6030,6030.HK
6031,三一重工,SANY HEAVY IND,6031,6031.HK
6049,保利物业,POLY PPT SER,6049,6049.HK
6055,中烟香港,CTIHK,6055,6055.HK
6060,众安在线,ZA ONLINE,6060,6060.HK
6066,中信建投证券,CSC,6066,6066.HK
6069,盛业,SY HOLDINGS,6069,6069.HK
6078,海吉亚医疗,HYGEIA HEALTH,6078,6078.HK
6088,,FIT HON TENG,6088,6088.HK
6090,不同集团,BUTONG GROUP,6090,6090.HK
6098,碧桂园服务,CG SERVICES,6098,6098.HK
6099,招商证券,CMSC,6099,6099.HK
6110,滔搏,TOPSPORTS,6110,6110.HK
6127,昭衍新药,JOINN,6127,6127.HK
6160,百济神州,BEONE MEDICINES,6160,6160.HK
6166,剑桥科技,CIG,6166,6166.HK
6168,周六福,ZHOU LIU FU,6168,6168.HK
6178,光大证券,EB SECURITIES,6178,6178.HK
6181,老铺黄金,LAOPU GOLD,6181,6181.HK
6185,康希诺生物,CANSINOBIO,6185,6185.HK
6186,中国飞鹤,CHINA FEIHE,6186,6186.HK
6196,郑州银行,BANKOFZHENGZHOU,6196,6196.HK
6198,青岛港,QINGDAO PORT,6198,6198.HK
6600,卧安机器人,ONEROBOTICS,6600,6600.HK
6603,,IFBH,6603,6603.HK
6613,蓝思科技,LENS,6613,6613.HK
6618,京东健康,JD HEALTH,6618,6618.HK
6651,五一视界,51WORLD,6651,6651.HK
6655,华新建材,HX BLDG MAT,6655,6655.HK
6666,恒大物业,EVERG SERVICES,6666,6666.HK
6680,金力永磁,JLMAG,6680,6680.HK
6681,脑动极光－Ｂ,BRAINAURORA-B,6681,6681.HK
6682,范式智能,PHANCY,6682,6682.HK
6683,巨星传奇,STARPLUS LEGEND,6683,6683.HK
6687,聚水潭,JST GROUP,6687,6687.HK
6690,海尔智家,HAIER SMARTHOME,6690,6690.HK
6693,赤峰黄金,CHIFENG GOLD,6693,6693.HK
6699,时代天使,ANGELALIGN,6699,6699.HK
6806,申万宏源,SWHY,6806,6806.HK
6808,高鑫零售,SUNART RETAIL,6808,6808.HK
6809,澜起科技,MONTAGE TECH,6809,6809.HK
6818,中国光大银行,CEB BANK,6818,6818.HK
6821,凯莱英,ASYMCHEM,6821,6821.HK
6826,昊海生物科技,HAOHAI BIOTEC,6826,6826.HK
6855,亚盛医药－Ｂ,ASCENTAGE-B,6855,6855.HK
6862,海底捞,HAIDILAO,6862,6862.HK
6865,福莱特玻璃,FLAT GLASS,6865,6865.HK
6869,长飞光纤光缆,YOFC,6869,6869.HK
6881,中国银河,CGS,6881,6881.HK
6886,,HTSC,6886,6886.HK
6936,顺丰控股,SF HOLDING,6936,6936.HK
6955,博安生物,BOAN BIOTECH,6955,6955.HK
6963,阳光保险,SUNSHINE INS,6963,6963.HK
6969,思摩尔国际,SMOORE INTL,6969,6969.HK
6979,珍酒李渡,ZJLD,6979,6979.HK
6990,科伦博泰生物－Ｂ,SKB BIO-B,6990,6990.HK
6993,蓝月亮集团,BLUE MOON GROUP,6993,6993.HK
7618,京东工业,JD INDUSTRIALS,7618,7618.HK
9606,映恩生物－Ｂ,DUALITYBIO-B,9606,9606.HK
9611,龙旗科技,LONGCHEER,9611,9611.HK
9626,哔哩哔哩－Ｗ,BILIBILI-W,9626,9626.HK
9633,农夫山泉,NONGFU SPRING,9633,9633.HK
9636,九方智投控股,JF SMARTINVEST,9636,9636.HK
9658,特海国际,SUPER HI,9658,9658.HK
9660,地平线机器人－Ｗ,HORIZONROBOT-W,9660,9660.HK
9678,云知声,UNISOUND,9678,9678.HK
9688,再鼎医药,ZAI LAB,9688,9688.HK
9690,途虎－Ｗ,TUHU-W,9690,9690.HK
9696,天齐锂业,TIANQI LITHIUM,9696,9696.HK
9699,顺丰同城,SF INTRA-CITY,9699,9699.HK
9858,优然牧业,YOURAN DAIRY,9858,9858.HK
9863,零跑汽车,LEAPMOTOR,9863,9863.HK
9868,小鹏汽车－Ｗ,XPENG-W,9868,9868.HK
9880,优必选,UBTECH ROBOTICS,9880,9880.HK
9887,维立志博－Ｂ,LEADS BIOLABS-B,9887,9887.HK
9890,贪玩,TANWAN,9890,9890.HK
9896,名创优品,MNSO,9896,9896.HK
9899,网易云音乐,NETEASE MUSIC,9899,9899.HK
9911,赤子城科技,NEWBORNTOWN,9911,9911.HK
9926,康方生物,AKESO,9926,9926.HK
9927,赛力斯,SERES,9927,9927.HK
9969,诺诚健华,INNOCARE,9969,9969.HK
9973,奇瑞汽车,CHERY AUTO,9973,9973.HK
9980,东鹏饮料,EASTROC,9980,9980.HK
9981,沃尔核材,WOER,9981,9981.HK
9985,卫龙美味,WL DELICIOUS,9985,9985.HK
9987,百胜中国,YUM CHINA,9987,9987.HK
9988,阿里巴巴－Ｗ,BABA-W,9988,9988.HK
9989,海普瑞,HEPALINK,9989,9989.HK
9992,泡泡玛特,POP MART,9992,9992.HK
9993,金辉控股,RADIANCE HLDGS,9993,9993.HK
9995,荣昌生物,REMEGEN,9995,9995.HK
