event_idx,ticker_yf,date,status,anchor_date,notes
0,1211.HK,2016-03-14,features_ok,2016-03-11,
1,002594.SZ,2016-03-14,features_ok,2016-03-11,
2,1359.HK,2016-03-14,features_ok,2016-03-11,
3,2333.HK,2016-03-14,features_ok,2016-03-11,
4,601633.SS,2016-03-14,features_ok,2016-03-11,
5,1186.HK,2016-03-14,features_ok,2016-03-11,
6,601186.SS,2016-03-14,features_ok,2016-03-11,
7,1776.HK,2016-03-14,features_ok,2016-03-11,
8,000776.SZ,2016-03-14,features_ok,2016-03-11,
9,601211.SS,2016-03-14,features_ok,2016-03-11,
10,0317.HK,2016-03-14,features_ok,2016-03-11,
11,600685.SS,2016-03-14,features_ok,2016-03-11,
12,0054.HK,2016-03-14,no_history,,ticker history unavailable
13,0829.HK,2016-03-14,features_ok,2016-03-11,
14,1157.HK,2016-03-14,features_ok,2016-03-11,
15,1528.HK,2016-03-14,features_ok,2016-03-11,
16,0010.HK,2016-03-14,features_ok,2016-03-11,
17,0109.HK,2016-03-14,no_history,,ticker history unavailable
18,0136.HK,2016-03-14,features_ok,2016-03-11,
19,0400.HK,2016-03-14,features_ok,2016-03-11,
20,0405.HK,2016-03-14,features_ok,2016-03-11,
21,0607.HK,2016-03-14,features_ok,2016-03-11,
22,0715.HK,2016-03-14,features_ok,2016-03-11,
23,0911.HK,2016-03-14,features_ok,2016-03-11,
24,0958.HK,2016-03-14,no_history,,ticker history unavailable
25,1071.HK,2016-03-14,features_ok,2016-03-11,
26,1282.HK,2016-03-14,features_ok,2016-03-11,
27,1308.HK,2016-03-14,features_ok,2016-03-11,
28,1363.HK,2016-03-14,no_history,,ticker history unavailable
29,1432.HK,2016-03-14,features_ok,2016-03-11,
30,1508.HK,2016-03-14,features_ok,2016-03-11,
31,1970.HK,2016-03-14,features_ok,2016-03-11,
32,2066.HK,2016-03-14,no_history,,ticker history unavailable
33,2098.HK,2016-03-14,features_ok,2016-03-11,
34,2298.HK,2016-03-14,features_ok,2016-03-11,
35,3698.HK,2016-03-14,features_ok,2016-03-11,
36,3823.HK,2016-03-14,features_ok,2016-03-11,
37,3886.HK,2016-03-14,features_ok,2016-03-11,
38,3908.HK,2016-03-14,features_ok,2016-03-11,
39,3996.HK,2016-03-14,features_ok,2016-03-11,
40,0291.HK,2016-03-14,features_ok,2016-03-11,
41,1038.HK,2016-03-14,features_ok,2016-03-11,
42,1578.HK,2016-06-06,features_ok,2016-06-03,
43,2016.HK,2016-06-06,features_ok,2016-06-03,
44,600958.SS,2016-09-05,features_ok,2016-09-02,
45,600606.SS,2016-09-05,features_ok,2016-09-02,
46,000839.SZ,2016-09-05,features_ok,2016-09-02,
47,002241.SZ,2016-09-05,features_ok,2016-09-02,
48,600111.SS,2016-09-05,features_ok,2016-09-02,
49,600027.SS,2016-09-05,features_ok,2016-09-02,
50,600271.SS,2016-09-05,features_ok,2016-09-02,
51,600688.SS,2016-09-05,features_ok,2016-09-02,
52,600704.SS,2016-09-05,features_ok,2016-09-02,
53,601018.SS,2016-09-05,features_ok,2016-09-02,
54,601186.SS,2016-09-05,features_ok,2016-09-02,
55,601318.SS,2016-09-05,features_ok,2016-09-02,
56,603993.SS,2016-09-05,features_ok,2016-09-02,
57,000157.SZ,2016-09-05,features_ok,2016-09-02,
58,600031.SS,2016-09-05,features_ok,2016-09-02,
59,600875.SS,2016-09-05,features_ok,2016-09-02,
60,601225.SS,2016-09-05,features_ok,2016-09-02,
61,601898.SS,2016-09-05,features_ok,2016-09-02,
62,601989.SS,2016-09-05,no_history,,ticker history unavailable
63,001979.SZ,2016-09-05,features_ok,2016-09-02,
64,600606.SS,2016-09-05,features_ok,2016-09-02,
65,600958.SS,2016-09-05,features_ok,2016-09-02,
66,601009.SS,2016-09-05,features_ok,2016-09-02,
67,601018.SS,2016-09-05,features_ok,2016-09-02,
68,601211.SS,2016-09-05,features_ok,2016-09-02,
69,3323.HK,2016-09-05,features_ok,2016-09-02,
70,3898.HK,2016-09-05,features_ok,2016-09-02,
71,0081.HK,2016-09-05,features_ok,2016-09-02,
72,0207.HK,2016-09-05,no_history,,ticker history unavailable
73,0283.HK,2016-09-05,no_anchor,,no prior trading day in history
74,0530.HK,2016-09-05,no_history,,ticker history unavailable
75,0639.HK,2016-09-05,features_ok,2016-09-02,
76,0754.HK,2016-09-05,features_ok,2016-09-02,
77,1076.HK,2016-09-05,no_history,,ticker history unavailable
78,1111.HK,2016-09-05,no_anchor,,no prior trading day in history
79,1165.HK,2016-09-05,features_ok,2016-09-02,
80,1212.HK,2016-09-05,no_history,,ticker history unavailable
81,0245.HK,2016-09-05,features_ok,2016-09-02,
82,0338.HK,2016-09-05,features_ok,2016-09-02,
83,0345.HK,2016-09-05,features_ok,2016-09-02,
84,0412.HK,2016-09-05,features_ok,2016-09-02,
85,0460.HK,2016-09-05,features_ok,2016-09-02,
86,0680.HK,2016-09-05,no_history,,ticker history unavailable
87,0696.HK,2016-09-05,features_ok,2016-09-02,
88,0884.HK,2016-09-05,features_ok,2016-09-02,
89,1958.HK,2016-09-05,features_ok,2016-09-02,
90,2199.HK,2016-09-05,features_ok,2016-09-02,
91,2326.HK,2016-09-05,features_ok,2016-09-02,
92,2588.HK,2016-09-05,features_ok,2016-09-02,
93,2888.HK,2016-09-05,features_ok,2016-09-02,
94,0322.HK,2016-09-05,features_ok,2016-09-02,
95,2018.HK,2016-09-05,features_ok,2016-09-02,
96,2883.HK,2016-12-05,features_ok,2016-12-02,
97,1186.HK,2016-12-05,features_ok,2016-12-02,
98,0902.HK,2017-03-06,features_ok,2017-03-03,
99,600011.SS,2017-03-06,features_ok,2017-03-03,
100,601006.SS,2017-03-06,features_ok,2017-03-03,
101,601985.SS,2017-03-06,features_ok,2017-03-03,
102,000333.SZ,2017-03-06,features_ok,2017-03-03,
103,1658.HK,2017-03-06,features_ok,2017-03-03,
104,601229.SS,2017-03-06,features_ok,2017-03-03,
105,0168.HK,2017-03-06,features_ok,2017-03-03,
106,600600.SS,2017-03-06,features_ok,2017-03-03,
107,0991.HK,2017-03-06,features_ok,2017-03-03,
108,601991.SS,2017-03-06,features_ok,2017-03-03,
109,1072.HK,2017-03-06,features_ok,2017-03-03,
110,600875.SS,2017-03-06,features_ok,2017-03-03,
111,2039.HK,2017-03-06,features_ok,2017-03-03,
112,000039.SZ,2017-03-06,features_ok,2017-03-03,
113,2238.HK,2017-03-06,features_ok,2017-03-03,
114,601238.SS,2017-03-06,features_ok,2017-03-03,
115,2883.HK,2017-03-06,features_ok,2017-03-03,
116,601808.SS,2017-03-06,features_ok,2017-03-03,
117,3958.HK,2017-03-06,features_ok,2017-03-03,
118,600958.SS,2017-03-06,features_ok,2017-03-03,
119,6099.HK,2017-03-06,features_ok,2017-03-03,
120,600999.SS,2017-03-06,features_ok,2017-03-03,
121,6178.HK,2017-03-06,features_ok,2017-03-03,
122,601788.SS,2017-03-06,features_ok,2017-03-03,
123,0168.HK,2017-03-06,features_ok,2017-03-03,
124,1658.HK,2017-03-06,features_ok,2017-03-03,
125,0086.HK,2017-03-06,features_ok,2017-03-03,
126,0109.HK,2017-03-06,no_history,,ticker history unavailable
127,0136.HK,2017-03-06,features_ok,2017-03-03,
128,0412.HK,2017-03-06,features_ok,2017-03-03,
129,0715.HK,2017-03-06,features_ok,2017-03-03,
130,0911.HK,2017-03-06,features_ok,2017-03-03,
131,1071.HK,2017-03-06,features_ok,2017-03-03,
132,1205.HK,2017-03-06,features_ok,2017-03-03,
133,1728.HK,2017-03-06,features_ok,2017-03-03,
134,2066.HK,2017-03-06,no_history,,ticker history unavailable
135,2326.HK,2017-03-06,features_ok,2017-03-03,
136,0658.HK,2017-03-06,features_ok,2017-03-03,
137,0777.HK,2017-03-06,features_ok,2017-03-03,
138,1315.HK,2017-03-06,features_ok,2017-03-03,
139,1357.HK,2017-03-06,features_ok,2017-03-03,
140,1458.HK,2017-03-06,features_ok,2017-03-03,
141,3320.HK,2017-03-06,features_ok,2017-03-03,
142,6099.HK,2017-03-06,features_ok,2017-03-03,
143,0494.HK,2017-03-06,no_history,,ticker history unavailable
144,0175.HK,2017-03-06,features_ok,2017-03-03,
145,600606.SS,2017-09-04,features_ok,2017-09-01,
146,000858.SZ,2017-09-04,features_ok,2017-09-01,
147,000009.SZ,2017-09-04,features_ok,2017-09-01,
148,000063.SZ,2017-09-04,features_ok,2017-09-01,
149,000069.SZ,2017-09-04,features_ok,2017-09-01,
150,600271.SS,2017-09-04,features_ok,2017-09-01,
151,600362.SS,2017-09-04,features_ok,2017-09-01,
152,601727.SS,2017-09-04,features_ok,2017-09-01,
153,601808.SS,2017-09-04,features_ok,2017-09-01,
154,603993.SS,2017-09-04,features_ok,2017-09-01,
155,002027.SZ,2017-09-04,features_ok,2017-09-01,
156,002241.SZ,2017-09-04,features_ok,2017-09-01,
157,002352.SZ,2017-09-04,features_ok,2017-09-01,
158,600309.SS,2017-09-04,features_ok,2017-09-01,
159,600547.SS,2017-09-04,features_ok,2017-09-01,
160,600637.SS,2017-09-04,features_ok,2017-09-01,
161,601225.SS,2017-09-04,features_ok,2017-09-01,
162,000039.SZ,2017-09-04,features_ok,2017-09-01,
163,000063.SZ,2017-09-04,features_ok,2017-09-01,
164,600583.SS,2017-09-04,features_ok,2017-09-01,
165,600600.SS,2017-09-04,features_ok,2017-09-01,
166,601727.SS,2017-09-04,features_ok,2017-09-01,
167,601808.SS,2017-09-04,features_ok,2017-09-01,
168,601991.SS,2017-09-04,features_ok,2017-09-01,
169,002352.SZ,2017-09-04,features_ok,2017-09-01,
170,600068.SS,2017-09-04,no_history,,ticker history unavailable
171,600297.SS,2017-09-04,no_history,,ticker history unavailable
172,600688.SS,2017-09-04,features_ok,2017-09-01,
173,600919.SS,2017-09-04,features_ok,2017-09-01,
174,601229.SS,2017-09-04,features_ok,2017-09-01,
175,601881.SS,2017-09-04,features_ok,2017-09-01,
176,1033.HK,2017-09-04,features_ok,2017-09-01,
177,600871.SS,2017-09-04,features_ok,2017-09-01,
178,3958.HK,2017-09-04,features_ok,2017-09-01,
179,600958.SS,2017-09-04,features_ok,2017-09-01,
180,6178.HK,2017-09-04,features_ok,2017-09-01,
181,601788.SS,2017-09-04,features_ok,2017-09-01,
182,0168.HK,2017-09-04,features_ok,2017-09-01,
183,600600.SS,2017-09-04,features_ok,2017-09-01,
184,0177.HK,2017-09-04,features_ok,2017-09-01,
185,600377.SS,2017-09-04,features_ok,2017-09-01,
186,0323.HK,2017-09-04,features_ok,2017-09-01,
187,600808.SS,2017-09-04,features_ok,2017-09-01,
188,0548.HK,2017-09-04,features_ok,2017-09-01,
189,600548.SS,2017-09-04,features_ok,2017-09-01,
190,0921.HK,2017-09-04,features_ok,2017-09-01,
191,000921.SZ,2017-09-04,features_ok,2017-09-01,
192,0991.HK,2017-09-04,features_ok,2017-09-01,
193,601991.SS,2017-09-04,features_ok,2017-09-01,
194,1065.HK,2017-09-04,features_ok,2017-09-01,
195,600874.SS,2017-09-04,features_ok,2017-09-01,
196,1138.HK,2017-09-04,features_ok,2017-09-01,
197,600026.SS,2017-09-04,features_ok,2017-09-01,
198,1812.HK,2017-09-04,features_ok,2017-09-01,
199,000488.SZ,2017-09-04,features_ok,2017-09-01,
200,2039.HK,2017-09-04,features_ok,2017-09-01,
201,000039.SZ,2017-09-04,features_ok,2017-09-01,
202,2238.HK,2017-09-04,features_ok,2017-09-01,
203,601238.SS,2017-09-04,features_ok,2017-09-01,
204,2611.HK,2017-09-04,features_ok,2017-09-01,
205,601211.SS,2017-09-04,features_ok,2017-09-01,
206,2883.HK,2017-09-04,features_ok,2017-09-01,
207,601808.SS,2017-09-04,features_ok,2017-09-01,
208,6881.HK,2017-09-04,features_ok,2017-09-01,
209,601881.SS,2017-09-04,features_ok,2017-09-01,
210,0245.HK,2017-09-04,features_ok,2017-09-01,
211,0297.HK,2017-09-04,features_ok,2017-09-01,
212,0933.HK,2017-09-04,no_anchor,,no prior trading day in history
213,0991.HK,2017-09-04,features_ok,2017-09-01,
214,1230.HK,2017-09-04,no_history,,ticker history unavailable
215,1387.HK,2017-09-04,features_ok,2017-09-01,
216,2298.HK,2017-09-04,features_ok,2017-09-01,
217,2877.HK,2017-09-04,features_ok,2017-09-01,
218,3308.HK,2017-09-04,no_history,,ticker history unavailable
219,3823.HK,2017-09-04,features_ok,2017-09-01,
220,0043.HK,2017-09-04,no_history,,ticker history unavailable
221,0136.HK,2017-09-04,features_ok,2017-09-01,
222,0698.HK,2017-09-04,features_ok,2017-09-01,
223,1031.HK,2017-09-04,no_history,,ticker history unavailable
224,1212.HK,2017-09-04,no_history,,ticker history unavailable
225,1515.HK,2017-09-04,features_ok,2017-09-01,
226,2269.HK,2017-09-04,features_ok,2017-09-01,
227,2611.HK,2017-09-04,features_ok,2017-09-01,
228,2799.HK,2017-09-04,features_ok,2017-09-01,
229,3606.HK,2017-09-04,features_ok,2017-09-01,
230,000039.SZ,2017-09-04,features_ok,2017-09-01,
231,000825.SZ,2017-09-04,features_ok,2017-09-01,
232,0363.HK,2017-09-04,features_ok,2017-09-01,
233,0552.HK,2017-09-04,features_ok,2017-09-01,
234,0670.HK,2017-09-04,features_ok,2017-09-01,
235,0998.HK,2017-09-04,features_ok,2017-09-01,
236,1113.HK,2017-09-04,features_ok,2017-09-01,
237,1333.HK,2017-09-04,no_anchor,,no prior trading day in history
238,1339.HK,2017-09-04,features_ok,2017-09-01,
239,1963.HK,2017-09-04,features_ok,2017-09-01,
240,1999.HK,2017-09-04,features_ok,2017-09-01,
241,3898.HK,2017-09-04,features_ok,2017-09-01,
242,600600.SS,2017-09-04,features_ok,2017-09-01,
243,601818.SS,2017-09-04,features_ok,2017-09-01,
244,6818.HK,2017-09-04,features_ok,2017-09-01,
245,0020.HK,2017-09-04,no_anchor,,no prior trading day in history
246,002202.SZ,2017-09-04,features_ok,2017-09-01,
247,0323.HK,2017-09-04,features_ok,2017-09-01,
248,0347.HK,2017-09-04,features_ok,2017-09-01,
249,0480.HK,2017-09-04,features_ok,2017-09-01,
250,0506.HK,2017-09-04,features_ok,2017-09-01,
251,0778.HK,2017-09-04,features_ok,2017-09-01,
252,0991.HK,2017-09-04,features_ok,2017-09-01,
253,1109.HK,2017-09-04,features_ok,2017-09-01,
254,1316.HK,2017-09-04,features_ok,2017-09-01,
255,1347.HK,2017-09-04,features_ok,2017-09-01,
256,2208.HK,2017-09-04,features_ok,2017-09-01,
257,2238.HK,2017-09-04,features_ok,2017-09-01,
258,3377.HK,2017-09-04,features_ok,2017-09-01,
259,3800.HK,2017-09-04,features_ok,2017-09-01,
260,601238.SS,2017-09-04,features_ok,2017-09-01,
261,601991.SS,2017-09-04,features_ok,2017-09-01,
262,0069.HK,2017-09-04,features_ok,2017-09-01,
263,0390.HK,2017-09-04,features_ok,2017-09-01,
264,0288.HK,2017-09-04,features_ok,2017-09-01,
265,0916.HK,2017-12-04,features_ok,2017-12-01,
266,2238.HK,2017-12-04,features_ok,2017-12-01,
267,6060.HK,2017-12-04,features_ok,2017-12-01,
268,6088.HK,2017-12-04,features_ok,2017-12-01,
269,0135.HK,2017-12-04,features_ok,2017-12-01,
270,0293.HK,2017-12-04,features_ok,2017-12-01,
271,2007.HK,2017-12-04,features_ok,2017-12-01,
272,2382.HK,2017-12-04,features_ok,2017-12-01,
273,000166.SZ,2018-03-05,features_ok,2018-03-02,
274,002736.SZ,2018-03-05,features_ok,2018-03-02,
275,1339.HK,2018-03-05,features_ok,2018-03-02,
276,1776.HK,2018-03-05,features_ok,2018-03-02,
277,000776.SZ,2018-03-05,features_ok,2018-03-02,
278,601989.SS,2018-03-05,no_history,,ticker history unavailable
279,002352.SZ,2018-03-05,features_ok,2018-03-02,
280,1336.HK,2018-03-05,features_ok,2018-03-02,
281,601336.SS,2018-03-05,features_ok,2018-03-02,
282,2007.HK,2018-03-05,features_ok,2018-03-02,
283,3333.HK,2018-03-05,features_ok,2018-03-02,
284,600019.SS,2018-03-05,features_ok,2018-03-02,
285,600050.SS,2018-03-05,features_ok,2018-03-02,
286,0548.HK,2018-03-05,features_ok,2018-03-02,
287,600548.SS,2018-03-05,features_ok,2018-03-02,
288,1065.HK,2018-03-05,features_ok,2018-03-02,
289,600874.SS,2018-03-05,features_ok,2018-03-02,
290,1513.HK,2018-03-05,features_ok,2018-03-02,
291,000513.SZ,2018-03-05,features_ok,2018-03-02,
292,3958.HK,2018-03-05,features_ok,2018-03-02,
293,600958.SS,2018-03-05,features_ok,2018-03-02,
294,1186.HK,2018-03-05,features_ok,2018-03-02,
295,0267.HK,2018-03-05,features_ok,2018-03-02,
296,0270.HK,2018-03-05,features_ok,2018-03-02,
297,0384.HK,2018-03-05,features_ok,2018-03-02,
298,0700.HK,2018-03-05,features_ok,2018-03-02,
299,0883.HK,2018-03-05,features_ok,2018-03-02,
300,0941.HK,2018-03-05,features_ok,2018-03-02,
301,1044.HK,2018-03-05,features_ok,2018-03-02,
302,1093.HK,2018-03-05,features_ok,2018-03-02,
303,1109.HK,2018-03-05,features_ok,2018-03-02,
304,2313.HK,2018-03-05,features_ok,2018-03-02,
305,6060.HK,2018-03-05,features_ok,2018-03-02,
306,0041.HK,2018-03-05,features_ok,2018-03-02,
307,0787.HK,2018-03-05,no_history,,ticker history unavailable
308,0861.HK,2018-03-05,features_ok,2018-03-02,
309,1031.HK,2018-03-05,no_history,,ticker history unavailable
310,1315.HK,2018-03-05,features_ok,2018-03-02,
311,2199.HK,2018-03-05,features_ok,2018-03-02,
312,2329.HK,2018-03-05,features_ok,2018-03-02,
313,2888.HK,2018-03-05,features_ok,2018-03-02,
314,3331.HK,2018-03-05,features_ok,2018-03-02,
315,3698.HK,2018-03-05,features_ok,2018-03-02,
316,0045.HK,2018-03-05,features_ok,2018-03-02,
317,0087.HK,2018-03-05,features_ok,2018-03-02,
318,0127.HK,2018-03-05,features_ok,2018-03-02,
319,0582.HK,2018-03-05,features_ok,2018-03-02,
320,0754.HK,2018-03-05,features_ok,2018-03-02,
321,0772.HK,2018-03-05,features_ok,2018-03-02,
322,1030.HK,2018-03-05,features_ok,2018-03-02,
323,1141.HK,2018-03-05,features_ok,2018-03-02,
324,1269.HK,2018-03-05,features_ok,2018-03-02,
325,1378.HK,2018-03-05,features_ok,2018-03-02,
326,1628.HK,2018-03-05,features_ok,2018-03-02,
327,1638.HK,2018-03-05,features_ok,2018-03-02,
328,2196.HK,2018-03-05,features_ok,2018-03-02,
329,2232.HK,2018-03-05,features_ok,2018-03-02,
330,2858.HK,2018-03-05,features_ok,2018-03-02,
331,3993.HK,2018-03-05,features_ok,2018-03-02,
332,0004.HK,2018-03-05,features_ok,2018-03-02,
333,3898.HK,2018-06-04,features_ok,2018-06-01,
334,2799.HK,2018-06-04,features_ok,2018-06-01,
335,6158.HK,2018-06-04,features_ok,2018-06-01,
336,0992.HK,2018-06-04,features_ok,2018-06-01,
337,1093.HK,2018-06-04,features_ok,2018-06-01,
338,000001.SZ,2018-09-10,features_ok,2018-09-07,
339,000063.SZ,2018-09-10,features_ok,2018-09-07,
340,002024.SZ,2018-09-10,features_ok,2018-09-07,
341,600000.SS,2018-09-10,features_ok,2018-09-07,
342,600036.SS,2018-09-10,features_ok,2018-09-07,
343,600098.SS,2018-09-10,features_ok,2018-09-07,
344,600999.SS,2018-09-10,features_ok,2018-09-07,
345,601088.SS,2018-09-10,features_ok,2018-09-07,
346,601166.SS,2018-09-10,features_ok,2018-09-07,
347,601628.SS,2018-09-10,features_ok,2018-09-07,
348,601939.SS,2018-09-10,features_ok,2018-09-07,
349,000898.SZ,2018-09-10,features_ok,2018-09-07,
350,002594.SZ,2018-09-10,features_ok,2018-09-07,
351,600027.SS,2018-09-10,features_ok,2018-09-07,
352,600115.SS,2018-09-10,features_ok,2018-09-07,
353,601288.SS,2018-09-10,features_ok,2018-09-07,
354,601336.SS,2018-09-10,features_ok,2018-09-07,
355,601601.SS,2018-09-10,features_ok,2018-09-07,
356,601618.SS,2018-09-10,features_ok,2018-09-07,
357,601766.SS,2018-09-10,features_ok,2018-09-07,
358,601800.SS,2018-09-10,features_ok,2018-09-07,
359,601877.SS,2018-09-10,features_ok,2018-09-07,
360,000001.SZ,2018-09-10,features_ok,2018-09-07,
361,000063.SZ,2018-09-10,features_ok,2018-09-07,
362,600000.SS,2018-09-10,features_ok,2018-09-07,
363,600036.SS,2018-09-10,features_ok,2018-09-07,
364,601628.SS,2018-09-10,features_ok,2018-09-07,
365,601939.SS,2018-09-10,features_ok,2018-09-07,
366,000002.SZ,2018-09-10,features_ok,2018-09-07,
367,600019.SS,2018-09-10,features_ok,2018-09-07,
368,600196.SS,2018-09-10,features_ok,2018-09-07,
369,601238.SS,2018-09-10,features_ok,2018-09-07,
370,601877.SS,2018-09-10,features_ok,2018-09-07,
371,601919.SS,2018-09-10,features_ok,2018-09-07,
372,1186.HK,2018-09-10,features_ok,2018-09-07,
373,601186.SS,2018-09-10,features_ok,2018-09-07,
374,601229.SS,2018-09-10,features_ok,2018-09-07,
375,6837.HK,2018-09-10,no_history,,ticker history unavailable
376,600837.SS,2018-09-10,no_history,,ticker history unavailable
377,600276.SS,2018-09-10,features_ok,2018-09-07,
378,600887.SS,2018-09-10,features_ok,2018-09-07,
379,601138.SS,2018-09-10,features_ok,2018-09-07,
380,002241.SZ,2018-09-10,features_ok,2018-09-07,
381,600027.SS,2018-09-10,features_ok,2018-09-07,
382,600547.SS,2018-09-10,features_ok,2018-09-07,
383,600637.SS,2018-09-10,features_ok,2018-09-07,
384,600704.SS,2018-09-10,features_ok,2018-09-07,
385,601633.SS,2018-09-10,features_ok,2018-09-07,
386,000063.SZ,2018-09-10,features_ok,2018-09-07,
387,000858.SZ,2018-09-10,features_ok,2018-09-07,
388,601138.SS,2018-09-10,features_ok,2018-09-07,
389,601600.SS,2018-09-10,features_ok,2018-09-07,
390,601985.SS,2018-09-10,features_ok,2018-09-07,
391,000876.SZ,2018-09-10,features_ok,2018-09-07,
392,600027.SS,2018-09-10,features_ok,2018-09-07,
393,600170.SS,2018-09-10,features_ok,2018-09-07,
394,600958.SS,2018-09-10,features_ok,2018-09-07,
395,601117.SS,2018-09-10,features_ok,2018-09-07,
396,000063.SZ,2018-09-10,features_ok,2018-09-07,
397,601138.SS,2018-09-10,features_ok,2018-09-07,
398,601225.SS,2018-09-10,features_ok,2018-09-07,
399,601727.SS,2018-09-10,features_ok,2018-09-07,
400,601898.SS,2018-09-10,features_ok,2018-09-07,
401,0043.HK,2018-09-10,no_history,,ticker history unavailable
402,0317.HK,2018-09-10,features_ok,2018-09-07,
403,0330.HK,2018-09-10,features_ok,2018-09-07,
404,0400.HK,2018-09-10,features_ok,2018-09-07,
405,0680.HK,2018-09-10,no_history,,ticker history unavailable
406,0732.HK,2018-09-10,features_ok,2018-09-07,
407,0931.HK,2018-09-10,features_ok,2018-09-07,
408,0996.HK,2018-09-10,no_history,,ticker history unavailable
409,1117.HK,2018-09-10,features_ok,2018-09-07,
410,1363.HK,2018-09-10,no_history,,ticker history unavailable
411,1432.HK,2018-09-10,features_ok,2018-09-07,
412,1680.HK,2018-09-10,features_ok,2018-09-07,
413,1970.HK,2018-09-10,features_ok,2018-09-07,
414,2727.HK,2018-09-10,features_ok,2018-09-07,
415,0054.HK,2018-09-10,no_history,,ticker history unavailable
416,0486.HK,2018-09-10,features_ok,2018-09-07,
417,0581.HK,2018-09-10,features_ok,2018-09-07,
418,0839.HK,2018-09-10,features_ok,2018-09-07,
419,0973.HK,2018-09-10,no_history,,ticker history unavailable
420,1233.HK,2018-09-10,features_ok,2018-09-07,
421,1337.HK,2018-09-10,no_history,,ticker history unavailable
422,1548.HK,2018-09-10,features_ok,2018-09-07,
423,1728.HK,2018-09-10,features_ok,2018-09-07,
424,1833.HK,2018-09-10,features_ok,2018-09-07,
425,1910.HK,2018-09-10,features_ok,2018-09-07,
426,1913.HK,2018-09-10,features_ok,2018-09-07,
427,2638.HK,2018-09-10,features_ok,2018-09-07,
428,2768.HK,2018-09-10,no_anchor,,no prior trading day in history
429,3669.HK,2018-09-10,features_ok,2018-09-07,
430,3918.HK,2018-09-10,features_ok,2018-09-07,
431,6098.HK,2018-09-10,features_ok,2018-09-07,
432,6823.HK,2018-09-10,features_ok,2018-09-07,
433,0020.HK,2018-09-10,no_anchor,,no prior trading day in history
434,0041.HK,2018-09-10,features_ok,2018-09-07,
435,0066.HK,2018-09-10,features_ok,2018-09-07,
436,0200.HK,2018-09-10,features_ok,2018-09-07,
437,0297.HK,2018-09-10,features_ok,2018-09-07,
438,0323.HK,2018-09-10,features_ok,2018-09-07,
439,0347.HK,2018-09-10,features_ok,2018-09-07,
440,0405.HK,2018-09-10,features_ok,2018-09-07,
441,0480.HK,2018-09-10,features_ok,2018-09-07,
442,0606.HK,2018-09-10,no_anchor,,no prior trading day in history
443,0763.HK,2018-09-10,features_ok,2018-09-07,
444,0819.HK,2018-09-10,features_ok,2018-09-07,
445,0939.HK,2018-09-10,features_ok,2018-09-07,
446,1088.HK,2018-09-10,features_ok,2018-09-07,
447,1308.HK,2018-09-10,features_ok,2018-09-07,
448,2039.HK,2018-09-10,features_ok,2018-09-07,
449,2196.HK,2018-09-10,features_ok,2018-09-07,
450,2282.HK,2018-09-10,features_ok,2018-09-07,
451,2331.HK,2018-09-10,features_ok,2018-09-07,
452,2342.HK,2018-09-10,features_ok,2018-09-07,
453,2628.HK,2018-09-10,features_ok,2018-09-07,
454,3328.HK,2018-09-10,features_ok,2018-09-07,
455,3331.HK,2018-09-10,features_ok,2018-09-07,
456,3968.HK,2018-09-10,features_ok,2018-09-07,
457,3988.HK,2018-09-10,features_ok,2018-09-07,
458,0010.HK,2018-09-10,features_ok,2018-09-07,
459,0045.HK,2018-09-10,features_ok,2018-09-07,
460,0054.HK,2018-09-10,no_history,,ticker history unavailable
461,0078.HK,2018-09-10,features_ok,2018-09-07,
462,0087.HK,2018-09-10,features_ok,2018-09-07,
463,0142.HK,2018-09-10,features_ok,2018-09-07,
464,0163.HK,2018-09-10,features_ok,2018-09-07,
465,0173.HK,2018-09-10,features_ok,2018-09-07,
466,0175.HK,2018-09-10,features_ok,2018-09-07,
467,0179.HK,2018-09-10,features_ok,2018-09-07,
468,0288.HK,2018-09-10,features_ok,2018-09-07,
469,0345.HK,2018-09-10,features_ok,2018-09-07,
470,0517.HK,2018-09-10,features_ok,2018-09-07,
471,0968.HK,2018-09-10,features_ok,2018-09-07,
472,1112.HK,2018-09-10,features_ok,2018-09-07,
473,1138.HK,2018-09-10,features_ok,2018-09-07,
474,1257.HK,2018-09-10,features_ok,2018-09-07,
475,1299.HK,2018-09-10,features_ok,2018-09-07,
476,1658.HK,2018-09-10,features_ok,2018-09-07,
477,1686.HK,2018-09-10,features_ok,2018-09-07,
478,3320.HK,2018-09-10,features_ok,2018-09-07,
479,3618.HK,2018-09-10,features_ok,2018-09-07,
480,0066.HK,2018-09-10,features_ok,2018-09-07,
481,0390.HK,2018-09-10,features_ok,2018-09-07,
482,0494.HK,2018-09-10,no_history,,ticker history unavailable
483,1398.HK,2018-09-10,features_ok,2018-09-07,
484,3968.HK,2018-09-10,features_ok,2018-09-07,
485,3988.HK,2018-09-10,features_ok,2018-09-07,
486,0069.HK,2018-09-10,features_ok,2018-09-07,
487,0087.HK,2018-09-10,features_ok,2018-09-07,
488,0316.HK,2018-09-10,features_ok,2018-09-07,
489,0683.HK,2018-09-10,features_ok,2018-09-07,
490,0981.HK,2018-09-10,features_ok,2018-09-07,
491,1109.HK,2018-09-10,features_ok,2018-09-07,
492,0023.HK,2018-09-10,features_ok,2018-09-07,
493,0144.HK,2018-09-10,features_ok,2018-09-07,
494,1177.HK,2018-09-10,features_ok,2018-09-07,
495,2313.HK,2018-09-10,features_ok,2018-09-07,
496,0317.HK,2018-09-10,features_ok,2018-09-07,
497,600685.SS,2018-09-10,features_ok,2018-09-07,
498,1528.HK,2018-09-10,features_ok,2018-09-07,
499,601828.SS,2018-09-10,features_ok,2018-09-07,
500,6881.HK,2018-12-10,features_ok,2018-12-07,
501,0788.HK,2018-12-10,features_ok,2018-12-07,
502,0788.HK,2018-12-10,features_ok,2018-12-07,
503,2048.HK,2018-12-10,features_ok,2018-12-07,
504,6862.HK,2018-12-10,features_ok,2018-12-07,
505,1336.HK,2019-03-11,features_ok,2019-03-08,
506,601336.SS,2019-03-11,features_ok,2019-03-08,
507,601360.SS,2019-03-11,features_ok,2019-03-08,
508,6060.HK,2019-03-11,features_ok,2019-03-08,
509,3323.HK,2019-03-11,features_ok,2019-03-08,
510,0054.HK,2019-03-11,no_history,,ticker history unavailable
511,0242.HK,2019-03-11,features_ok,2019-03-08,
512,0315.HK,2019-03-11,features_ok,2019-03-08,
513,0316.HK,2019-03-11,features_ok,2019-03-08,
514,0439.HK,2019-03-11,features_ok,2019-03-08,
515,0698.HK,2019-03-11,features_ok,2019-03-08,
516,0737.HK,2019-03-11,features_ok,2019-03-08,
517,0751.HK,2019-03-11,features_ok,2019-03-08,
518,0777.HK,2019-03-11,features_ok,2019-03-08,
519,0934.HK,2019-03-11,features_ok,2019-03-08,
520,1282.HK,2019-03-11,features_ok,2019-03-08,
521,1293.HK,2019-03-11,features_ok,2019-03-08,
522,1919.HK,2019-03-11,features_ok,2019-03-08,
523,2048.HK,2019-03-11,features_ok,2019-03-08,
524,0268.HK,2019-03-11,features_ok,2019-03-08,
525,0467.HK,2019-03-11,features_ok,2019-03-08,
526,0612.HK,2019-03-11,features_ok,2019-03-08,
527,0691.HK,2019-03-11,features_ok,2019-03-08,
528,0780.HK,2019-03-11,features_ok,2019-03-08,
529,1992.HK,2019-03-11,no_history,,ticker history unavailable
530,2005.HK,2019-03-11,features_ok,2019-03-08,
531,2331.HK,2019-03-11,features_ok,2019-03-08,
532,2869.HK,2019-03-11,features_ok,2019-03-08,
533,2888.HK,2019-03-11,features_ok,2019-03-08,
534,3633.HK,2019-03-11,features_ok,2019-03-08,
535,0836.HK,2019-03-11,features_ok,2019-03-08,
536,0669.HK,2019-03-11,features_ok,2019-03-08,
537,0525.HK,2019-03-11,features_ok,2019-03-08,
538,601333.SS,2019-03-11,features_ok,2019-03-08,
539,0921.HK,2019-03-11,features_ok,2019-03-08,
540,000921.SZ,2019-03-11,features_ok,2019-03-08,
541,0991.HK,2019-03-11,features_ok,2019-03-08,
542,601991.SS,2019-03-11,features_ok,2019-03-08,
543,1157.HK,2019-03-11,features_ok,2019-03-08,
544,000157.SZ,2019-03-11,features_ok,2019-03-08,
545,1528.HK,2019-03-11,features_ok,2019-03-08,
546,601828.SS,2019-03-11,features_ok,2019-03-08,
547,1618.HK,2019-03-11,features_ok,2019-03-08,
548,601618.SS,2019-03-11,features_ok,2019-03-08,
549,1812.HK,2019-03-11,features_ok,2019-03-08,
550,000488.SZ,2019-03-11,features_ok,2019-03-08,
551,2611.HK,2019-03-11,features_ok,2019-03-08,
552,601211.SS,2019-03-11,features_ok,2019-03-08,
553,2727.HK,2019-03-11,features_ok,2019-03-08,
554,601727.SS,2019-03-11,features_ok,2019-03-08,
555,2866.HK,2019-03-11,features_ok,2019-03-08,
556,601866.SS,2019-03-11,features_ok,2019-03-08,
557,3958.HK,2019-03-11,features_ok,2019-03-08,
558,600958.SS,2019-03-11,features_ok,2019-03-08,
559,6099.HK,2019-03-11,features_ok,2019-03-08,
560,600999.SS,2019-03-11,features_ok,2019-03-08,
561,1339.HK,2019-03-11,features_ok,2019-03-08,
562,601319.SS,2019-03-11,features_ok,2019-03-08,
563,1772.HK,2019-03-11,features_ok,2019-03-08,
564,002460.SZ,2019-03-11,features_ok,2019-03-08,
565,1787.HK,2019-03-11,features_ok,2019-03-08,
566,600547.SS,2019-03-11,features_ok,2019-03-08,
567,2359.HK,2019-03-11,features_ok,2019-03-08,
568,603259.SS,2019-03-11,features_ok,2019-03-08,
569,6869.HK,2019-03-11,features_ok,2019-03-08,
570,601869.SS,2019-03-11,features_ok,2019-03-08,
571,0753.HK,2019-06-17,features_ok,2019-06-14,
572,0902.HK,2019-06-17,features_ok,2019-06-14,
573,1776.HK,2019-06-17,features_ok,2019-06-14,
574,1816.HK,2019-06-17,features_ok,2019-06-14,
575,2333.HK,2019-06-17,features_ok,2019-06-14,
576,0291.HK,2019-06-17,features_ok,2019-06-14,
577,0960.HK,2019-06-17,features_ok,2019-06-14,
578,2007.HK,2019-06-17,features_ok,2019-06-14,
579,2020.HK,2019-06-17,features_ok,2019-06-14,
580,2688.HK,2019-06-17,features_ok,2019-06-14,
581,1896.HK,2019-06-17,features_ok,2019-06-14,
582,000001.SZ,2019-09-09,features_ok,2019-09-06,
583,000021.SZ,2019-09-09,features_ok,2019-09-06,
584,000035.SZ,2019-09-09,features_ok,2019-09-06,
585,000039.SZ,2019-09-09,features_ok,2019-09-06,
586,000046.SZ,2019-09-09,no_history,,ticker history unavailable
587,000050.SZ,2019-09-09,features_ok,2019-09-06,
588,000063.SZ,2019-09-09,features_ok,2019-09-06,
589,000066.SZ,2019-09-09,features_ok,2019-09-06,
590,000100.SZ,2019-09-09,features_ok,2019-09-06,
591,000513.SZ,2019-09-09,features_ok,2019-09-06,
592,000528.SZ,2019-09-09,features_ok,2019-09-06,
593,000540.SZ,2019-09-09,no_history,,ticker history unavailable
594,000546.SZ,2019-09-09,features_ok,2019-09-06,
595,000825.SZ,2019-09-09,features_ok,2019-09-06,
596,000997.SZ,2019-09-09,features_ok,2019-09-06,
597,001979.SZ,2019-09-09,features_ok,2019-09-06,
598,002078.SZ,2019-09-09,features_ok,2019-09-06,
599,002179.SZ,2019-09-09,features_ok,2019-09-06,
600,002249.SZ,2019-09-09,features_ok,2019-09-06,
601,002371.SZ,2019-09-09,features_ok,2019-09-06,
602,002407.SZ,2019-09-09,features_ok,2019-09-06,
603,002415.SZ,2019-09-09,features_ok,2019-09-06,
604,002601.SZ,2019-09-09,features_ok,2019-09-06,
605,002815.SZ,2019-09-09,features_ok,2019-09-06,
606,002916.SZ,2019-09-09,features_ok,2019-09-06,
607,300124.SZ,2019-09-09,features_ok,2019-09-06,
608,300274.SZ,2019-09-09,features_ok,2019-09-06,
609,300398.SZ,2019-09-09,features_ok,2019-09-06,
610,300750.SZ,2019-09-09,features_ok,2019-09-06,
611,600011.SS,2019-09-09,features_ok,2019-09-06,
612,600012.SS,2019-09-09,features_ok,2019-09-06,
613,600018.SS,2019-09-09,features_ok,2019-09-06,
614,600020.SS,2019-09-09,features_ok,2019-09-06,
615,600025.SS,2019-09-09,features_ok,2019-09-06,
616,600026.SS,2019-09-09,features_ok,2019-09-06,
617,600114.SS,2019-09-09,features_ok,2019-09-06,
618,600171.SS,2019-09-09,features_ok,2019-09-06,
619,600183.SS,2019-09-09,features_ok,2019-09-06,
620,600188.SS,2019-09-09,features_ok,2019-09-06,
621,600216.SS,2019-09-09,features_ok,2019-09-06,
622,600271.SS,2019-09-09,features_ok,2019-09-06,
623,600282.SS,2019-09-09,features_ok,2019-09-06,
624,600323.SS,2019-09-09,features_ok,2019-09-06,
625,600332.SS,2019-09-09,features_ok,2019-09-06,
626,600337.SS,2019-09-09,features_ok,2019-09-06,
627,600377.SS,2019-09-09,features_ok,2019-09-06,
628,600380.SS,2019-09-09,features_ok,2019-09-06,
629,600525.SS,2019-09-09,features_ok,2019-09-06,
630,600565.SS,2019-09-09,no_history,,ticker history unavailable
631,600580.SS,2019-09-09,features_ok,2019-09-06,
632,600588.SS,2019-09-09,features_ok,2019-09-06,
633,600600.SS,2019-09-09,features_ok,2019-09-06,
634,600648.SS,2019-09-09,features_ok,2019-09-06,
635,600750.SS,2019-09-09,features_ok,2019-09-06,
636,600775.SS,2019-09-09,features_ok,2019-09-06,
637,600808.SS,2019-09-09,features_ok,2019-09-06,
638,600860.SS,2019-09-09,features_ok,2019-09-06,
639,600871.SS,2019-09-09,features_ok,2019-09-06,
640,600874.SS,2019-09-09,features_ok,2019-09-06,
641,600875.SS,2019-09-09,features_ok,2019-09-06,
642,600958.SS,2019-09-09,features_ok,2019-09-06,
643,601012.SS,2019-09-09,features_ok,2019-09-06,
644,601066.SS,2019-09-09,features_ok,2019-09-06,
645,601088.SS,2019-09-09,features_ok,2019-09-06,
646,601138.SS,2019-09-09,features_ok,2019-09-06,
647,601166.SS,2019-09-09,features_ok,2019-09-06,
648,601186.SS,2019-09-09,features_ok,2019-09-06,
649,601200.SS,2019-09-09,features_ok,2019-09-06,
650,601211.SS,2019-09-09,features_ok,2019-09-06,
651,601231.SS,2019-09-09,features_ok,2019-09-06,
652,601326.SS,2019-09-09,features_ok,2019-09-06,
653,601330.SS,2019-09-09,features_ok,2019-09-06,
654,601600.SS,2019-09-09,features_ok,2019-09-06,
655,601607.SS,2019-09-09,features_ok,2019-09-06,
656,601688.SS,2019-09-09,features_ok,2019-09-06,
657,601717.SS,2019-09-09,features_ok,2019-09-06,
658,601788.SS,2019-09-09,features_ok,2019-09-06,
659,601811.SS,2019-09-09,features_ok,2019-09-06,
660,601818.SS,2019-09-09,features_ok,2019-09-06,
661,601828.SS,2019-09-09,features_ok,2019-09-06,
662,601866.SS,2019-09-09,features_ok,2019-09-06,
663,601881.SS,2019-09-09,features_ok,2019-09-06,
664,601888.SS,2019-09-09,features_ok,2019-09-06,
665,601899.SS,2019-09-09,features_ok,2019-09-06,
666,601939.SS,2019-09-09,features_ok,2019-09-06,
667,601992.SS,2019-09-09,features_ok,2019-09-06,
668,603019.SS,2019-09-09,features_ok,2019-09-06,
669,603337.SS,2019-09-09,features_ok,2019-09-06,
670,603588.SS,2019-09-09,features_ok,2019-09-06,
671,603595.SS,2019-09-09,features_ok,2019-09-06,
672,603659.SS,2019-09-09,features_ok,2019-09-06,
673,603680.SS,2019-09-09,features_ok,2019-09-06,
674,603737.SS,2019-09-09,features_ok,2019-09-06,
675,603773.SS,2019-09-09,features_ok,2019-09-06,
676,603993.SS,2019-09-09,features_ok,2019-09-06,
677,601328.SS,2019-09-09,features_ok,2019-09-06,
678,601398.SS,2019-09-09,features_ok,2019-09-06,
679,000063.SZ,2019-09-09,features_ok,2019-09-06,
680,000100.SZ,2019-09-09,features_ok,2019-09-06,
681,000825.SZ,2019-09-09,features_ok,2019-09-06,
682,002202.SZ,2019-09-09,features_ok,2019-09-06,
683,002415.SZ,2019-09-09,features_ok,2019-09-06,
684,002916.SZ,2019-09-09,features_ok,2019-09-06,
685,300750.SZ,2019-09-09,features_ok,2019-09-06,
686,600089.SS,2019-09-09,features_ok,2019-09-06,
687,600115.SS,2019-09-09,features_ok,2019-09-06,
688,600377.SS,2019-09-09,features_ok,2019-09-06,
689,600600.SS,2019-09-09,features_ok,2019-09-06,
690,601138.SS,2019-09-09,features_ok,2019-09-06,
691,601601.SS,2019-09-09,features_ok,2019-09-06,
692,601607.SS,2019-09-09,features_ok,2019-09-06,
693,601618.SS,2019-09-09,features_ok,2019-09-06,
694,601808.SS,2019-09-09,features_ok,2019-09-06,
695,601991.SS,2019-09-09,features_ok,2019-09-06,
696,2611.HK,2019-09-09,features_ok,2019-09-06,
697,601211.SS,2019-09-09,features_ok,2019-09-06,
698,600018.SS,2019-09-09,features_ok,2019-09-06,
699,0788.HK,2019-09-09,features_ok,2019-09-06,
700,1339.HK,2019-09-09,features_ok,2019-09-06,
701,601319.SS,2019-09-09,features_ok,2019-09-06,
702,000063.SZ,2019-09-09,features_ok,2019-09-06,
703,002027.SZ,2019-09-09,features_ok,2019-09-06,
704,600029.SS,2019-09-09,features_ok,2019-09-06,
705,600115.SS,2019-09-09,features_ok,2019-09-06,
706,601018.SS,2019-09-09,features_ok,2019-09-06,
707,601600.SS,2019-09-09,features_ok,2019-09-06,
708,000338.SZ,2019-09-09,features_ok,2019-09-06,
709,000538.SZ,2019-09-09,features_ok,2019-09-06,
710,002304.SZ,2019-09-09,features_ok,2019-09-06,
711,300498.SZ,2019-09-09,features_ok,2019-09-06,
712,300760.SZ,2019-09-09,features_ok,2019-09-06,
713,600196.SS,2019-09-09,features_ok,2019-09-06,
714,600276.SS,2019-09-09,features_ok,2019-09-06,
715,600887.SS,2019-09-09,features_ok,2019-09-06,
716,601360.SS,2019-09-09,features_ok,2019-09-06,
717,601607.SS,2019-09-09,features_ok,2019-09-06,
718,603993.SS,2019-09-09,features_ok,2019-09-06,
719,000063.SZ,2019-09-09,features_ok,2019-09-06,
720,000625.SZ,2019-09-09,features_ok,2019-09-06,
721,600068.SS,2019-09-09,no_history,,ticker history unavailable
722,600221.SS,2019-09-09,features_ok,2019-09-06,
723,601018.SS,2019-09-09,features_ok,2019-09-06,
724,601600.SS,2019-09-09,features_ok,2019-09-06,
725,601881.SS,2019-09-09,features_ok,2019-09-06,
726,601992.SS,2019-09-09,features_ok,2019-09-06,
727,300498.SZ,2019-09-09,features_ok,2019-09-06,
728,300750.SZ,2019-09-09,features_ok,2019-09-06,
729,600031.SS,2019-09-09,features_ok,2019-09-06,
730,600346.SS,2019-09-09,features_ok,2019-09-06,
731,600406.SS,2019-09-09,features_ok,2019-09-06,
732,601155.SS,2019-09-09,features_ok,2019-09-06,
733,601319.SS,2019-09-09,features_ok,2019-09-06,
734,601888.SS,2019-09-09,features_ok,2019-09-06,
735,0489.HK,2019-09-09,features_ok,2019-09-06,
736,1359.HK,2019-09-09,features_ok,2019-09-06,
737,2238.HK,2019-09-09,features_ok,2019-09-06,
738,2799.HK,2019-09-09,features_ok,2019-09-06,
739,6886.HK,2019-09-09,features_ok,2019-09-06,
740,0151.HK,2019-09-09,features_ok,2019-09-06,
741,0175.HK,2019-09-09,features_ok,2019-09-06,
742,0656.HK,2019-09-09,features_ok,2019-09-06,
743,0966.HK,2019-09-09,features_ok,2019-09-06,
744,1918.HK,2019-09-09,features_ok,2019-09-06,
745,0045.HK,2019-09-09,features_ok,2019-09-06,
746,0127.HK,2019-09-09,features_ok,2019-09-06,
747,0511.HK,2019-09-09,features_ok,2019-09-06,
748,0582.HK,2019-09-09,features_ok,2019-09-06,
749,0691.HK,2019-09-09,features_ok,2019-09-06,
750,1141.HK,2019-09-09,features_ok,2019-09-06,
751,1515.HK,2019-09-09,features_ok,2019-09-06,
752,1992.HK,2019-09-09,no_history,,ticker history unavailable
753,2038.HK,2019-09-09,features_ok,2019-09-06,
754,2356.HK,2019-09-09,features_ok,2019-09-06,
755,2888.HK,2019-09-09,features_ok,2019-09-06,
756,6099.HK,2019-09-09,features_ok,2019-09-06,
757,0667.HK,2019-09-09,features_ok,2019-09-06,
758,1579.HK,2019-09-09,features_ok,2019-09-06,
759,1717.HK,2019-09-09,features_ok,2019-09-06,
760,1951.HK,2019-09-09,features_ok,2019-09-06,
761,3301.HK,2019-09-09,features_ok,2019-09-06,
762,3692.HK,2019-09-09,features_ok,2019-09-06,
763,3883.HK,2019-09-09,features_ok,2019-09-06,
764,3990.HK,2019-09-09,features_ok,2019-09-06,
765,3998.HK,2019-09-09,features_ok,2019-09-06,
766,0045.HK,2019-09-09,features_ok,2019-09-06,
767,0163.HK,2019-09-09,features_ok,2019-09-06,
768,0168.HK,2019-09-09,features_ok,2019-09-06,
769,0215.HK,2019-09-09,features_ok,2019-09-06,
770,0288.HK,2019-09-09,features_ok,2019-09-06,
771,0316.HK,2019-09-09,features_ok,2019-09-06,
772,0330.HK,2019-09-09,features_ok,2019-09-06,
773,0517.HK,2019-09-09,features_ok,2019-09-06,
774,0737.HK,2019-09-09,features_ok,2019-09-06,
775,0787.HK,2019-09-09,no_history,,ticker history unavailable
776,1199.HK,2019-09-09,features_ok,2019-09-06,
777,1208.HK,2019-09-09,features_ok,2019-09-06,
778,0020.HK,2019-09-09,no_anchor,,no prior trading day in history
779,0052.HK,2019-09-09,features_ok,2019-09-06,
780,0123.HK,2019-09-09,features_ok,2019-09-06,
781,0586.HK,2019-09-09,features_ok,2019-09-06,
782,0808.HK,2019-09-09,features_ok,2019-09-06,
783,1070.HK,2019-09-09,features_ok,2019-09-06,
784,1099.HK,2019-09-09,features_ok,2019-09-06,
785,1333.HK,2019-09-09,no_anchor,,no prior trading day in history
786,3396.HK,2019-09-09,features_ok,2019-09-06,
787,3883.HK,2019-09-09,features_ok,2019-09-06,
788,3988.HK,2019-09-09,features_ok,2019-09-06,
789,0316.HK,2019-09-09,features_ok,2019-09-06,
790,0941.HK,2019-09-09,features_ok,2019-09-06,
791,0345.HK,2019-09-09,features_ok,2019-09-06,
792,1299.HK,2019-09-09,features_ok,2019-09-06,
793,1772.HK,2019-09-09,features_ok,2019-09-06,
794,002460.SZ,2019-09-09,features_ok,2019-09-06,
795,0548.HK,2019-09-09,features_ok,2019-09-06,
796,600548.SS,2019-09-09,features_ok,2019-09-06,
797,0598.HK,2019-09-09,features_ok,2019-09-06,
798,601598.SS,2019-09-09,features_ok,2019-09-06,
799,0921.HK,2019-09-09,features_ok,2019-09-06,
800,000921.SZ,2019-09-09,features_ok,2019-09-06,
801,1157.HK,2019-09-09,features_ok,2019-09-06,
802,000157.SZ,2019-09-09,features_ok,2019-09-06,
803,1528.HK,2019-09-09,features_ok,2019-09-06,
804,601828.SS,2019-09-09,features_ok,2019-09-06,
805,2611.HK,2019-09-09,features_ok,2019-09-06,
806,601211.SS,2019-09-09,features_ok,2019-09-06,
807,3958.HK,2019-09-09,features_ok,2019-09-06,
808,600958.SS,2019-09-09,features_ok,2019-09-06,
809,6066.HK,2019-09-09,features_ok,2019-09-06,
810,601066.SS,2019-09-09,features_ok,2019-09-06,
811,6178.HK,2019-09-09,features_ok,2019-09-06,
812,601788.SS,2019-09-09,features_ok,2019-09-06,
813,6806.HK,2019-09-09,features_ok,2019-09-06,
814,000166.SZ,2019-09-09,features_ok,2019-09-06,
815,6865.HK,2019-09-09,features_ok,2019-09-06,
816,601865.SS,2019-09-09,features_ok,2019-09-06,
817,0390.HK,2019-12-09,features_ok,2019-12-06,
818,3323.HK,2019-12-09,features_ok,2019-12-06,
819,1177.HK,2019-12-09,features_ok,2019-12-06,
820,1193.HK,2019-12-09,features_ok,2019-12-06,
821,2772.HK,2019-12-09,features_ok,2019-12-06,
822,0914.HK,2020-03-09,features_ok,2020-03-06,
823,1109.HK,2020-03-09,features_ok,2020-03-06,
824,603288.SS,2020-03-09,features_ok,2020-03-06,
825,600010.SS,2020-03-09,features_ok,2020-03-06,
826,601360.SS,2020-03-09,features_ok,2020-03-06,
827,601390.SS,2020-03-09,features_ok,2020-03-06,
828,0586.HK,2020-03-09,features_ok,2020-03-06,
829,2382.HK,2020-03-09,features_ok,2020-03-06,
830,1339.HK,2020-03-09,features_ok,2020-03-06,
831,1766.HK,2020-03-09,features_ok,2020-03-06,
832,0116.HK,2020-03-09,features_ok,2020-03-06,
833,0120.HK,2020-03-09,features_ok,2020-03-06,
834,0302.HK,2020-03-09,features_ok,2020-03-06,
835,0697.HK,2020-03-09,features_ok,2020-03-06,
836,0826.HK,2020-03-09,features_ok,2020-03-06,
837,1268.HK,2020-03-09,features_ok,2020-03-06,
838,1282.HK,2020-03-09,features_ok,2020-03-06,
839,1286.HK,2020-03-09,features_ok,2020-03-06,
840,1691.HK,2020-03-09,features_ok,2020-03-06,
841,1789.HK,2020-03-09,features_ok,2020-03-06,
842,1836.HK,2020-03-09,features_ok,2020-03-06,
843,1873.HK,2020-03-09,features_ok,2020-03-06,
844,1881.HK,2020-03-09,features_ok,2020-03-06,
845,2048.HK,2020-03-09,features_ok,2020-03-06,
846,2103.HK,2020-03-09,no_history,,ticker history unavailable
847,2400.HK,2020-03-09,features_ok,2020-03-06,
848,3319.HK,2020-03-09,features_ok,2020-03-06,
849,3331.HK,2020-03-09,features_ok,2020-03-06,
850,6049.HK,2020-03-09,features_ok,2020-03-06,
851,6069.HK,2020-03-09,features_ok,2020-03-06,
852,6110.HK,2020-03-09,features_ok,2020-03-06,
853,6186.HK,2020-03-09,features_ok,2020-03-06,
854,0052.HK,2020-03-09,features_ok,2020-03-06,
855,0321.HK,2020-03-09,features_ok,2020-03-06,
856,0400.HK,2020-03-09,features_ok,2020-03-06,
857,0439.HK,2020-03-09,features_ok,2020-03-06,
858,0508.HK,2020-03-09,features_ok,2020-03-06,
859,0511.HK,2020-03-09,features_ok,2020-03-06,
860,0512.HK,2020-03-09,features_ok,2020-03-06,
861,0579.HK,2020-03-09,features_ok,2020-03-06,
862,0699.HK,2020-03-09,no_anchor,,no prior trading day in history
863,0860.HK,2020-03-09,features_ok,2020-03-06,
864,0931.HK,2020-03-09,features_ok,2020-03-06,
865,0950.HK,2020-03-09,features_ok,2020-03-06,
866,0951.HK,2020-03-09,features_ok,2020-03-06,
867,1086.HK,2020-03-09,features_ok,2020-03-06,
868,1361.HK,2020-03-09,features_ok,2020-03-06,
869,1680.HK,2020-03-09,features_ok,2020-03-06,
870,1916.HK,2020-03-09,features_ok,2020-03-06,
871,1980.HK,2020-03-09,features_ok,2020-03-06,
872,2099.HK,2020-03-09,features_ok,2020-03-06,
873,2232.HK,2020-03-09,features_ok,2020-03-06,
874,2866.HK,2020-03-09,features_ok,2020-03-06,
875,3329.HK,2020-03-09,features_ok,2020-03-06,
876,6100.HK,2020-03-09,features_ok,2020-03-06,
877,6828.HK,2020-03-09,features_ok,2020-03-06,
878,6889.HK,2020-03-09,features_ok,2020-03-06,
879,87001.HK,2020-03-09,features_ok,2020-03-06,
880,000555.SZ,2020-03-09,features_ok,2020-03-06,
881,000967.SZ,2020-03-09,features_ok,2020-03-06,
882,300602.SZ,2020-03-09,features_ok,2020-03-06,
883,300770.SZ,2020-03-09,features_ok,2020-03-06,
884,3319.HK,2020-03-09,features_ok,2020-03-06,
885,3331.HK,2020-03-09,features_ok,2020-03-06,
886,603983.SS,2020-03-09,features_ok,2020-03-06,
887,6049.HK,2020-03-09,features_ok,2020-03-06,
888,6055.HK,2020-03-09,features_ok,2020-03-06,
889,000008.SZ,2020-03-09,features_ok,2020-03-06,
890,000036.SZ,2020-03-09,features_ok,2020-03-06,
891,002016.SZ,2020-03-09,features_ok,2020-03-06,
892,0178.HK,2020-03-09,features_ok,2020-03-06,
893,0511.HK,2020-03-09,features_ok,2020-03-06,
894,0751.HK,2020-03-09,features_ok,2020-03-06,
895,3933.HK,2020-03-09,features_ok,2020-03-06,
896,600499.SS,2020-03-09,features_ok,2020-03-06,
897,603898.SS,2020-03-09,features_ok,2020-03-06,
898,0762.HK,2020-06-08,features_ok,2020-06-05,
899,0813.HK,2020-06-08,features_ok,2020-06-05,
900,2319.HK,2020-06-08,features_ok,2020-06-05,
901,1336.HK,2020-06-08,features_ok,2020-06-05,
902,1800.HK,2020-06-08,features_ok,2020-06-05,
903,6837.HK,2020-06-08,no_history,,ticker history unavailable
904,002371.SZ,2020-09-07,features_ok,2020-09-04,
905,002594.SZ,2020-09-07,features_ok,2020-09-04,
906,300124.SZ,2020-09-07,features_ok,2020-09-04,
907,600028.SS,2020-09-07,features_ok,2020-09-04,
908,600183.SS,2020-09-07,features_ok,2020-09-04,
909,601231.SS,2020-09-07,features_ok,2020-09-04,
910,601727.SS,2020-09-07,features_ok,2020-09-04,
911,603019.SS,2020-09-07,features_ok,2020-09-04,
912,000825.SZ,2020-09-07,features_ok,2020-09-04,
913,002415.SZ,2020-09-07,features_ok,2020-09-04,
914,002916.SZ,2020-09-07,features_ok,2020-09-04,
915,600089.SS,2020-09-07,features_ok,2020-09-04,
916,601601.SS,2020-09-07,features_ok,2020-09-04,
917,601607.SS,2020-09-07,features_ok,2020-09-04,
918,601618.SS,2020-09-07,features_ok,2020-09-04,
919,601991.SS,2020-09-07,features_ok,2020-09-04,
920,300760.SZ,2020-09-07,features_ok,2020-09-04,
921,3690.HK,2020-09-07,features_ok,2020-09-04,
922,601816.SS,2020-09-07,features_ok,2020-09-04,
923,9988.HK,2020-09-07,features_ok,2020-09-04,
924,0762.HK,2020-09-07,features_ok,2020-09-04,
925,1800.HK,2020-09-07,features_ok,2020-09-04,
926,2328.HK,2020-09-07,features_ok,2020-09-04,
927,600050.SS,2020-09-07,features_ok,2020-09-04,
928,600887.SS,2020-09-07,features_ok,2020-09-04,
929,003816.SZ,2020-09-07,features_ok,2020-09-04,
930,600031.SS,2020-09-07,features_ok,2020-09-04,
931,600188.SS,2020-09-07,features_ok,2020-09-04,
932,600346.SS,2020-09-07,features_ok,2020-09-04,
933,600585.SS,2020-09-07,features_ok,2020-09-04,
934,600606.SS,2020-09-07,features_ok,2020-09-04,
935,601698.SS,2020-09-07,features_ok,2020-09-04,
936,601816.SS,2020-09-07,features_ok,2020-09-04,
937,603259.SS,2020-09-07,features_ok,2020-09-04,
938,000338.SZ,2020-09-07,features_ok,2020-09-04,
939,600023.SS,2020-09-07,features_ok,2020-09-04,
940,600118.SS,2020-09-07,features_ok,2020-09-04,
941,600688.SS,2020-09-07,features_ok,2020-09-04,
942,601111.SS,2020-09-07,features_ok,2020-09-04,
943,601186.SS,2020-09-07,features_ok,2020-09-04,
944,601607.SS,2020-09-07,features_ok,2020-09-04,
945,601898.SS,2020-09-07,features_ok,2020-09-04,
946,002475.SZ,2020-09-07,features_ok,2020-09-04,
947,003816.SZ,2020-09-07,features_ok,2020-09-04,
948,600276.SS,2020-09-07,features_ok,2020-09-04,
949,601658.SS,2020-09-07,features_ok,2020-09-04,
950,601816.SS,2020-09-07,features_ok,2020-09-04,
951,601916.SS,2020-09-07,features_ok,2020-09-04,
952,603288.SS,2020-09-07,features_ok,2020-09-04,
953,600011.SS,2020-09-07,features_ok,2020-09-04,
954,600023.SS,2020-09-07,features_ok,2020-09-04,
955,600297.SS,2020-09-07,no_history,,ticker history unavailable
956,600362.SS,2020-09-07,features_ok,2020-09-04,
957,600688.SS,2020-09-07,features_ok,2020-09-04,
958,600795.SS,2020-09-07,features_ok,2020-09-04,
959,601898.SS,2020-09-07,features_ok,2020-09-04,
960,1810.HK,2020-09-07,features_ok,2020-09-04,
961,3690.HK,2020-09-07,features_ok,2020-09-04,
962,9988.HK,2020-09-07,features_ok,2020-09-04,
963,1099.HK,2020-09-07,features_ok,2020-09-04,
964,1211.HK,2020-09-07,features_ok,2020-09-04,
965,6030.HK,2020-09-07,features_ok,2020-09-04,
966,0035.HK,2020-09-07,features_ok,2020-09-04,
967,0041.HK,2020-09-07,features_ok,2020-09-04,
968,0699.HK,2020-09-07,no_anchor,,no prior trading day in history
969,1141.HK,2020-09-07,features_ok,2020-09-04,
970,1475.HK,2020-09-07,features_ok,2020-09-04,
971,1675.HK,2020-09-07,features_ok,2020-09-04,
972,1773.HK,2020-09-07,features_ok,2020-09-04,
973,1801.HK,2020-09-07,features_ok,2020-09-04,
974,1817.HK,2020-09-07,features_ok,2020-09-04,
975,1995.HK,2020-09-07,features_ok,2020-09-04,
976,2342.HK,2020-09-07,features_ok,2020-09-04,
977,2356.HK,2020-09-07,features_ok,2020-09-04,
978,2500.HK,2020-09-07,features_ok,2020-09-04,
979,3759.HK,2020-09-07,features_ok,2020-09-04,
980,3813.HK,2020-09-07,features_ok,2020-09-04,
981,6078.HK,2020-09-07,features_ok,2020-09-04,
982,6099.HK,2020-09-07,features_ok,2020-09-04,
983,6160.HK,2020-09-07,features_ok,2020-09-04,
984,6185.HK,2020-09-07,features_ok,2020-09-04,
985,6855.HK,2020-09-07,features_ok,2020-09-04,
986,6889.HK,2020-09-07,features_ok,2020-09-04,
987,9909.HK,2020-09-07,features_ok,2020-09-04,
988,9922.HK,2020-09-07,features_ok,2020-09-04,
989,9923.HK,2020-09-07,features_ok,2020-09-04,
990,9926.HK,2020-09-07,features_ok,2020-09-04,
991,9928.HK,2020-09-07,features_ok,2020-09-04,
992,9966.HK,2020-09-07,features_ok,2020-09-04,
993,9968.HK,2020-09-07,features_ok,2020-09-04,
994,9969.HK,2020-09-07,features_ok,2020-09-04,
995,9983.HK,2020-09-07,features_ok,2020-09-04,
996,9996.HK,2020-09-07,features_ok,2020-09-04,
997,9997.HK,2020-09-07,no_history,,ticker history unavailable
998,0078.HK,2020-09-07,features_ok,2020-09-04,
999,0317.HK,2020-09-07,features_ok,2020-09-04,
1000,0451.HK,2020-09-07,features_ok,2020-09-04,
1001,0525.HK,2020-09-07,features_ok,2020-09-04,
1002,0582.HK,2020-09-07,features_ok,2020-09-04,
1003,0607.HK,2020-09-07,features_ok,2020-09-04,
1004,0687.HK,2020-09-07,features_ok,2020-09-04,
1005,0709.HK,2020-09-07,features_ok,2020-09-04,
1006,0732.HK,2020-09-07,features_ok,2020-09-04,
1007,0906.HK,2020-09-07,no_history,,ticker history unavailable
1008,1131.HK,2020-09-07,no_history,,ticker history unavailable
1009,1205.HK,2020-09-07,features_ok,2020-09-04,
1010,1286.HK,2020-09-07,features_ok,2020-09-04,
1011,1681.HK,2020-09-07,features_ok,2020-09-04,
1012,1806.HK,2020-09-07,no_history,,ticker history unavailable
1013,1905.HK,2020-09-07,features_ok,2020-09-04,
1014,2003.HK,2020-09-07,features_ok,2020-09-04,
1015,2051.HK,2020-09-07,features_ok,2020-09-04,
1016,2255.HK,2020-09-07,features_ok,2020-09-04,
1017,2280.HK,2020-09-07,features_ok,2020-09-04,
1018,2362.HK,2020-09-07,features_ok,2020-09-04,
1019,3382.HK,2020-09-07,features_ok,2020-09-04,
1020,3983.HK,2020-09-07,features_ok,2020-09-04,
1021,0008.HK,2020-09-07,features_ok,2020-09-04,
1022,0659.HK,2020-09-07,features_ok,2020-09-04,
1023,2319.HK,2020-09-07,features_ok,2020-09-04,
1024,0014.HK,2020-09-07,features_ok,2020-09-04,
1025,0069.HK,2020-09-07,features_ok,2020-09-04,
1026,1109.HK,2020-09-07,features_ok,2020-09-04,
1027,0148.HK,2020-09-07,features_ok,2020-09-04,
1028,0288.HK,2020-09-07,features_ok,2020-09-04,
1029,0384.HK,2020-09-07,features_ok,2020-09-04,
1030,0659.HK,2020-09-07,features_ok,2020-09-04,
1031,0836.HK,2020-09-07,features_ok,2020-09-04,
1032,2319.HK,2020-09-07,features_ok,2020-09-04,
1033,2688.HK,2020-09-07,features_ok,2020-09-04,
1034,0175.HK,2020-09-07,features_ok,2020-09-04,
1035,0390.HK,2020-09-07,features_ok,2020-09-04,
1036,1112.HK,2020-09-07,features_ok,2020-09-04,
1037,1316.HK,2020-09-07,features_ok,2020-09-04,
1038,1658.HK,2020-09-07,features_ok,2020-09-04,
1039,3377.HK,2020-09-07,features_ok,2020-09-04,
1040,3988.HK,2020-09-07,features_ok,2020-09-04,
1041,1810.HK,2020-09-07,features_ok,2020-09-04,
1042,2269.HK,2020-09-07,features_ok,2020-09-04,
1043,9988.HK,2020-09-07,features_ok,2020-09-04,
1044,0083.HK,2020-09-07,features_ok,2020-09-04,
1045,0151.HK,2020-09-07,features_ok,2020-09-04,
1046,1088.HK,2020-09-07,features_ok,2020-09-04,
1047,002243.SZ,2020-09-07,features_ok,2020-09-04,
1048,002791.SZ,2020-09-07,features_ok,2020-09-04,
1049,0041.HK,2020-09-07,features_ok,2020-09-04,
1050,1268.HK,2020-09-07,features_ok,2020-09-04,
1051,2039.HK,2020-09-07,features_ok,2020-09-04,
1052,2356.HK,2020-09-07,features_ok,2020-09-04,
1053,600143.SS,2020-09-07,features_ok,2020-09-04,
1054,9922.HK,2020-09-07,features_ok,2020-09-04,
1055,9926.HK,2020-09-07,features_ok,2020-09-04,
1056,002168.SZ,2020-09-07,features_ok,2020-09-04,
1057,002475.SZ,2020-09-07,features_ok,2020-09-04,
1058,002482.SZ,2020-09-07,features_ok,2020-09-04,
1059,002815.SZ,2020-09-07,features_ok,2020-09-04,
1060,0215.HK,2020-09-07,features_ok,2020-09-04,
1061,0308.HK,2020-09-07,features_ok,2020-09-04,
1062,0315.HK,2020-09-07,features_ok,2020-09-04,
1063,300297.SZ,2020-09-07,no_history,,ticker history unavailable
1064,300633.SZ,2020-09-07,features_ok,2020-09-04,
1065,0241.HK,2020-12-07,features_ok,2020-12-04,
1066,0688.HK,2020-12-07,features_ok,2020-12-04,
1067,0981.HK,2020-12-07,features_ok,2020-12-04,
1068,3333.HK,2020-12-07,features_ok,2020-12-04,
1069,3692.HK,2020-12-07,features_ok,2020-12-04,
1070,6186.HK,2020-12-07,features_ok,2020-12-04,
1071,6862.HK,2020-12-07,features_ok,2020-12-04,
1072,9618.HK,2020-12-07,features_ok,2020-12-04,
1073,9999.HK,2020-12-07,features_ok,2020-12-04,
1074,0151.HK,2020-12-07,features_ok,2020-12-04,
1075,0656.HK,2020-12-07,features_ok,2020-12-04,
1076,0728.HK,2020-12-07,features_ok,2020-12-04,
1077,0966.HK,2020-12-07,features_ok,2020-12-04,
1078,0998.HK,2020-12-07,features_ok,2020-12-04,
1079,1088.HK,2020-12-07,features_ok,2020-12-04,
1080,1988.HK,2020-12-07,features_ok,2020-12-04,
1081,2202.HK,2020-12-07,features_ok,2020-12-04,
1082,2328.HK,2020-12-07,features_ok,2020-12-04,
1083,0909.HK,2020-12-07,features_ok,2020-12-04,
1084,1179.HK,2020-12-07,features_ok,2020-12-04,
1085,2057.HK,2020-12-07,features_ok,2020-12-04,
1086,9668.HK,2020-12-07,features_ok,2020-12-04,
1087,9688.HK,2020-12-07,features_ok,2020-12-04,
1088,9987.HK,2020-12-07,features_ok,2020-12-04,
1089,9990.HK,2020-12-07,features_ok,2020-12-04,
1090,1876.HK,2020-12-07,features_ok,2020-12-04,
1091,2020.HK,2020-12-07,features_ok,2020-12-04,
1092,3690.HK,2020-12-07,features_ok,2020-12-04,
1093,0019.HK,2020-12-07,features_ok,2020-12-04,
1094,0909.HK,2020-12-07,features_ok,2020-12-04,
1095,9990.HK,2020-12-07,features_ok,2020-12-04,
1096,0136.HK,2020-12-07,features_ok,2020-12-04,
1097,0777.HK,2020-12-07,features_ok,2020-12-04,
1098,002475.SZ,2021-03-15,features_ok,2021-03-12,
1099,1810.HK,2021-03-15,features_ok,2021-03-12,
1100,300750.SZ,2021-03-15,features_ok,2021-03-12,
1101,300999.SZ,2021-03-15,features_ok,2021-03-12,
1102,601888.SS,2021-03-15,features_ok,2021-03-12,
1103,9618.HK,2021-03-15,features_ok,2021-03-12,
1104,9633.HK,2021-03-15,features_ok,2021-03-12,
1105,9999.HK,2021-03-15,features_ok,2021-03-12,
1106,0267.HK,2021-03-15,features_ok,2021-03-12,
1107,0728.HK,2021-03-15,features_ok,2021-03-12,
1108,1109.HK,2021-03-15,features_ok,2021-03-12,
1109,1766.HK,2021-03-15,features_ok,2021-03-12,
1110,2007.HK,2021-03-15,features_ok,2021-03-12,
1111,3333.HK,2021-03-15,features_ok,2021-03-12,
1112,601668.SS,2021-03-15,features_ok,2021-03-12,
1113,6818.HK,2021-03-15,features_ok,2021-03-12,
1114,6098.HK,2021-03-15,features_ok,2021-03-12,
1115,9633.HK,2021-03-15,features_ok,2021-03-12,
1116,0586.HK,2021-03-15,features_ok,2021-03-12,
1117,0857.HK,2021-03-15,features_ok,2021-03-12,
1118,1044.HK,2021-03-15,features_ok,2021-03-12,
1119,1193.HK,2021-03-15,features_ok,2021-03-12,
1120,0775.HK,2021-03-15,features_ok,2021-03-12,
1121,0873.HK,2021-03-15,features_ok,2021-03-12,
1122,1167.HK,2021-03-15,features_ok,2021-03-12,
1123,1209.HK,2021-03-15,features_ok,2021-03-12,
1124,1477.HK,2021-03-15,features_ok,2021-03-12,
1125,1516.HK,2021-03-15,features_ok,2021-03-12,
1126,1755.HK,2021-03-15,features_ok,2021-03-12,
1127,1769.HK,2021-03-15,features_ok,2021-03-12,
1128,1772.HK,2021-03-15,features_ok,2021-03-12,
1129,1821.HK,2021-03-15,no_history,,ticker history unavailable
1130,1877.HK,2021-03-15,features_ok,2021-03-12,
1131,1952.HK,2021-03-15,features_ok,2021-03-12,
1132,1981.HK,2021-03-15,features_ok,2021-03-12,
1133,1992.HK,2021-03-15,no_history,,ticker history unavailable
1134,2096.HK,2021-03-15,features_ok,2021-03-12,
1135,2126.HK,2021-03-15,features_ok,2021-03-12,
1136,2142.HK,2021-03-15,features_ok,2021-03-12,
1137,2148.HK,2021-03-15,no_history,,ticker history unavailable
1138,2599.HK,2021-03-15,features_ok,2021-03-12,
1139,2798.HK,2021-03-15,features_ok,2021-03-12,
1140,3347.HK,2021-03-15,features_ok,2021-03-12,
1141,3913.HK,2021-03-15,features_ok,2021-03-12,
1142,6100.HK,2021-03-15,features_ok,2021-03-12,
1143,6666.HK,2021-03-15,features_ok,2021-03-12,
1144,6690.HK,2021-03-15,features_ok,2021-03-12,
1145,6988.HK,2021-03-15,features_ok,2021-03-12,
1146,6989.HK,2021-03-15,features_ok,2021-03-12,
1147,6993.HK,2021-03-15,features_ok,2021-03-12,
1148,6996.HK,2021-03-15,features_ok,2021-03-12,
1149,6998.HK,2021-03-15,no_anchor,,no prior trading day in history
1150,9666.HK,2021-03-15,features_ok,2021-03-12,
1151,9698.HK,2021-03-15,features_ok,2021-03-12,
1152,9991.HK,2021-03-15,features_ok,2021-03-12,
1153,9992.HK,2021-03-15,features_ok,2021-03-12,
1154,9993.HK,2021-03-15,features_ok,2021-03-12,
1155,9995.HK,2021-03-15,features_ok,2021-03-12,
1156,0035.HK,2021-03-15,features_ok,2021-03-12,
1157,0041.HK,2021-03-15,features_ok,2021-03-12,
1158,0120.HK,2021-03-15,features_ok,2021-03-12,
1159,0178.HK,2021-03-15,features_ok,2021-03-12,
1160,0323.HK,2021-03-15,features_ok,2021-03-12,
1161,0327.HK,2021-03-15,features_ok,2021-03-12,
1162,0347.HK,2021-03-15,features_ok,2021-03-12,
1163,0467.HK,2021-03-15,features_ok,2021-03-12,
1164,0468.HK,2021-03-15,features_ok,2021-03-12,
1165,0496.HK,2021-03-15,features_ok,2021-03-12,
1166,0563.HK,2021-03-15,features_ok,2021-03-12,
1167,0598.HK,2021-03-15,features_ok,2021-03-12,
1168,0686.HK,2021-03-15,features_ok,2021-03-12,
1169,0698.HK,2021-03-15,features_ok,2021-03-12,
1170,0808.HK,2021-03-15,features_ok,2021-03-12,
1171,0973.HK,2021-03-15,no_history,,ticker history unavailable
1172,1071.HK,2021-03-15,features_ok,2021-03-12,
1173,1269.HK,2021-03-15,features_ok,2021-03-12,
1174,1293.HK,2021-03-15,features_ok,2021-03-12,
1175,1528.HK,2021-03-15,features_ok,2021-03-12,
1176,1618.HK,2021-03-15,features_ok,2021-03-12,
1177,1666.HK,2021-03-15,features_ok,2021-03-12,
1178,1728.HK,2021-03-15,features_ok,2021-03-12,
1179,1881.HK,2021-03-15,features_ok,2021-03-12,
1180,1970.HK,2021-03-15,features_ok,2021-03-12,
1181,2009.HK,2021-03-15,features_ok,2021-03-12,
1182,3306.HK,2021-03-15,features_ok,2021-03-12,
1183,6889.HK,2021-03-15,features_ok,2021-03-12,
1184,9668.HK,2021-03-15,features_ok,2021-03-12,
1185,0241.HK,2021-03-15,features_ok,2021-03-12,
1186,0960.HK,2021-03-15,features_ok,2021-03-12,
1187,6862.HK,2021-03-15,features_ok,2021-03-12,
1188,002351.SZ,2021-03-15,features_ok,2021-03-12,
1189,002850.SZ,2021-03-15,features_ok,2021-03-12,
1190,002967.SZ,2021-03-15,features_ok,2021-03-12,
1191,0909.HK,2021-03-15,features_ok,2021-03-12,
1192,1209.HK,2021-03-15,features_ok,2021-03-12,
1193,1999.HK,2021-03-15,features_ok,2021-03-12,
1194,300348.SZ,2021-03-15,features_ok,2021-03-12,
1195,300737.SZ,2021-03-15,features_ok,2021-03-12,
1196,6666.HK,2021-03-15,features_ok,2021-03-12,
1197,6993.HK,2021-03-15,features_ok,2021-03-12,
1198,9923.HK,2021-03-15,features_ok,2021-03-12,
1199,002047.SZ,2021-03-15,features_ok,2021-03-12,
1200,002303.SZ,2021-03-15,features_ok,2021-03-12,
1201,002611.SZ,2021-03-15,features_ok,2021-03-12,
1202,002717.SZ,2021-03-15,features_ok,2021-03-12,
1203,0041.HK,2021-03-15,features_ok,2021-03-12,
1204,0059.HK,2021-03-15,features_ok,2021-03-12,
1205,0440.HK,2021-03-15,features_ok,2021-03-12,
1206,0806.HK,2021-03-15,features_ok,2021-03-12,
1207,1383.HK,2021-03-15,features_ok,2021-03-12,
1208,1668.HK,2021-03-15,features_ok,2021-03-12,
1209,6690.HK,2021-03-15,features_ok,2021-03-12,
1210,9698.HK,2021-03-15,features_ok,2021-03-12,
1211,1478.HK,2021-03-15,features_ok,2021-03-12,
1212,1896.HK,2021-03-15,features_ok,2021-03-12,
1213,2400.HK,2021-03-15,features_ok,2021-03-12,
1214,2858.HK,2021-03-15,features_ok,2021-03-12,
1215,1211.HK,2021-06-07,features_ok,2021-06-04,
1216,6666.HK,2021-06-07,features_ok,2021-06-04,
1217,0270.HK,2021-06-07,features_ok,2021-06-04,
1218,0762.HK,2021-06-07,features_ok,2021-06-04,
1219,0788.HK,2021-06-07,features_ok,2021-06-04,
1220,2158.HK,2021-06-07,features_ok,2021-06-04,
1221,2160.HK,2021-06-07,features_ok,2021-06-04,
1222,2518.HK,2021-06-07,features_ok,2021-06-04,
1223,6606.HK,2021-06-07,features_ok,2021-06-04,
1224,0968.HK,2021-06-07,features_ok,2021-06-04,
1225,1211.HK,2021-06-07,features_ok,2021-06-04,
1226,6098.HK,2021-06-07,features_ok,2021-06-04,
1227,2518.HK,2021-06-07,features_ok,2021-06-04,
1228,9626.HK,2021-06-07,features_ok,2021-06-04,
1229,0763.HK,2021-06-07,features_ok,2021-06-04,
1230,6088.HK,2021-06-07,features_ok,2021-06-04,
1231,9990.HK,2021-06-07,features_ok,2021-06-04,
1232,001979.SZ,2021-09-06,features_ok,2021-09-03,
1233,002460.SZ,2021-09-06,features_ok,2021-09-03,
1234,002601.SZ,2021-09-06,features_ok,2021-09-03,
1235,300274.SZ,2021-09-06,features_ok,2021-09-03,
1236,600588.SS,2021-09-06,features_ok,2021-09-03,
1237,600837.SS,2021-09-06,no_history,,ticker history unavailable
1238,600958.SS,2021-09-06,features_ok,2021-09-03,
1239,601088.SS,2021-09-06,features_ok,2021-09-03,
1240,300124.SZ,2021-09-06,features_ok,2021-09-03,
1241,600183.SS,2021-09-06,features_ok,2021-09-03,
1242,600377.SS,2021-09-06,features_ok,2021-09-03,
1243,600690.SS,2021-09-06,features_ok,2021-09-03,
1244,601727.SS,2021-09-06,features_ok,2021-09-03,
1245,601808.SS,2021-09-06,features_ok,2021-09-03,
1246,601988.SS,2021-09-06,features_ok,2021-09-03,
1247,603019.SS,2021-09-06,features_ok,2021-09-03,
1248,002714.SZ,2021-09-06,features_ok,2021-09-03,
1249,1024.HK,2021-09-06,features_ok,2021-09-03,
1250,1211.HK,2021-09-06,features_ok,2021-09-03,
1251,601012.SS,2021-09-06,features_ok,2021-09-03,
1252,6618.HK,2021-09-06,features_ok,2021-09-03,
1253,9888.HK,2021-09-06,features_ok,2021-09-03,
1254,0688.HK,2021-09-06,features_ok,2021-09-03,
1255,0788.HK,2021-09-06,features_ok,2021-09-03,
1256,0998.HK,2021-09-06,features_ok,2021-09-03,
1257,1339.HK,2021-09-06,features_ok,2021-09-03,
1258,1988.HK,2021-09-06,features_ok,2021-09-03,
1259,600104.SS,2021-09-06,features_ok,2021-09-03,
1260,000063.SZ,2021-09-06,features_ok,2021-09-03,
1261,002475.SZ,2021-09-06,features_ok,2021-09-03,
1262,300999.SZ,2021-09-06,features_ok,2021-09-03,
1263,600690.SS,2021-09-06,features_ok,2021-09-03,
1264,600905.SS,2021-09-06,features_ok,2021-09-03,
1265,601808.SS,2021-09-06,features_ok,2021-09-03,
1266,601888.SS,2021-09-06,features_ok,2021-09-03,
1267,601919.SS,2021-09-06,features_ok,2021-09-03,
1268,603501.SS,2021-09-06,features_ok,2021-09-03,
1269,688981.SS,2021-09-06,features_ok,2021-09-03,
1270,000725.SZ,2021-09-06,features_ok,2021-09-03,
1271,002024.SZ,2021-09-06,features_ok,2021-09-03,
1272,002304.SZ,2021-09-06,features_ok,2021-09-03,
1273,600018.SS,2021-09-06,features_ok,2021-09-03,
1274,600188.SS,2021-09-06,features_ok,2021-09-03,
1275,600606.SS,2021-09-06,features_ok,2021-09-03,
1276,600703.SS,2021-09-06,features_ok,2021-09-03,
1277,600795.SS,2021-09-06,features_ok,2021-09-03,
1278,601006.SS,2021-09-06,features_ok,2021-09-03,
1279,601360.SS,2021-09-06,features_ok,2021-09-03,
1280,601816.SS,2021-09-06,features_ok,2021-09-03,
1281,000063.SZ,2021-09-06,features_ok,2021-09-03,
1282,002493.SZ,2021-09-06,features_ok,2021-09-03,
1283,002714.SZ,2021-09-06,features_ok,2021-09-03,
1284,300760.SZ,2021-09-06,features_ok,2021-09-03,
1285,300999.SZ,2021-09-06,features_ok,2021-09-03,
1286,601012.SS,2021-09-06,features_ok,2021-09-03,
1287,601066.SS,2021-09-06,features_ok,2021-09-03,
1288,601919.SS,2021-09-06,features_ok,2021-09-03,
1289,600029.SS,2021-09-06,features_ok,2021-09-03,
1290,600115.SS,2021-09-06,features_ok,2021-09-03,
1291,600188.SS,2021-09-06,features_ok,2021-09-03,
1292,600340.SS,2021-09-06,features_ok,2021-09-03,
1293,600383.SS,2021-09-06,features_ok,2021-09-03,
1294,600886.SS,2021-09-06,features_ok,2021-09-03,
1295,601111.SS,2021-09-06,features_ok,2021-09-03,
1296,601607.SS,2021-09-06,features_ok,2021-09-03,
1297,2331.HK,2021-09-06,features_ok,2021-09-03,
1298,2618.HK,2021-09-06,features_ok,2021-09-03,
1299,0813.HK,2021-09-06,features_ok,2021-09-03,
1300,0914.HK,2021-09-06,features_ok,2021-09-03,
1301,0013.HK,2021-09-06,features_ok,2021-09-03,
1302,0043.HK,2021-09-06,no_history,,ticker history unavailable
1303,1137.HK,2021-09-06,features_ok,2021-09-03,
1304,2150.HK,2021-09-06,features_ok,2021-09-03,
1305,2171.HK,2021-09-06,features_ok,2021-09-03,
1306,2362.HK,2021-09-06,features_ok,2021-09-03,
1307,2616.HK,2021-09-06,features_ok,2021-09-03,
1308,3738.HK,2021-09-06,features_ok,2021-09-03,
1309,6600.HK,2021-09-06,no_anchor,,no prior trading day in history
1310,6601.HK,2021-09-06,features_ok,2021-09-03,
1311,6608.HK,2021-09-06,features_ok,2021-09-03,
1312,6699.HK,2021-09-06,features_ok,2021-09-03,
1313,6865.HK,2021-09-06,features_ok,2021-09-03,
1314,9858.HK,2021-09-06,features_ok,2021-09-03,
1315,9939.HK,2021-09-06,features_ok,2021-09-03,
1316,9959.HK,2021-09-06,features_ok,2021-09-03,
1317,9961.HK,2021-09-06,features_ok,2021-09-03,
1318,0315.HK,2021-09-06,features_ok,2021-09-03,
1319,0548.HK,2021-09-06,features_ok,2021-09-03,
1320,0874.HK,2021-09-06,features_ok,2021-09-03,
1321,0978.HK,2021-09-06,features_ok,2021-09-03,
1322,1119.HK,2021-09-06,features_ok,2021-09-03,
1323,1138.HK,2021-09-06,features_ok,2021-09-03,
1324,1383.HK,2021-09-06,features_ok,2021-09-03,
1325,1508.HK,2021-09-06,features_ok,2021-09-03,
1326,1558.HK,2021-09-06,no_history,,ticker history unavailable
1327,1569.HK,2021-09-06,features_ok,2021-09-03,
1328,1778.HK,2021-09-06,features_ok,2021-09-03,
1329,1817.HK,2021-09-06,features_ok,2021-09-03,
1330,1848.HK,2021-09-06,features_ok,2021-09-03,
1331,2329.HK,2021-09-06,features_ok,2021-09-03,
1332,2386.HK,2021-09-06,features_ok,2021-09-03,
1333,2768.HK,2021-09-06,no_anchor,,no prior trading day in history
1334,2877.HK,2021-09-06,features_ok,2021-09-03,
1335,3836.HK,2021-09-06,features_ok,2021-09-03,
1336,3958.HK,2021-09-06,features_ok,2021-09-03,
1337,6166.HK,2021-09-06,no_anchor,,no prior trading day in history
1338,6806.HK,2021-09-06,features_ok,2021-09-03,
1339,6869.HK,2021-09-06,features_ok,2021-09-03,
1340,0066.HK,2021-09-06,features_ok,2021-09-03,
1341,0288.HK,2021-09-06,features_ok,2021-09-03,
1342,0941.HK,2021-09-06,features_ok,2021-09-03,
1343,1109.HK,2021-09-06,features_ok,2021-09-03,
1344,1347.HK,2021-09-06,features_ok,2021-09-03,
1345,1929.HK,2021-09-06,features_ok,2021-09-03,
1346,2382.HK,2021-09-06,features_ok,2021-09-03,
1347,0008.HK,2021-09-06,features_ok,2021-09-03,
1348,0019.HK,2021-09-06,features_ok,2021-09-03,
1349,0257.HK,2021-09-06,features_ok,2021-09-03,
1350,0293.HK,2021-09-06,features_ok,2021-09-03,
1351,0345.HK,2021-09-06,features_ok,2021-09-03,
1352,0659.HK,2021-09-06,features_ok,2021-09-03,
1353,0683.HK,2021-09-06,features_ok,2021-09-03,
1354,0066.HK,2021-09-06,features_ok,2021-09-03,
1355,0175.HK,2021-09-06,features_ok,2021-09-03,
1356,0656.HK,2021-09-06,features_ok,2021-09-03,
1357,0669.HK,2021-09-06,features_ok,2021-09-03,
1358,0884.HK,2021-09-06,features_ok,2021-09-03,
1359,1113.HK,2021-09-06,features_ok,2021-09-03,
1360,1347.HK,2021-09-06,features_ok,2021-09-03,
1361,2382.HK,2021-09-06,features_ok,2021-09-03,
1362,2689.HK,2021-09-06,features_ok,2021-09-03,
1363,3380.HK,2021-09-06,features_ok,2021-09-03,
1364,6098.HK,2021-09-06,features_ok,2021-09-03,
1365,0010.HK,2021-09-06,features_ok,2021-09-03,
1366,0014.HK,2021-09-06,features_ok,2021-09-03,
1367,0069.HK,2021-09-06,features_ok,2021-09-03,
1368,0148.HK,2021-09-06,features_ok,2021-09-03,
1369,0257.HK,2021-09-06,features_ok,2021-09-03,
1370,0345.HK,2021-09-06,features_ok,2021-09-03,
1371,0384.HK,2021-09-06,features_ok,2021-09-03,
1372,0659.HK,2021-09-06,features_ok,2021-09-03,
1373,0683.HK,2021-09-06,features_ok,2021-09-03,
1374,2778.HK,2021-09-06,features_ok,2021-09-03,
1375,3311.HK,2021-09-06,features_ok,2021-09-03,
1376,0868.HK,2021-09-06,features_ok,2021-09-03,
1377,2331.HK,2021-09-06,features_ok,2021-09-03,
1378,3968.HK,2021-09-06,features_ok,2021-09-03,
1379,3328.HK,2021-09-06,features_ok,2021-09-03,
1380,0002.HK,2021-09-06,features_ok,2021-09-03,
1381,000539.SZ,2021-09-06,features_ok,2021-09-03,
1382,0013.HK,2021-09-06,features_ok,2021-09-03,
1383,002163.SZ,2021-09-06,features_ok,2021-09-03,
1384,002240.SZ,2021-09-06,features_ok,2021-09-03,
1385,003012.SZ,2021-09-06,features_ok,2021-09-03,
1386,0069.HK,2021-09-06,features_ok,2021-09-03,
1387,0522.HK,2021-09-06,features_ok,2021-09-03,
1388,0551.HK,2021-09-06,features_ok,2021-09-03,
1389,2150.HK,2021-09-06,features_ok,2021-09-03,
1390,300083.SZ,2021-09-06,features_ok,2021-09-03,
1391,300832.SZ,2021-09-06,features_ok,2021-09-03,
1392,300888.SZ,2021-09-06,features_ok,2021-09-03,
1393,6969.HK,2021-09-06,features_ok,2021-09-03,
1394,000025.SZ,2021-09-06,features_ok,2021-09-03,
1395,000070.SZ,2021-09-06,features_ok,2021-09-03,
1396,002292.SZ,2021-09-06,features_ok,2021-09-03,
1397,002421.SZ,2021-09-06,features_ok,2021-09-03,
1398,002503.SZ,2021-09-06,no_history,,ticker history unavailable
1399,002600.SZ,2021-09-06,features_ok,2021-09-03,
1400,0895.HK,2021-09-06,features_ok,2021-09-03,
1401,1052.HK,2021-09-06,features_ok,2021-09-03,
1402,1558.HK,2021-09-06,no_history,,ticker history unavailable
1403,1908.HK,2021-09-06,features_ok,2021-09-03,
1404,300377.SZ,2021-09-06,features_ok,2021-09-03,
1405,300676.SZ,2021-09-06,features_ok,2021-09-03,
1406,3613.HK,2021-09-06,features_ok,2021-09-03,
1407,6055.HK,2021-09-06,features_ok,2021-09-03,
1408,9961.HK,2021-09-06,features_ok,2021-09-03,
1409,1797.HK,2021-09-06,features_ok,2021-09-03,
1410,1801.HK,2021-12-06,features_ok,2021-12-03,
1411,3333.HK,2021-12-06,features_ok,2021-12-03,
1412,2137.HK,2021-12-06,features_ok,2021-12-03,
1413,2192.HK,2021-12-06,features_ok,2021-12-03,
1414,9869.HK,2021-12-06,features_ok,2021-12-03,
1415,0291.HK,2021-12-06,features_ok,2021-12-03,
1416,2688.HK,2021-12-06,features_ok,2021-12-03,
1417,9618.HK,2021-12-06,features_ok,2021-12-03,
1418,9999.HK,2021-12-06,features_ok,2021-12-03,
1419,0992.HK,2022-06-13,features_ok,2022-06-10,
1420,3692.HK,2022-06-13,features_ok,2022-06-10,
1421,9866.HK,2022-06-13,features_ok,2022-06-10,
1422,0316.HK,2022-06-13,features_ok,2022-06-10,
1423,0881.HK,2022-06-13,features_ok,2022-06-10,
1424,0981.HK,2022-06-13,features_ok,2022-06-10,
1425,1378.HK,2022-06-13,features_ok,2022-06-10,
1426,2018.HK,2022-06-13,features_ok,2022-06-10,
1427,9866.HK,2022-06-13,features_ok,2022-06-10,
1428,0522.HK,2022-06-13,features_ok,2022-06-10,
1429,0857.HK,2022-12-05,features_ok,2022-12-02,
1430,0881.HK,2022-12-05,features_ok,2022-12-02,
1431,2015.HK,2022-12-05,features_ok,2022-12-02,
1432,6690.HK,2022-12-05,features_ok,2022-12-02,
1433,0241.HK,2022-12-05,features_ok,2022-12-02,
1434,0384.HK,2022-12-05,features_ok,2022-12-02,
1435,1801.HK,2022-12-05,features_ok,2022-12-02,
1436,9626.HK,2022-12-05,features_ok,2022-12-02,
1437,1698.HK,2022-12-05,features_ok,2022-12-02,
1438,1880.HK,2022-12-05,features_ok,2022-12-02,
1439,9863.HK,2022-12-05,features_ok,2022-12-02,
1440,0322.HK,2022-12-05,features_ok,2022-12-02,
1441,1209.HK,2022-12-05,features_ok,2022-12-02,
1442,6690.HK,2022-12-05,features_ok,2022-12-02,
1443,0857.HK,2022-12-05,features_ok,2022-12-02,
1444,0881.HK,2022-12-05,features_ok,2022-12-02,
1445,2015.HK,2022-12-05,features_ok,2022-12-02,
1446,6690.HK,2022-12-05,features_ok,2022-12-02,
1447,0241.HK,2022-12-05,features_ok,2022-12-02,
1448,0384.HK,2022-12-05,features_ok,2022-12-02,
1449,1801.HK,2022-12-05,features_ok,2022-12-02,
1450,601857.SS,2022-12-05,features_ok,2022-12-02,
1451,3650.HK,2023-12-04,features_ok,2023-12-01,
1452,9690.HK,2023-12-04,features_ok,2023-12-01,
1453,3933.HK,2023-12-04,features_ok,2023-12-01,
1454,9885.HK,2023-12-04,features_ok,2023-12-01,
1455,6929.HK,2023-12-04,features_ok,2023-12-01,
1456,9955.HK,2023-12-04,features_ok,2023-12-01,
1457,2015.HK,2023-12-04,features_ok,2023-12-01,
1458,2359.HK,2023-12-04,features_ok,2023-12-01,
1459,0762.HK,2024-03-04,features_ok,2024-03-01,
1460,0881.HK,2024-03-04,features_ok,2024-03-01,
1461,0412.HK,2024-03-04,features_ok,2024-03-01,
1462,0666.HK,2024-03-04,features_ok,2024-03-01,
1463,0813.HK,2024-03-04,features_ok,2024-03-01,
1464,0884.HK,2024-03-04,features_ok,2024-03-01,
1465,0921.HK,2024-03-04,features_ok,2024-03-01,
1466,1381.HK,2024-03-04,no_history,,ticker history unavailable
1467,1519.HK,2024-03-04,features_ok,2024-03-01,
1468,1541.HK,2024-03-04,features_ok,2024-03-01,
1469,1735.HK,2024-03-04,features_ok,2024-03-01,
1470,1963.HK,2024-03-04,features_ok,2024-03-01,
1471,1969.HK,2024-03-04,features_ok,2024-03-01,
1472,2169.HK,2024-03-04,features_ok,2024-03-01,
1473,2268.HK,2024-03-04,features_ok,2024-03-01,
1474,2429.HK,2024-03-04,features_ok,2024-03-01,
1475,2511.HK,2024-03-04,features_ok,2024-03-01,
1476,2517.HK,2024-03-04,features_ok,2024-03-01,
1477,2877.HK,2024-03-04,features_ok,2024-03-01,
1478,6666.HK,2024-03-04,features_ok,2024-03-01,
1479,6682.HK,2024-03-04,features_ok,2024-03-01,
1480,6683.HK,2024-03-04,features_ok,2024-03-01,
1481,6990.HK,2024-03-04,features_ok,2024-03-01,
1482,9638.HK,2024-03-04,features_ok,2024-03-01,
1483,9676.HK,2024-03-04,features_ok,2024-03-01,
1484,9880.HK,2024-03-04,features_ok,2024-03-01,
1485,9890.HK,2024-03-04,features_ok,2024-03-01,
1486,3877.HK,2024-03-04,features_ok,2024-03-01,
1487,6610.HK,2024-03-04,features_ok,2024-03-01,
1488,6878.HK,2024-03-04,features_ok,2024-03-01,
1489,6929.HK,2024-03-04,features_ok,2024-03-01,
1490,9930.HK,2024-03-04,features_ok,2024-03-01,
1491,9939.HK,2024-03-04,features_ok,2024-03-01,
1492,9985.HK,2024-03-04,features_ok,2024-03-01,
1493,1513.HK,2024-03-04,features_ok,2024-03-01,
1494,2268.HK,2024-03-04,features_ok,2024-03-01,
1495,0512.HK,2024-03-04,features_ok,2024-03-01,
1496,6185.HK,2024-03-04,features_ok,2024-03-01,
1497,000333.SZ,2024-03-04,features_ok,2024-03-01,
1498,0762.HK,2024-03-04,features_ok,2024-03-01,
1499,0881.HK,2024-03-04,features_ok,2024-03-01,
1500,600438.SS,2024-03-04,features_ok,2024-03-01,
1501,001323.SZ,2024-03-04,features_ok,2024-03-01,
1502,1735.HK,2024-03-04,features_ok,2024-03-01,
1503,1942.HK,2024-03-04,features_ok,2024-03-01,
1504,301510.SZ,2024-03-04,features_ok,2024-03-01,
1505,6666.HK,2024-03-04,features_ok,2024-03-01,
1506,688114.SS,2024-03-04,features_ok,2024-03-01,
1507,688318.SS,2024-03-04,features_ok,2024-03-01,
1508,9880.HK,2024-03-04,features_ok,2024-03-01,
1509,9885.HK,2024-03-04,features_ok,2024-03-01,
1510,000078.SZ,2024-03-04,features_ok,2024-03-01,
1511,000893.SZ,2024-03-04,features_ok,2024-03-01,
1512,002163.SZ,2024-03-04,features_ok,2024-03-01,
1513,002670.SZ,2024-03-04,features_ok,2024-03-01,
1514,0336.HK,2024-03-04,features_ok,2024-03-01,
1515,1686.HK,2024-03-04,features_ok,2024-03-01,
1516,2150.HK,2024-03-04,features_ok,2024-03-01,
1517,300671.SZ,2024-03-04,features_ok,2024-03-01,
1518,3319.HK,2024-03-04,features_ok,2024-03-01,
1519,0780.HK,2024-03-04,features_ok,2024-03-01,
1520,9698.HK,2024-03-04,features_ok,2024-03-01,
1521,2899.HK,2024-06-11,features_ok,2024-06-07,
1522,0968.HK,2024-06-11,features_ok,2024-06-07,
1523,2498.HK,2024-06-11,features_ok,2024-06-07,
1524,6600.HK,2024-06-11,no_anchor,,no prior trading day in history
1525,6855.HK,2024-06-11,features_ok,2024-06-07,
1526,6990.HK,2024-06-11,features_ok,2024-06-07,
1527,0314.HK,2024-06-11,features_ok,2024-06-07,
1528,9886.HK,2024-06-11,features_ok,2024-06-07,
1529,9997.HK,2024-06-11,no_history,,ticker history unavailable
1530,0285.HK,2024-06-11,features_ok,2024-06-07,
1531,6098.HK,2024-06-11,features_ok,2024-06-07,
1532,2899.HK,2024-06-11,features_ok,2024-06-07,
1533,601319.SS,2024-06-11,features_ok,2024-06-07,
1534,601998.SS,2024-06-11,features_ok,2024-06-07,
1535,0968.HK,2024-06-11,features_ok,2024-06-07,
1536,601633.SS,2024-06-11,features_ok,2024-06-07,
1537,601899.SS,2024-06-11,features_ok,2024-06-07,
1538,0567.HK,2024-09-09,features_ok,2024-09-05,
1539,0655.HK,2024-09-09,features_ok,2024-09-05,
1540,0801.HK,2024-09-09,no_history,,ticker history unavailable
1541,1311.HK,2024-09-09,no_history,,ticker history unavailable
1542,1788.HK,2024-09-09,features_ok,2024-09-05,
1543,1857.HK,2024-09-09,features_ok,2024-09-05,
1544,1865.HK,2024-09-09,features_ok,2024-09-05,
1545,1939.HK,2024-09-09,features_ok,2024-09-05,
1546,3259.HK,2024-09-09,no_history,,ticker history unavailable
1547,88187.HK,2024-09-09,no_history,,ticker history unavailable
1548,88707.HK,2024-09-09,no_history,,ticker history unavailable
1549,0016.HK,2024-09-09,features_ok,2024-09-05,
1550,0008.HK,2024-09-09,features_ok,2024-09-05,
1551,0048.HK,2024-09-09,features_ok,2024-09-05,
1552,0124.HK,2024-09-09,features_ok,2024-09-05,
1553,0333.HK,2024-09-09,features_ok,2024-09-05,
1554,0347.HK,2024-09-09,features_ok,2024-09-05,
1555,0759.HK,2024-09-09,features_ok,2024-09-05,
1556,0760.HK,2024-09-09,features_ok,2024-09-05,
1557,0825.HK,2024-09-09,features_ok,2024-09-05,
1558,2129.HK,2024-09-09,features_ok,2024-09-05,
1559,2352.HK,2024-09-09,features_ok,2024-09-05,
1560,0029.HK,2024-09-09,features_ok,2024-09-05,
1561,0104.HK,2024-09-09,features_ok,2024-09-05,
1562,0115.HK,2024-09-09,features_ok,2024-09-05,
1563,0380.HK,2024-09-09,features_ok,2024-09-05,
1564,0588.HK,2024-09-09,features_ok,2024-09-05,
1565,0732.HK,2024-09-09,features_ok,2024-09-05,
1566,0919.HK,2024-09-09,features_ok,2024-09-05,
1567,0999.HK,2024-09-09,no_anchor,,no prior trading day in history
1568,1088.HK,2024-09-09,features_ok,2024-09-05,
1569,1108.HK,2024-09-09,features_ok,2024-09-05,
1570,2236.HK,2024-09-09,features_ok,2024-09-05,
1571,3993.HK,2024-09-09,features_ok,2024-09-05,
1572,300750.SZ,2024-09-09,features_ok,2024-09-06,
1573,600028.SS,2024-09-09,features_ok,2024-09-06,
1574,600600.SS,2024-09-09,features_ok,2024-09-06,
1575,601318.SS,2024-09-09,features_ok,2024-09-06,
1576,601808.SS,2024-09-09,features_ok,2024-09-06,
1577,601899.SS,2024-09-09,features_ok,2024-09-06,
1578,000776.SZ,2024-09-09,features_ok,2024-09-06,
1579,002179.SZ,2024-09-09,features_ok,2024-09-06,
1580,600030.SS,2024-09-09,features_ok,2024-09-06,
1581,600104.SS,2024-09-09,features_ok,2024-09-06,
1582,600547.SS,2024-09-09,features_ok,2024-09-06,
1583,601012.SS,2024-09-09,features_ok,2024-09-06,
1584,000568.SZ,2024-09-09,features_ok,2024-09-06,
1585,300122.SZ,2024-09-09,features_ok,2024-09-06,
1586,600938.SS,2024-09-09,features_ok,2024-09-06,
1587,601600.SS,2024-09-09,features_ok,2024-09-06,
1588,603993.SS,2024-09-09,features_ok,2024-09-06,
1589,688036.SS,2024-09-09,features_ok,2024-09-06,
1590,002493.SZ,2024-09-09,features_ok,2024-09-06,
1591,600188.SS,2024-09-09,features_ok,2024-09-06,
1592,600196.SS,2024-09-09,features_ok,2024-09-06,
1593,600346.SS,2024-09-09,features_ok,2024-09-06,
1594,603288.SS,2024-09-09,features_ok,2024-09-06,
1595,603501.SS,2024-09-09,features_ok,2024-09-06,
1596,1519.HK,2024-09-09,features_ok,2024-09-05,
1597,9901.HK,2024-09-09,features_ok,2024-09-05,
1598,0020.HK,2024-09-09,features_ok,2024-09-05,
1599,2618.HK,2024-09-09,features_ok,2024-09-05,
1600,0010.HK,2024-09-09,features_ok,2024-09-05,
1601,0173.HK,2024-09-09,features_ok,2024-09-05,
1602,0317.HK,2024-09-09,features_ok,2024-09-05,
1603,0598.HK,2024-09-09,features_ok,2024-09-05,
1604,0906.HK,2024-09-09,no_history,,ticker history unavailable
1605,0917.HK,2024-09-09,no_anchor,,no prior trading day in history
1606,0975.HK,2024-09-09,features_ok,2024-09-05,
1607,1071.HK,2024-09-09,features_ok,2024-09-05,
1608,1274.HK,2024-09-09,features_ok,2024-09-05,
1609,1277.HK,2024-09-09,features_ok,2024-09-05,
1610,1341.HK,2024-09-09,features_ok,2024-09-05,
1611,1405.HK,2024-09-09,features_ok,2024-09-05,
1612,1558.HK,2024-09-09,no_history,,ticker history unavailable
1613,1709.HK,2024-09-09,features_ok,2024-09-05,
1614,1773.HK,2024-09-09,features_ok,2024-09-05,
1615,1836.HK,2024-09-09,features_ok,2024-09-05,
1616,1855.HK,2024-09-09,features_ok,2024-09-05,
1617,1921.HK,2024-09-09,features_ok,2024-09-05,
1618,2016.HK,2024-09-09,features_ok,2024-09-05,
1619,2039.HK,2024-09-09,features_ok,2024-09-05,
1620,2155.HK,2024-09-09,features_ok,2024-09-05,
1621,2228.HK,2024-09-09,features_ok,2024-09-05,
1622,2356.HK,2024-09-09,features_ok,2024-09-05,
1623,2386.HK,2024-09-09,features_ok,2024-09-05,
1624,2419.HK,2024-09-09,features_ok,2024-09-05,
1625,2443.HK,2024-09-09,features_ok,2024-09-05,
1626,2453.HK,2024-09-09,features_ok,2024-09-05,
1627,2459.HK,2024-09-09,features_ok,2024-09-05,
1628,2550.HK,2024-09-09,features_ok,2024-09-05,
1629,2555.HK,2024-09-09,features_ok,2024-09-05,
1630,2556.HK,2024-09-09,features_ok,2024-09-05,
1631,2602.HK,2024-09-09,features_ok,2024-09-05,
1632,3306.HK,2024-09-09,features_ok,2024-09-05,
1633,3877.HK,2024-09-09,features_ok,2024-09-05,
1634,6181.HK,2024-09-09,features_ok,2024-09-05,
1635,6963.HK,2024-09-09,features_ok,2024-09-05,
1636,9699.HK,2024-09-09,features_ok,2024-09-05,
1637,9899.HK,2024-09-09,features_ok,2024-09-05,
1638,0120.HK,2024-09-09,features_ok,2024-09-05,
1639,0302.HK,2024-09-09,features_ok,2024-09-05,
1640,0520.HK,2024-09-09,features_ok,2024-09-05,
1641,0650.HK,2024-09-09,features_ok,2024-09-05,
1642,0697.HK,2024-09-09,features_ok,2024-09-05,
1643,0813.HK,2024-09-09,features_ok,2024-09-05,
1644,0933.HK,2024-09-09,features_ok,2024-09-05,
1645,1176.HK,2024-09-09,features_ok,2024-09-05,
1646,1238.HK,2024-09-09,features_ok,2024-09-05,
1647,1244.HK,2024-09-09,features_ok,2024-09-05,
1648,1521.HK,2024-09-09,features_ok,2024-09-05,
1649,1563.HK,2024-09-09,features_ok,2024-09-05,
1650,1668.HK,2024-09-09,features_ok,2024-09-05,
1651,1765.HK,2024-09-09,features_ok,2024-09-05,
1652,1877.HK,2024-09-09,features_ok,2024-09-05,
1653,1890.HK,2024-09-09,features_ok,2024-09-05,
1654,2138.HK,2024-09-09,features_ok,2024-09-05,
1655,2160.HK,2024-09-09,features_ok,2024-09-05,
1656,2257.HK,2024-09-09,features_ok,2024-09-05,
1657,2415.HK,2024-09-09,features_ok,2024-09-05,
1658,2416.HK,2024-09-09,features_ok,2024-09-05,
1659,3377.HK,2024-09-09,features_ok,2024-09-05,
1660,6100.HK,2024-09-09,features_ok,2024-09-05,
1661,6185.HK,2024-09-09,features_ok,2024-09-05,
1662,9668.HK,2024-09-09,features_ok,2024-09-05,
1663,9857.HK,2024-09-09,features_ok,2024-09-05,
1664,9877.HK,2024-09-09,features_ok,2024-09-05,
1665,9886.HK,2024-09-09,features_ok,2024-09-05,
1666,9955.HK,2024-09-09,features_ok,2024-09-05,
1667,0010.HK,2024-09-09,features_ok,2024-09-05,
1668,0123.HK,2024-09-09,features_ok,2024-09-05,
1669,0144.HK,2024-09-09,features_ok,2024-09-05,
1670,0267.HK,2024-09-09,features_ok,2024-09-05,
1671,0384.HK,2024-09-09,features_ok,2024-09-05,
1672,0700.HK,2024-09-09,features_ok,2024-09-05,
1673,0884.HK,2024-09-09,features_ok,2024-09-05,
1674,1044.HK,2024-09-09,features_ok,2024-09-05,
1675,2020.HK,2024-09-09,features_ok,2024-09-05,
1676,2269.HK,2024-09-09,features_ok,2024-09-05,
1677,2727.HK,2024-09-09,features_ok,2024-09-05,
1678,3899.HK,2024-09-09,features_ok,2024-09-05,
1679,0069.HK,2024-09-09,features_ok,2024-09-05,
1680,0165.HK,2024-09-09,features_ok,2024-09-05,
1681,0215.HK,2024-09-09,features_ok,2024-09-05,
1682,0489.HK,2024-09-09,features_ok,2024-09-05,
1683,0762.HK,2024-09-09,features_ok,2024-09-05,
1684,0960.HK,2024-09-09,features_ok,2024-09-05,
1685,2208.HK,2024-09-09,features_ok,2024-09-05,
1686,6818.HK,2024-09-09,features_ok,2024-09-05,
1687,0008.HK,2024-09-09,features_ok,2024-09-05,
1688,0688.HK,2024-09-09,features_ok,2024-09-05,
1689,2378.HK,2024-09-09,features_ok,2024-09-05,
1690,0017.HK,2024-09-09,features_ok,2024-09-05,
1691,0656.HK,2024-09-09,features_ok,2024-09-05,
1692,1347.HK,2024-09-09,features_ok,2024-09-05,
1693,0123.HK,2024-09-09,features_ok,2024-09-05,
1694,0144.HK,2024-09-09,features_ok,2024-09-05,
1695,0700.HK,2024-09-09,features_ok,2024-09-05,
1696,2018.HK,2024-09-09,features_ok,2024-09-05,
1697,2269.HK,2024-09-09,features_ok,2024-09-05,
1698,2282.HK,2024-09-09,features_ok,2024-09-05,
1699,0656.HK,2024-09-09,features_ok,2024-09-05,
1700,0683.HK,2024-09-09,features_ok,2024-09-05,
1701,0762.HK,2024-09-09,features_ok,2024-09-05,
1702,1691.HK,2024-09-09,features_ok,2024-09-05,
1703,2202.HK,2024-09-09,features_ok,2024-09-05,
1704,2689.HK,2024-09-09,features_ok,2024-09-05,
1705,1558.HK,2024-09-09,no_history,,ticker history unavailable
1706,6660.HK,2024-09-09,features_ok,2024-09-05,
1707,1519.HK,2024-09-09,features_ok,2024-09-05,
1708,600406.SS,2024-09-09,features_ok,2024-09-06,
1709,601225.SS,2024-09-09,features_ok,2024-09-06,
1710,0020.HK,2024-09-09,features_ok,2024-09-05,
1711,2618.HK,2024-09-09,features_ok,2024-09-05,
1712,300015.SZ,2024-09-09,features_ok,2024-09-06,
1713,000060.SZ,2024-09-09,features_ok,2024-09-06,
1714,000893.SZ,2024-09-09,features_ok,2024-09-06,
1715,1415.HK,2024-09-09,features_ok,2024-09-05,
1716,2018.HK,2024-09-09,features_ok,2024-09-05,
1717,2228.HK,2024-09-09,features_ok,2024-09-05,
1718,2498.HK,2024-09-09,features_ok,2024-09-05,
1719,2602.HK,2024-09-09,features_ok,2024-09-05,
1720,300735.SZ,2024-09-09,features_ok,2024-09-06,
1721,3899.HK,2024-09-09,features_ok,2024-09-05,
1722,3933.HK,2024-09-09,features_ok,2024-09-05,
1723,688177.SS,2024-09-09,features_ok,2024-09-06,
1724,688343.SS,2024-09-09,features_ok,2024-09-06,
1725,688361.SS,2024-09-09,no_anchor,,no prior trading day in history
1726,688525.SS,2024-09-09,features_ok,2024-09-06,
1727,6963.HK,2024-09-09,features_ok,2024-09-05,
1728,9890.HK,2024-09-09,features_ok,2024-09-05,
1729,002191.SZ,2024-09-09,features_ok,2024-09-06,
1730,002429.SZ,2024-09-09,features_ok,2024-09-06,
1731,002967.SZ,2024-09-09,features_ok,2024-09-06,
1732,0200.HK,2024-09-09,features_ok,2024-09-05,
1733,0314.HK,2024-09-09,features_ok,2024-09-05,
1734,0345.HK,2024-09-09,features_ok,2024-09-05,
1735,0558.HK,2024-09-09,features_ok,2024-09-05,
1736,1268.HK,2024-09-09,features_ok,2024-09-05,
1737,1942.HK,2024-09-09,features_ok,2024-09-05,
1738,300737.SZ,2024-09-09,features_ok,2024-09-06,
1739,300973.SZ,2024-09-09,features_ok,2024-09-06,
1740,3990.HK,2024-09-09,features_ok,2024-09-05,
1741,6666.HK,2024-09-09,features_ok,2024-09-05,
1742,6969.HK,2024-09-09,features_ok,2024-09-05,
1743,9869.HK,2024-09-09,features_ok,2024-09-05,
1744,9926.HK,2024-09-09,features_ok,2024-09-05,
1745,0522.HK,2024-09-09,features_ok,2024-09-05,
1746,1833.HK,2024-09-09,features_ok,2024-09-05,
1747,2328.HK,2024-12-09,features_ok,2024-12-06,
1748,0960.HK,2024-12-09,features_ok,2024-12-06,
1749,0300.HK,2024-12-09,features_ok,2024-12-06,
1750,2533.HK,2024-12-09,features_ok,2024-12-06,
1751,0512.HK,2024-12-09,features_ok,2024-12-06,
1752,2228.HK,2024-12-09,features_ok,2024-12-06,
1753,6086.HK,2024-12-09,features_ok,2024-12-06,
1754,1244.HK,2024-12-09,features_ok,2024-12-06,
1755,2171.HK,2024-12-09,features_ok,2024-12-06,
1756,3759.HK,2024-12-09,features_ok,2024-12-06,
1757,1024.HK,2024-12-09,features_ok,2024-12-06,
1758,9901.HK,2024-12-09,features_ok,2024-12-06,
1759,0017.HK,2024-12-09,features_ok,2024-12-06,
1760,0300.HK,2024-12-09,features_ok,2024-12-06,
1761,9898.HK,2024-12-09,features_ok,2024-12-06,
1762,1302.HK,2025-03-10,features_ok,2025-03-07,
1763,1541.HK,2025-03-10,features_ok,2025-03-07,
1764,2057.HK,2025-03-10,features_ok,2025-03-07,
1765,6160.HK,2025-03-10,features_ok,2025-03-07,
1766,1177.HK,2025-03-10,features_ok,2025-03-07,
1767,2331.HK,2025-03-10,features_ok,2025-03-07,
1768,0041.HK,2025-03-10,features_ok,2025-03-07,
1769,0308.HK,2025-03-10,features_ok,2025-03-07,
1770,0697.HK,2025-03-10,features_ok,2025-03-07,
1771,0999.HK,2025-03-10,features_ok,2025-03-07,
1772,1318.HK,2025-03-10,features_ok,2025-03-07,
1773,2232.HK,2025-03-10,features_ok,2025-03-07,
1774,2410.HK,2025-03-10,features_ok,2025-03-07,
1775,2431.HK,2025-03-10,features_ok,2025-03-07,
1776,2432.HK,2025-03-10,features_ok,2025-03-07,
1777,2460.HK,2025-03-10,features_ok,2025-03-07,
1778,2506.HK,2025-03-10,features_ok,2025-03-07,
1779,2507.HK,2025-03-10,features_ok,2025-03-07,
1780,2510.HK,2025-03-10,features_ok,2025-03-07,
1781,2522.HK,2025-03-10,features_ok,2025-03-07,
1782,2562.HK,2025-03-10,features_ok,2025-03-07,
1783,2563.HK,2025-03-10,features_ok,2025-03-07,
1784,2570.HK,2025-03-10,features_ok,2025-03-07,
1785,2577.HK,2025-03-10,features_ok,2025-03-07,
1786,2582.HK,2025-03-10,features_ok,2025-03-07,
1787,2586.HK,2025-03-10,features_ok,2025-03-07,
1788,2587.HK,2025-03-10,features_ok,2025-03-07,
1789,2778.HK,2025-03-10,features_ok,2025-03-07,
1790,2799.HK,2025-03-10,features_ok,2025-03-07,
1791,3931.HK,2025-03-10,features_ok,2025-03-07,
1792,3939.HK,2025-03-10,features_ok,2025-03-07,
1793,6086.HK,2025-03-10,features_ok,2025-03-07,
1794,6623.HK,2025-03-10,features_ok,2025-03-07,
1795,9660.HK,2025-03-10,features_ok,2025-03-07,
1796,9985.HK,2025-03-10,features_ok,2025-03-07,
1797,0095.HK,2025-03-10,features_ok,2025-03-07,
1798,0338.HK,2025-03-10,features_ok,2025-03-07,
1799,0410.HK,2025-03-10,features_ok,2025-03-07,
1800,0659.HK,2025-03-10,features_ok,2025-03-07,
1801,0743.HK,2025-03-10,features_ok,2025-03-07,
1802,0806.HK,2025-03-10,features_ok,2025-03-07,
1803,0884.HK,2025-03-10,features_ok,2025-03-07,
1804,1119.HK,2025-03-10,features_ok,2025-03-07,
1805,1268.HK,2025-03-10,features_ok,2025-03-07,
1806,1385.HK,2025-03-10,features_ok,2025-03-07,
1807,1468.HK,2025-03-10,features_ok,2025-03-07,
1808,1541.HK,2025-03-10,features_ok,2025-03-07,
1809,1600.HK,2025-03-10,features_ok,2025-03-07,
1810,1799.HK,2025-03-10,features_ok,2025-03-07,
1811,1942.HK,2025-03-10,features_ok,2025-03-07,
1812,2105.HK,2025-03-10,features_ok,2025-03-07,
1813,2121.HK,2025-03-10,features_ok,2025-03-07,
1814,2150.HK,2025-03-10,features_ok,2025-03-07,
1815,2171.HK,2025-03-10,features_ok,2025-03-07,
1816,2390.HK,2025-03-10,features_ok,2025-03-07,
1817,2407.HK,2025-03-10,features_ok,2025-03-07,
1818,2411.HK,2025-03-10,features_ok,2025-03-07,
1819,2487.HK,2025-03-10,features_ok,2025-03-07,
1820,2511.HK,2025-03-10,features_ok,2025-03-07,
1821,2678.HK,2025-03-10,features_ok,2025-03-07,
1822,3309.HK,2025-03-10,features_ok,2025-03-07,
1823,3347.HK,2025-03-10,features_ok,2025-03-07,
1824,3383.HK,2025-03-10,features_ok,2025-03-07,
1825,3650.HK,2025-03-10,features_ok,2025-03-07,
1826,3669.HK,2025-03-10,features_ok,2025-03-07,
1827,3759.HK,2025-03-10,features_ok,2025-03-07,
1828,6639.HK,2025-03-10,features_ok,2025-03-07,
1829,6660.HK,2025-03-10,features_ok,2025-03-07,
1830,6698.HK,2025-03-10,features_ok,2025-03-07,
1831,9638.HK,2025-03-10,features_ok,2025-03-07,
1832,9669.HK,2025-03-10,features_ok,2025-03-07,
1833,9869.HK,2025-03-10,features_ok,2025-03-07,
1834,9959.HK,2025-03-10,features_ok,2025-03-07,
1835,9966.HK,2025-03-10,features_ok,2025-03-07,
1836,9995.HK,2025-03-10,features_ok,2025-03-07,
1837,9996.HK,2025-03-10,features_ok,2025-03-07,
1838,1698.HK,2025-03-10,features_ok,2025-03-07,
1839,9660.HK,2025-03-10,features_ok,2025-03-07,
1840,1797.HK,2025-03-10,features_ok,2025-03-07,
1841,6060.HK,2025-03-10,features_ok,2025-03-07,
1842,2410.HK,2025-06-09,features_ok,2025-06-06,
1843,9997.HK,2025-06-09,no_history,,ticker history unavailable
1844,9966.HK,2025-06-09,features_ok,2025-06-06,
1845,9995.HK,2025-06-09,features_ok,2025-06-06,
1846,0325.HK,2025-06-09,features_ok,2025-06-06,
1847,1364.HK,2025-06-09,features_ok,2025-06-06,
1848,2097.HK,2025-06-09,features_ok,2025-06-06,
1849,0300.HK,2025-06-09,features_ok,2025-06-06,
1850,2057.HK,2025-06-09,features_ok,2025-06-06,
1851,1211.HK,2025-06-09,features_ok,2025-06-06,
1852,0772.HK,2025-06-09,features_ok,2025-06-06,
1853,1378.HK,2025-12-08,features_ok,2025-12-05,
1854,1801.HK,2025-12-08,features_ok,2025-12-05,
1855,9987.HK,2025-12-08,features_ok,2025-12-05,
1856,2688.HK,2025-12-08,features_ok,2025-12-05,
1857,6862.HK,2025-12-08,features_ok,2025-12-05,
1858,9901.HK,2025-12-08,features_ok,2025-12-05,
1859,1828.HK,2025-12-08,features_ok,2025-12-05,
1860,2525.HK,2025-12-08,features_ok,2025-12-05,
1861,2580.HK,2025-12-08,features_ok,2025-12-05,
1862,2590.HK,2025-12-08,features_ok,2025-12-05,
1863,2591.HK,2025-12-08,features_ok,2025-12-05,
1864,9973.HK,2025-12-08,features_ok,2025-12-05,
1865,002371.SZ,2025-12-08,features_ok,2025-12-05,
1866,1378.HK,2025-12-08,features_ok,2025-12-05,
1867,1801.HK,2025-12-08,features_ok,2025-12-05,
1868,9987.HK,2025-12-08,features_ok,2025-12-05,
1869,2688.HK,2025-12-08,features_ok,2025-12-05,
1870,600025.SS,2025-12-08,features_ok,2025-12-05,
1871,600887.SS,2025-12-08,features_ok,2025-12-05,
1872,6862.HK,2025-12-08,features_ok,2025-12-05,
1873,1801.HK,2025-12-08,features_ok,2025-12-05,
1874,9863.HK,2025-12-08,features_ok,2025-12-05,
1875,0522.HK,2025-12-08,features_ok,2025-12-05,
1876,2423.HK,2026-03-09,features_ok,2026-03-06,
1877,300308.SZ,2026-03-09,features_ok,2026-03-06,
1878,601211.SS,2026-03-09,features_ok,2026-03-06,
1879,9660.HK,2026-03-09,features_ok,2026-03-06,
1880,000568.SZ,2026-03-09,features_ok,2026-03-06,
1881,0291.HK,2026-03-09,features_ok,2026-03-06,
1882,2319.HK,2026-03-09,features_ok,2026-03-06,
1883,600406.SS,2026-03-09,features_ok,2026-03-06,
