index,change_type,n_events,mean_ret_20d_pre,median_ret_20d_pre,mean_avg_dollar_volume_20d_pre,median_avg_dollar_volume_20d_pre,mean_realized_vol_20d_pre,median_realized_vol_20d_pre,mean_post_t1_t20,median_post_t1_t20,mean_post_t1_t60,median_post_t1_t60
Hang Seng (China A) Corporate Sustainability Benchmark Index,Exclusion,11,0.015486130696192212,-0.013535037469300737,726776098.7011777,386079826.25283873,0.016741459600059634,0.01518971160180432,-0.00797177515907825,0.008878176537811422,0.023973196514352865,0.026469032088693223
Hang Seng (China A) Corporate Sustainability Benchmark Index,Inclusion,120,0.09756356472270292,0.07935155440990982,357058989.71539587,145991413.86235845,0.01974764258627674,0.018201065092398026,0.018457630599528603,-0.01781187852575622,-0.0028903521619493082,-0.04573099766764732
Hang Seng (China A) Corporate Sustainability Benchmark Index,Removal,11,-0.038966581088566425,-0.024096345525984497,48532128.539740875,1350623.9973425865,0.022679075260880296,0.022336661427338117,0.19765824822286507,0.19753089599394236,0.1082672488251203,0.1251980650113904
Hang Seng (China A) Corporate Sustainability Index,Exclusion,8,0.03670712779046066,0.010023503015752944,990752305.647152,690007006.5522554,0.01595337828771177,0.012986601826121463,0.0075319646733154055,0.024055800943176053,0.03710630584432738,0.022295248366461795
Hang Seng (China A) Corporate Sustainability Index,Inclusion,44,0.03481851094801509,0.02915402943621559,1119049957.9272387,711268805.5136652,0.02263556099867489,0.0188145006802328,0.028749054604859946,-0.010709793461309125,0.06061803435348319,0.019664873905146707
Hang Seng (China A) Corporate Sustainability Index,Removal,22,-0.028468670297845375,0.0006698718846382956,707441542.9675916,624031862.5117888,0.01885199093059253,0.01799400636306395,0.05660948212391382,0.012406343468778003,0.08627418182961674,-0.005416711595174872
Hang Seng Biotech Index,Inclusion,2,-0.019298310913107797,-0.019298310913107797,45859247.73867203,45859247.73867203,0.05686473195742452,0.05686473195742452,-0.17673568583650084,-0.17673568583650084,-0.24242422260660434,-0.24242422260660434
Hang Seng Biotech Index,Removal,3,0.12000231786761224,0.08583101151321348,188112243.64748132,62729797.958717346,0.05821859265603039,0.059780013363567815,0.04971670791360413,-0.005263194879337574,1.0014473111908904,1.1978261367134426
Hang Seng China 50 Index,Exclusion,24,0.037940372214409275,0.022844554282494656,350702186.207106,253052351.13652003,0.02057095869235825,0.019516507262351865,0.015793043436061815,0.004734379943220568,0.0019480760838682665,-0.02325287379165658
Hang Seng China 50 Index,Inclusion,45,-0.014216043357366709,0.0,1857608025.1733649,933458819.0967541,0.029934461366309416,0.030944664827278406,-0.004088659497468537,-0.020166006448029794,-0.001125622426240458,-0.005268715762575038
Hang Seng China 50 Index,Removal,22,0.049819191350122735,0.04019598581796158,549967416.2577136,352427309.12608725,0.022914853815013462,0.019452840432636214,-0.024328567330491793,-0.025750738713886556,-0.034840082982322405,-0.055053099601986566
Hang Seng China A Industry Top Index,Exclusion,23,0.046554168609211966,0.04778920346040261,625500581.5494858,205915164.76879138,0.01854112921469381,0.015313874064610773,-0.026813817357886235,-0.049090905623002445,-0.01482761523892679,-0.0565276024222815
Hang Seng China A Industry Top Index,Inclusion,56,0.022440285330775404,0.010115677564573433,1093486208.7551026,732281249.4712608,0.019814872266611834,0.018009978387176558,0.019292166021239326,-0.010786533147067234,0.030076925777942676,-0.002139249099551488
Hang Seng China A Industry Top Index,Removal,25,0.015844011974950542,-0.014598526172921567,671611133.453671,305597336.9120995,0.018381161621480607,0.016043354292291753,0.049623600930887746,0.016207517055622622,0.02107492092041785,0.0020442299357759097
Hang Seng China A Top 100 Index,Exclusion,24,0.03027121711293757,0.011125347994007995,301258824.55550385,106767235.23345655,0.015000692708063553,0.013220024221735455,-0.017593780534860156,-0.026264273552346784,0.003227025986267571,-0.047152595786222384
Hang Seng China A Top 100 Index,Inclusion,39,0.03635070416778459,0.019818478636035586,1372580032.6256936,647274102.8166554,0.021587626977335336,0.017465889198972847,-0.004289633402540891,-0.013333320617675781,-0.018194354711913403,-0.01839376701254558
Hang Seng China A Top 100 Index,Removal,14,0.1161618544433526,0.11721649962694958,263355768.31112805,186120886.4647253,0.021487030842897607,0.01434651013713607,0.0235749914973662,0.010326600471517733,0.02291424646264123,0.022767128486144816
Hang Seng China AH Index Series,Exclusion,22,0.05006882120873491,0.03189263530323383,145875510.481569,71213057.96073733,0.018373695586280176,0.019140647723079607,-0.010464016801877474,-0.019274255506825433,-0.04288172378298763,-0.053548388427835214
Hang Seng China AH Index Series,Inclusion,40,0.005157151321865963,0.0033700252816192267,190144280.89528716,66310932.13600364,0.0186267820934203,0.01565842332601769,-0.004154861583184363,-0.019701247879241934,-0.041496222530225044,-0.042151833849850606
Hang Seng China Enterprises Index,Exclusion,20,0.016964473560236115,0.02970887082564888,141391687.45381647,134914293.5905511,0.021187360930666622,0.021154501436795772,0.00731906789828517,-0.016381614132624456,0.026406436638877196,0.012328774890123018
Hang Seng China Enterprises Index,Inclusion,69,0.022794814308382323,0.02018837589297595,1007403057.8899968,375635123.2231162,0.026187449444230716,0.02517340282628984,0.012861436945231518,0.01919714769827041,0.05644276674284786,0.04693875994001118
Hang Seng China Enterprises Index,Removal,41,0.062262845874707595,0.03303307388427257,296846585.67429316,235411925.67092776,0.027050235985684585,0.02422378123117093,0.02599943209336268,-0.015135156446338005,0.061359984606385566,0.014054111491734522
Hang Seng Composite Index,Inclusion,211,0.05966139920385873,0.02013424150439369,58732277.903696954,21392735.9498024,0.04520737386602513,0.033419219251547554,-0.015278411767822398,-0.02094973443632786,-0.011235830113708985,-0.006521722544794439
Hang Seng Composite Index,Removal,169,-0.004818818483612708,-0.0033519255430749517,27281112.239517476,7841741.512883762,0.038250704434219844,0.03285649231012562,-0.017496144249368607,-0.053475882989392765,0.02127743743758038,-0.0329670005771171
Hang Seng Composite LargeCap & MidCap Index,Exclusion,65,-0.006672973467694957,-0.018868011306220622,18487235.371790145,6595561.408779765,0.023210572265747943,0.02019381038069147,0.008257078508311384,-0.013654655242061997,-0.027027627184417723,-0.03410849561198914
Hang Seng Composite LargeCap & MidCap Index,Inclusion,112,0.029379283635656082,0.0068365243413833765,64686829.11980333,32552839.333032705,0.027042830175100757,0.02462079153884895,0.022634193599196602,0.018720915355079693,0.0004963032877408387,-0.0017019264539590573
Hang Seng Corporate Sustainability Benchmark Index,Exclusion,48,-0.03549276109607258,-0.01460928104739212,195949564.349051,47085292.36683589,0.019779735000049786,0.017132177010377496,-0.0264340822886593,-0.03470642707292326,0.03671076294751318,0.018533007476233654
Hang Seng Corporate Sustainability Benchmark Index,Inclusion,58,-0.004236142105308308,-0.017148772765344267,227035809.28515083,44373470.35309265,0.021174749072228296,0.018938081743249742,0.07681360748633226,0.017350542501470834,0.10208819064295867,0.04330635511027625
Hang Seng Corporate Sustainability Benchmark Index,Removal,8,-0.02001193271087763,-0.03484322404965984,66588179.149026334,31377699.450349815,0.01879791381288113,0.01818049137785885,0.30913191891739633,0.26391642704286716,0.3667657905817376,0.26829495672377063
Hang Seng Corporate Sustainability Index,Exclusion,8,-0.01559645691073612,-0.020921320262027976,569262964.6480019,354568704.9603066,0.013472580717659739,0.01326260261906742,0.03178253327369243,0.024478402617783168,0.10090620541482957,0.04519184229509643
Hang Seng Corporate Sustainability Index,Inclusion,22,-0.033834238557076506,-0.02134716306910639,400576856.89176583,162100324.0507537,0.02414309699665311,0.022562966543148898,-0.021841549561495935,-0.028618078732768282,-0.0016591630058064198,0.00010495397320781086
Hang Seng Corporate Sustainability Index,Removal,13,0.032725513746688466,0.059677479641744524,88220242.34609684,39629932.65454569,0.021045226379439272,0.020261173056968042,0.06613376612564671,-0.009485156486318647,-0.024143346673197626,-0.04592591744882091
Hang Seng ESG 50 Index,Inclusion,24,0.023529859843771293,0.00889286345521123,582829248.9602295,166820566.3032031,0.022745443874907387,0.022594861925949415,0.019391688883598993,-0.037588322880819425,0.0388192347863359,0.00566432500501779
Hang Seng ESG 50 Index,Removal,24,0.0011053489855365473,-0.03792742664406645,136733858.86106756,36386587.903222874,0.020184134713175806,0.017807357392201528,0.044196857923792486,-0.042674244138271256,0.03654107974204134,-0.0035564131538122212
Hang Seng HKEX Stock Connect China Enterprises Index,Inclusion,8,-0.005910006792534547,-0.003372092719401365,3696298438.3474708,1382774445.9919515,0.025916359792918457,0.02690716507106476,0.05374308263409158,0.045760423412658735,0.05980374812064579,0.06495342181133168
Hang Seng HKEX Stock Connect China Enterprises Index,Removal,8,0.02008272135223879,0.02000352455607346,928173749.8165934,423793241.396737,0.016169460865005657,0.017553349670396328,-0.011758198966015598,-0.018907748325408424,0.051422911170945745,0.022450866793928492
Hang Seng Hong Kong-Listed Biotech Index,Inclusion,9,-0.018661545268607787,0.002118692653888754,66036479.740141355,26638481.32774458,0.05063065413422969,0.04329533056917964,-0.13047210570354376,-0.13345195548370525,0.022686978126701975,0.038759691068654956
Hang Seng Hong Kong-Listed Biotech Index,Removal,10,-0.08755500381565494,-0.06996855220276671,33037935.339686114,8323504.1613997575,0.04677964921429838,0.03722616295362827,0.2349786753855644,0.11119587811286613,0.20014871050212357,0.07665955084214449
Hang Seng Index,Exclusion,9,0.00582712998673291,-0.05027928273034299,175117375.31500682,171195650.27624536,0.022019281028152184,0.020559941164364454,-0.0013949647611640377,0.0,0.024079245972309607,0.032352909414826936
Hang Seng Index,Inclusion,44,0.08503377399207096,0.09847717520365618,1257266120.2752438,685100317.9366512,0.029748190973456743,0.02910720271396156,-0.00979259408623842,-0.015350577605744764,-0.03572547239525374,-0.02746353748492819
Hang Seng Index,Removal,8,0.008209099927470459,-0.0010770474212894454,200680296.49463242,167162465.6747949,0.024155212782566333,0.02118868637767204,-0.053109319096848115,-0.016187077970165942,-0.0017347693634623407,0.007767560996131295
Hang Seng Stock Connect China AH Index Series,Exclusion,28,0.09306458542997882,0.09143638536250298,226799743.56154704,61175565.98545785,0.027147739693218983,0.023311520112922663,0.05096192104957371,0.017173725064551504,-0.05870234560325011,-0.12240902503242118
Hang Seng Stock Connect China AH Index Series,Inclusion,34,0.14313043474867349,0.10473861040289756,270412910.74779356,62915062.65629923,0.025307466385085336,0.023951264557702516,-0.037602714086952586,-0.0357879633683017,-0.07940323722461336,-0.0803276346925128
Hang Seng Stock Connect China Enterprises Index,Inclusion,12,0.07266641486216711,0.07568642519295732,552308281.1229721,386481948.8623215,0.02522094573876364,0.02099638862302676,0.02032955592726367,0.011611540430848333,0.036957324404421545,0.018176209167583335
Hang Seng Stock Connect China Enterprises Index,Removal,12,0.07562771835015272,0.035194034852444545,644100828.604211,443200185.32130826,0.03214882342256418,0.03012498698741757,0.12116196325182305,0.039431273778442855,0.10262685636937381,0.015487598447937179
Hang Seng Stock Connect Greater Bay Area Composite Index,Inclusion,67,0.04439405284659301,-0.007105982440761549,248297658.18545097,131514500.09410353,0.035792725318193754,0.030330042963070226,0.057255517352315106,-0.0012330738970627309,0.10327804731324439,0.05779294191144391
Hang Seng Stock Connect Greater Bay Area Composite Index,Removal,64,0.019477877077606454,0.007022793842754171,152178572.73170894,39245382.01625214,0.026694363008383733,0.024453395770844624,0.05917894262109573,-0.02060332726653019,0.06132572358673785,-0.008559874816110702
Hang Seng TECH Index,Inclusion,15,0.10187231565821184,0.04134362982225048,676569132.6667812,212139224.6907814,0.036716634197583746,0.037321019089716655,-0.011111755565856885,-0.022764252453315592,-0.11398989393015987,-0.10987656204788776
Hang Seng TECH Index,Removal,18,-0.04336165427378094,-0.03325550674756533,157316581.10143104,99053892.40021765,0.03963489824877855,0.03644313734148537,-0.019461906197904444,-0.014880663084729517,0.25163577174906304,0.10358802838053993
