ticker_yf,status,n_rows,min_date,max_date,yahoo_symbol_used,error
0001.HK,success_cached,2767,2014-12-22,2026-03-19,0001.HK,
0002.HK,success_cached,2767,2014-12-22,2026-03-19,0002.HK,
0003.HK,success_cached,2767,2014-12-22,2026-03-19,0003.HK,
0004.HK,success_cached,2767,2014-12-22,2026-03-19,0004.HK,
0005.HK,success_cached,2767,2014-12-22,2026-03-19,0005.HK,
0006.HK,success_cached,2767,2014-12-22,2026-03-19,0006.HK,
0008.HK,success_cached,2767,2014-12-22,2026-03-19,0008.HK,
0010.HK,success_cached,2767,2014-12-22,2026-03-19,0010.HK,
0012.HK,success_cached,2767,2014-12-22,2026-03-19,0012.HK,
0013.HK,success_cached,1160,2021-06-30,2026-03-19,0013.HK,
0014.HK,success_cached,2767,2014-12-22,2026-03-19,0014.HK,
0016.HK,success_cached,2767,2014-12-22,2026-03-19,0016.HK,
0017.HK,success_cached,2767,2014-12-22,2026-03-19,0017.HK,
0019.HK,success_cached,2767,2014-12-22,2026-03-19,0019.HK,
0020.HK,success_cached,1035,2021-12-30,2026-03-19,0020.HK,
0023.HK,success_cached,2767,2014-12-22,2026-03-19,0023.HK,
0027.HK,success_cached,2767,2014-12-22,2026-03-19,0027.HK,
0038.HK,success_cached,2767,2014-12-22,2026-03-19,0038.HK,
0041.HK,success_cached,2767,2014-12-22,2026-03-19,0041.HK,
0066.HK,success_cached,2767,2014-12-22,2026-03-19,0066.HK,
0081.HK,success_cached,2767,2014-12-22,2026-03-19,0081.HK,
0083.HK,success_cached,2767,2014-12-22,2026-03-19,0083.HK,
0087.HK,success_cached,2767,2014-12-22,2026-03-19,0087.HK,
0101.HK,success_cached,2767,2014-12-22,2026-03-19,0101.HK,
0107.HK,success_cached,2767,2014-12-22,2026-03-19,0107.HK,
0119.HK,success_cached,2767,2014-12-22,2026-03-19,0119.HK,
0123.HK,success_cached,2767,2014-12-22,2026-03-19,0123.HK,
0135.HK,success_cached,2767,2014-12-22,2026-03-19,0135.HK,
0136.HK,success_cached,2767,2014-12-22,2026-03-19,0136.HK,
0142.HK,success_cached,2767,2014-12-22,2026-03-19,0142.HK,
0144.HK,success_cached,2767,2014-12-22,2026-03-19,0144.HK,
0148.HK,success_cached,2767,2014-12-22,2026-03-19,0148.HK,
0151.HK,success_cached,2767,2014-12-22,2026-03-19,0151.HK,
0152.HK,success_cached,2767,2014-12-22,2026-03-19,0152.HK,
0165.HK,success_cached,2767,2014-12-22,2026-03-19,0165.HK,
0168.HK,success_cached,2767,2014-12-22,2026-03-19,0168.HK,
0173.HK,success_cached,2767,2014-12-22,2026-03-19,0173.HK,
0175.HK,success_cached,2767,2014-12-22,2026-03-19,0175.HK,
0177.HK,success_cached,2767,2014-12-22,2026-03-19,0177.HK,
0179.HK,success_cached,2767,2014-12-22,2026-03-19,0179.HK,
0187.HK,success_cached,2767,2014-12-22,2026-03-19,0187.HK,
0189.HK,success_cached,2767,2014-12-22,2026-03-19,0189.HK,
0200.HK,success_cached,2767,2014-12-22,2026-03-19,0200.HK,
0220.HK,success_cached,2767,2014-12-22,2026-03-19,0220.HK,
0241.HK,success_cached,2767,2014-12-22,2026-03-19,0241.HK,
0257.HK,success_cached,2767,2014-12-22,2026-03-19,0257.HK,
0267.HK,success_cached,2767,2014-12-22,2026-03-19,0267.HK,
0268.HK,success_cached,2767,2014-12-22,2026-03-19,0268.HK,
0270.HK,success_cached,2767,2014-12-22,2026-03-19,0270.HK,
0285.HK,success_cached,2767,2014-12-22,2026-03-19,0285.HK,
0288.HK,success_cached,2767,2014-12-22,2026-03-19,0288.HK,
0290.HK,success_cached,2767,2014-12-22,2026-03-19,0290.HK,
0291.HK,success_cached,2767,2014-12-22,2026-03-19,0291.HK,
0293.HK,success_cached,2767,2014-12-22,2026-03-19,0293.HK,
0297.HK,success_cached,2767,2014-12-22,2026-03-19,0297.HK,
0300.HK,success_cached,361,2024-07-05,2026-03-19,0300.HK,
0303.HK,success_cached,2767,2014-12-22,2026-03-19,0303.HK,
0308.HK,success_cached,2767,2014-12-22,2026-03-19,0308.HK,
0316.HK,success_cached,2767,2014-12-22,2026-03-19,0316.HK,
0317.HK,success_cached,2767,2014-12-22,2026-03-19,0317.HK,
0322.HK,success_cached,2767,2014-12-22,2026-03-19,0322.HK,
0323.HK,success_cached,2767,2014-12-22,2026-03-19,0323.HK,
0325.HK,success_cached,292,2025-01-10,2026-03-19,0325.HK,
0336.HK,success_cached,2767,2014-12-22,2026-03-19,0336.HK,
0338.HK,success_cached,2767,2014-12-22,2026-03-19,0338.HK,
0345.HK,success_cached,2767,2014-12-22,2026-03-19,0345.HK,
0347.HK,success_cached,2767,2014-12-22,2026-03-19,0347.HK,
0354.HK,success_cached,2767,2014-12-22,2026-03-19,0354.HK,
0358.HK,success_cached,2767,2014-12-22,2026-03-19,0358.HK,
0363.HK,success_cached,2767,2014-12-22,2026-03-19,0363.HK,
0371.HK,success_cached,2767,2014-12-22,2026-03-19,0371.HK,
0384.HK,success_cached,2767,2014-12-22,2026-03-19,0384.HK,
0386.HK,success_cached,2767,2014-12-22,2026-03-19,0386.HK,
0388.HK,success_cached,2767,2014-12-22,2026-03-19,0388.HK,
0390.HK,success_cached,2767,2014-12-22,2026-03-19,0390.HK,
0392.HK,success_cached,2767,2014-12-22,2026-03-19,0392.HK,
0425.HK,success_cached,2767,2014-12-22,2026-03-19,0425.HK,
0440.HK,success_cached,2767,2014-12-22,2026-03-19,0440.HK,
0460.HK,success_cached,2767,2014-12-22,2026-03-19,0460.HK,
0467.HK,success_cached,2767,2014-12-22,2026-03-19,0467.HK,
0470.HK,success_cached,24,2026-02-11,2026-03-19,0470.HK,
0501.HK,success_cached,1,2026-03-19,2026-03-19,0501.HK,
0506.HK,success_cached,2767,2014-12-22,2026-03-19,0506.HK,
0512.HK,success_cached,2767,2014-12-22,2026-03-19,0512.HK,
0522.HK,success_cached,2767,2014-12-22,2026-03-19,0522.HK,
0525.HK,success_cached,2767,2014-12-22,2026-03-19,0525.HK,
0546.HK,success_cached,2767,2014-12-22,2026-03-19,0546.HK,
0548.HK,success_cached,2767,2014-12-22,2026-03-19,0548.HK,
0551.HK,success_cached,2767,2014-12-22,2026-03-19,0551.HK,
0552.HK,success_cached,2767,2014-12-22,2026-03-19,0552.HK,
0553.HK,success_cached,2767,2014-12-22,2026-03-19,0553.HK,
0564.HK,success_cached,2767,2014-12-22,2026-03-19,0564.HK,
0568.HK,success_cached,2767,2014-12-22,2026-03-19,0568.HK,
0570.HK,success_cached,2767,2014-12-22,2026-03-19,0570.HK,
0576.HK,success_cached,2767,2014-12-22,2026-03-19,0576.HK,
0586.HK,success_cached,2767,2014-12-22,2026-03-19,0586.HK,
0588.HK,success_cached,2767,2014-12-22,2026-03-19,0588.HK,
0590.HK,success_cached,2767,2014-12-22,2026-03-19,0590.HK,
0598.HK,success_cached,2767,2014-12-22,2026-03-19,0598.HK,
0604.HK,success_cached,2767,2014-12-22,2026-03-19,0604.HK,
0631.HK,success_cached,2767,2014-12-22,2026-03-19,0631.HK,
0636.HK,success_cached,2767,2014-12-22,2026-03-19,0636.HK,
0638.HK,success_cached,1,2026-03-19,2026-03-19,0638.HK,
0639.HK,success_cached,2767,2014-12-22,2026-03-19,0639.HK,
0656.HK,success_cached,2767,2014-12-22,2026-03-19,0656.HK,
0659.HK,success_cached,2767,2014-12-22,2026-03-19,0659.HK,
0666.HK,success_cached,552,2023-12-18,2026-03-19,0666.HK,
0667.HK,success_cached,1668,2019-06-12,2026-03-19,0667.HK,
0669.HK,success_cached,2767,2014-12-22,2026-03-19,0669.HK,
0670.HK,success_cached,2767,2014-12-22,2026-03-19,0670.HK,
0683.HK,success_cached,2767,2014-12-22,2026-03-19,0683.HK,
0688.HK,success_cached,2767,2014-12-22,2026-03-19,0688.HK,
0696.HK,success_cached,2767,2014-12-22,2026-03-19,0696.HK,
0697.HK,success_cached,2767,2014-12-22,2026-03-19,0697.HK,
0699.HK,success_cached,1,2026-03-19,2026-03-19,0699.HK,
0700.HK,success_cached,2767,2014-12-22,2026-03-19,0700.HK,
0719.HK,success_cached,2767,2014-12-22,2026-03-19,0719.HK,
0728.HK,success_cached,2767,2014-12-22,2026-03-19,0728.HK,
0751.HK,success_cached,2767,2014-12-22,2026-03-19,0751.HK,
0753.HK,success_cached,2767,2014-12-22,2026-03-19,0753.HK,
0754.HK,success_cached,2767,2014-12-22,2026-03-19,0754.HK,
0762.HK,success_cached,2767,2014-12-22,2026-03-19,0762.HK,
0763.HK,success_cached,2767,2014-12-22,2026-03-19,0763.HK,
0772.HK,success_cached,2056,2017-11-08,2026-03-19,0772.HK,
0780.HK,success_cached,1798,2018-11-26,2026-03-19,0780.HK,
0788.HK,success_cached,1873,2018-08-08,2026-03-19,0788.HK,
0811.HK,success_cached,2767,2014-12-22,2026-03-19,0811.HK,
0817.HK,success_cached,2767,2014-12-22,2026-03-19,0817.HK,
0819.HK,success_cached,2767,2014-12-22,2026-03-19,0819.HK,
0826.HK,success_cached,2767,2014-12-22,2026-03-19,0826.HK,
0836.HK,success_cached,2767,2014-12-22,2026-03-19,0836.HK,
0839.HK,success_cached,2029,2017-12-15,2026-03-19,0839.HK,
0853.HK,success_cached,2767,2014-12-22,2026-03-19,0853.HK,
0855.HK,success_cached,2767,2014-12-22,2026-03-19,0855.HK,
0856.HK,success_cached,2767,2014-12-22,2026-03-19,0856.HK,
0857.HK,success_cached,2767,2014-12-22,2026-03-19,0857.HK,
0867.HK,success_cached,2767,2014-12-22,2026-03-19,0867.HK,
0868.HK,success_cached,2767,2014-12-22,2026-03-19,0868.HK,
0874.HK,success_cached,2767,2014-12-22,2026-03-19,0874.HK,
0880.HK,success_cached,2767,2014-12-22,2026-03-19,0880.HK,
0881.HK,success_cached,2767,2014-12-22,2026-03-19,0881.HK,
0883.HK,success_cached,2767,2014-12-22,2026-03-19,0883.HK,
0895.HK,success_cached,2767,2014-12-22,2026-03-19,0895.HK,
0902.HK,success_cached,2767,2014-12-22,2026-03-19,0902.HK,
0909.HK,success_cached,1345,2020-09-25,2026-03-19,0909.HK,
0914.HK,success_cached,2767,2014-12-22,2026-03-19,0914.HK,
0916.HK,success_cached,2767,2014-12-22,2026-03-19,0916.HK,
0917.HK,success_cached,194,2025-06-09,2026-03-19,0917.HK,
0921.HK,success_cached,2767,2014-12-22,2026-03-19,0921.HK,
0934.HK,success_cached,2767,2014-12-22,2026-03-19,0934.HK,
0939.HK,success_cached,2767,2014-12-22,2026-03-19,0939.HK,
0941.HK,success_cached,2767,2014-12-22,2026-03-19,0941.HK,
0956.HK,success_cached,2767,2014-12-22,2026-03-19,0956.HK,
0960.HK,success_cached,2767,2014-12-22,2026-03-19,0960.HK,
0966.HK,success_cached,2767,2014-12-22,2026-03-19,0966.HK,
0968.HK,success_cached,2767,2014-12-22,2026-03-19,0968.HK,
0975.HK,success_cached,2767,2014-12-22,2026-03-19,0975.HK,
0981.HK,success_cached,2767,2014-12-22,2026-03-19,0981.HK,
0990.HK,success_cached,2767,2014-12-22,2026-03-19,0990.HK,
0991.HK,success_cached,2767,2014-12-22,2026-03-19,0991.HK,
0992.HK,success_cached,2767,2014-12-22,2026-03-19,0992.HK,
0995.HK,success_cached,2767,2014-12-22,2026-03-19,0995.HK,
0998.HK,success_cached,2767,2014-12-22,2026-03-19,0998.HK,
0999.HK,success_cached,297,2025-01-03,2026-03-19,0999.HK,
1024.HK,success_cached,1256,2021-02-05,2026-03-19,1024.HK,
1030.HK,success_cached,2767,2014-12-22,2026-03-19,1030.HK,
1033.HK,success_cached,2767,2014-12-22,2026-03-19,1033.HK,
1038.HK,success_cached,2767,2014-12-22,2026-03-19,1038.HK,
1044.HK,success_cached,2767,2014-12-22,2026-03-19,1044.HK,
1052.HK,success_cached,2767,2014-12-22,2026-03-19,1052.HK,
1053.HK,success_cached,2767,2014-12-22,2026-03-19,1053.HK,
1055.HK,success_cached,2767,2014-12-22,2026-03-19,1055.HK,
1057.HK,success_cached,2767,2014-12-22,2026-03-19,1057.HK,
1060.HK,success_cached,2767,2014-12-22,2026-03-19,1060.HK,
1065.HK,success_cached,2767,2014-12-22,2026-03-19,1065.HK,
1066.HK,success_cached,2767,2014-12-22,2026-03-19,1066.HK,
1070.HK,success_cached,2767,2014-12-22,2026-03-19,1070.HK,
1071.HK,success_cached,2767,2014-12-22,2026-03-19,1071.HK,
1072.HK,success_cached,2767,2014-12-22,2026-03-19,1072.HK,
1083.HK,success_cached,2767,2014-12-22,2026-03-19,1083.HK,
1088.HK,success_cached,2767,2014-12-22,2026-03-19,1088.HK,
1093.HK,success_cached,2767,2014-12-22,2026-03-19,1093.HK,
1099.HK,success_cached,2767,2014-12-22,2026-03-19,1099.HK,
1108.HK,success_cached,2767,2014-12-22,2026-03-19,1108.HK,
1109.HK,success_cached,2767,2014-12-22,2026-03-19,1109.HK,
1112.HK,success_cached,2767,2014-12-22,2026-03-19,1112.HK,
1113.HK,success_cached,2660,2015-06-03,2026-03-19,1113.HK,
1114.HK,success_cached,2767,2014-12-22,2026-03-19,1114.HK,
1117.HK,success_cached,2767,2014-12-22,2026-03-19,1117.HK,
1128.HK,success_cached,2767,2014-12-22,2026-03-19,1128.HK,
1138.HK,success_cached,2767,2014-12-22,2026-03-19,1138.HK,
1157.HK,success_cached,2767,2014-12-22,2026-03-19,1157.HK,
1164.HK,success_cached,2767,2014-12-22,2026-03-19,1164.HK,
1171.HK,success_cached,2767,2014-12-22,2026-03-19,1171.HK,
1177.HK,success_cached,2767,2014-12-22,2026-03-19,1177.HK,
1186.HK,success_cached,2767,2014-12-22,2026-03-19,1186.HK,
1193.HK,success_cached,2767,2014-12-22,2026-03-19,1193.HK,
1196.HK,success_cached,2767,2014-12-22,2026-03-19,1196.HK,
1199.HK,success_cached,2767,2014-12-22,2026-03-19,1199.HK,
1208.HK,success_cached,2767,2014-12-22,2026-03-19,1208.HK,
1209.HK,success_cached,1296,2020-12-09,2026-03-19,1209.HK,
1211.HK,success_cached,2767,2014-12-22,2026-03-19,1211.HK,
1258.HK,success_cached,2767,2014-12-22,2026-03-19,1258.HK,
1276.HK,success_cached,205,2025-05-23,2026-03-19,1276.HK,
1277.HK,success_cached,2767,2014-12-22,2026-03-19,1277.HK,
1288.HK,success_cached,2767,2014-12-22,2026-03-19,1288.HK,
1299.HK,success_cached,2767,2014-12-22,2026-03-19,1299.HK,
1302.HK,success_cached,2767,2014-12-22,2026-03-19,1302.HK,
1304.HK,success_cached,173,2025-07-09,2026-03-19,1304.HK,
1308.HK,success_cached,2767,2014-12-22,2026-03-19,1308.HK,
1310.HK,success_cached,2714,2015-03-12,2026-03-19,1310.HK,
1313.HK,success_cached,2767,2014-12-22,2026-03-19,1313.HK,
1316.HK,success_cached,2767,2014-12-22,2026-03-19,1316.HK,
1318.HK,success_cached,312,2024-12-10,2026-03-19,1318.HK,
1330.HK,success_cached,2767,2014-12-22,2026-03-19,1330.HK,
1333.HK,success_cached,217,2025-05-07,2026-03-19,1333.HK,
1336.HK,success_cached,2767,2014-12-22,2026-03-19,1336.HK,
1339.HK,success_cached,2767,2014-12-22,2026-03-19,1339.HK,
1347.HK,success_cached,2767,2014-12-22,2026-03-19,1347.HK,
1349.HK,success_cached,2767,2014-12-22,2026-03-19,1349.HK,
1357.HK,success_cached,2276,2016-12-16,2026-03-19,1357.HK,
1359.HK,success_cached,2767,2014-12-22,2026-03-19,1359.HK,
1361.HK,success_cached,2767,2014-12-22,2026-03-19,1361.HK,
1364.HK,success_cached,272,2025-02-12,2026-03-19,1364.HK,
1368.HK,success_cached,2767,2014-12-22,2026-03-19,1368.HK,
1375.HK,success_cached,2767,2014-12-22,2026-03-19,1375.HK,
1378.HK,success_cached,2767,2014-12-22,2026-03-19,1378.HK,
1384.HK,success_cached,96,2025-10-28,2026-03-19,1384.HK,
1385.HK,success_cached,2767,2014-12-22,2026-03-19,1385.HK,
1398.HK,success_cached,2767,2014-12-22,2026-03-19,1398.HK,
1405.HK,success_cached,730,2023-03-28,2026-03-19,1405.HK,
1415.HK,success_cached,2701,2015-03-31,2026-03-19,1415.HK,
1428.HK,success_cached,2767,2014-12-22,2026-03-19,1428.HK,
1448.HK,success_cached,2767,2014-12-22,2026-03-19,1448.HK,
1456.HK,success_cached,2638,2015-07-06,2026-03-19,1456.HK,
1475.HK,success_cached,2033,2017-12-11,2026-03-19,1475.HK,
1478.HK,success_cached,2767,2014-12-22,2026-03-19,1478.HK,
1513.HK,success_cached,2767,2014-12-22,2026-03-19,1513.HK,
1519.HK,success_cached,588,2023-10-27,2026-03-19,1519.HK,
1528.HK,success_cached,2643,2015-06-26,2026-03-19,1528.HK,
1530.HK,success_cached,2654,2015-06-11,2026-03-19,1530.HK,
1548.HK,success_cached,2516,2015-12-30,2026-03-19,1548.HK,
1579.HK,success_cached,2386,2016-07-13,2026-03-19,1579.HK,
1585.HK,success_cached,2423,2016-05-19,2026-03-19,1585.HK,
1610.HK,success_cached,2309,2016-11-01,2026-03-19,1610.HK,
1618.HK,success_cached,2767,2014-12-22,2026-03-19,1618.HK,
1635.HK,success_cached,2285,2016-12-05,2026-03-19,1635.HK,
1658.HK,success_cached,2332,2016-09-28,2026-03-19,1658.HK,
1675.HK,success_cached,1781,2018-12-19,2026-03-19,1675.HK,
1681.HK,success_cached,2767,2014-12-22,2026-03-19,1681.HK,
1686.HK,success_cached,2767,2014-12-22,2026-03-19,1686.HK,
1691.HK,success_cached,1536,2019-12-18,2026-03-19,1691.HK,
1729.HK,success_cached,1990,2018-02-13,2026-03-19,1729.HK,
1735.HK,success_cached,1960,2018-03-29,2026-03-19,1735.HK,
1766.HK,success_cached,2767,2014-12-22,2026-03-19,1766.HK,
1772.HK,success_cached,1829,2018-10-11,2026-03-19,1772.HK,
1773.HK,success_cached,1892,2018-07-12,2026-03-19,1773.HK,
1776.HK,success_cached,2696,2015-04-10,2026-03-19,1776.HK,
1783.HK,success_cached,1863,2018-08-22,2026-03-19,1783.HK,
1787.HK,success_cached,1837,2018-09-28,2026-03-19,1787.HK,
1788.HK,success_cached,2767,2014-12-22,2026-03-19,1788.HK,
1789.HK,success_cached,2026,2017-12-20,2026-03-19,1789.HK,
1797.HK,success_cached,1716,2019-03-28,2026-03-19,1797.HK,
1800.HK,success_cached,2767,2014-12-22,2026-03-19,1800.HK,
1801.HK,success_cached,1816,2018-10-31,2026-03-19,1801.HK,
1810.HK,success_cached,1895,2018-07-09,2026-03-19,1810.HK,
1811.HK,success_cached,2767,2014-12-22,2026-03-19,1811.HK,
1816.HK,success_cached,2767,2014-12-22,2026-03-19,1816.HK,
1818.HK,success_cached,2767,2014-12-22,2026-03-19,1818.HK,
1828.HK,success_cached,175,2025-07-07,2026-03-19,1828.HK,
1833.HK,success_cached,1938,2018-05-04,2026-03-19,1833.HK,
1836.HK,success_cached,2767,2014-12-22,2026-03-19,1836.HK,
1858.HK,success_cached,2715,2015-03-11,2026-03-19,1858.HK,
1860.HK,success_cached,1786,2018-12-12,2026-03-19,1860.HK,
1876.HK,success_cached,1591,2019-09-30,2026-03-19,1876.HK,
1877.HK,success_cached,1778,2018-12-24,2026-03-19,1877.HK,
1880.HK,success_cached,875,2022-08-25,2026-03-19,1880.HK,
1882.HK,success_cached,2767,2014-12-22,2026-03-19,1882.HK,
1883.HK,success_cached,2767,2014-12-22,2026-03-19,1883.HK,
1888.HK,success_cached,2767,2014-12-22,2026-03-19,1888.HK,
1896.HK,success_cached,1751,2019-02-04,2026-03-19,1896.HK,
1898.HK,success_cached,2767,2014-12-22,2026-03-19,1898.HK,
1907.HK,success_cached,1725,2019-03-15,2026-03-19,1907.HK,
1908.HK,success_cached,2767,2014-12-22,2026-03-19,1908.HK,
1910.HK,success_cached,2767,2014-12-22,2026-03-19,1910.HK,
1918.HK,success_cached,2767,2014-12-22,2026-03-19,1918.HK,
1919.HK,success_cached,2767,2014-12-22,2026-03-19,1919.HK,
1921.HK,success_cached,1564,2019-11-08,2026-03-19,1921.HK,
1928.HK,success_cached,2767,2014-12-22,2026-03-19,1928.HK,
1929.HK,success_cached,2767,2014-12-22,2026-03-19,1929.HK,
1951.HK,success_cached,1656,2019-06-28,2026-03-19,1951.HK,
1952.HK,success_cached,1337,2020-10-09,2026-03-19,1952.HK,
1963.HK,success_cached,2767,2014-12-22,2026-03-19,1963.HK,
1972.HK,success_cached,2767,2014-12-22,2026-03-19,1972.HK,
1988.HK,success_cached,2767,2014-12-22,2026-03-19,1988.HK,
1997.HK,success_cached,2051,2017-11-15,2026-03-19,1997.HK,
1999.HK,success_cached,2767,2014-12-22,2026-03-19,1999.HK,
2005.HK,success_cached,2767,2014-12-22,2026-03-19,2005.HK,
2007.HK,success_cached,2767,2014-12-22,2026-03-19,2007.HK,
2009.HK,success_cached,2767,2014-12-22,2026-03-19,2009.HK,
2013.HK,success_cached,1765,2019-01-15,2026-03-19,2013.HK,
2015.HK,success_cached,1130,2021-08-12,2026-03-19,2015.HK,
2016.HK,success_cached,2457,2016-03-30,2026-03-19,2016.HK,
2018.HK,success_cached,2767,2014-12-22,2026-03-19,2018.HK,
2020.HK,success_cached,2767,2014-12-22,2026-03-19,2020.HK,
2038.HK,success_cached,2767,2014-12-22,2026-03-19,2038.HK,
2039.HK,success_cached,2767,2014-12-22,2026-03-19,2039.HK,
2050.HK,success_cached,184,2025-06-23,2026-03-19,2050.HK,
2057.HK,success_cached,1343,2020-09-29,2026-03-19,2057.HK,
2068.HK,success_cached,2767,2014-12-22,2026-03-19,2068.HK,
2096.HK,success_cached,1327,2020-10-27,2026-03-19,2096.HK,
2097.HK,success_cached,259,2025-03-03,2026-03-19,2097.HK,
2099.HK,success_cached,2767,2014-12-22,2026-03-19,2099.HK,
2128.HK,success_cached,2767,2014-12-22,2026-03-19,2128.HK,
2145.HK,success_cached,792,2022-12-22,2026-03-19,2145.HK,
2155.HK,success_cached,1161,2021-06-29,2026-03-19,2155.HK,
2157.HK,success_cached,999,2022-02-23,2026-03-19,2157.HK,
2158.HK,success_cached,1271,2021-01-15,2026-03-19,2158.HK,
2162.HK,success_cached,1155,2021-07-08,2026-03-19,2162.HK,
2171.HK,success_cached,1168,2021-06-18,2026-03-19,2171.HK,
2172.HK,success_cached,904,2022-07-15,2026-03-19,2172.HK,
2186.HK,success_cached,2767,2014-12-22,2026-03-19,2186.HK,
2192.HK,success_cached,1150,2021-07-15,2026-03-19,2192.HK,
2196.HK,success_cached,2767,2014-12-22,2026-03-19,2196.HK,
2202.HK,success_cached,2767,2014-12-22,2026-03-19,2202.HK,
2208.HK,success_cached,2767,2014-12-22,2026-03-19,2208.HK,
2218.HK,success_cached,2767,2014-12-22,2026-03-19,2218.HK,
2228.HK,success_cached,435,2024-06-13,2026-03-19,2228.HK,
2232.HK,success_cached,2059,2017-11-03,2026-03-19,2232.HK,
2233.HK,success_cached,2767,2014-12-22,2026-03-19,2233.HK,
2238.HK,success_cached,2767,2014-12-22,2026-03-19,2238.HK,
2252.HK,success_cached,1076,2021-11-02,2026-03-19,2252.HK,
2255.HK,success_cached,2767,2014-12-22,2026-03-19,2255.HK,
2259.HK,success_cached,114,2025-09-30,2026-03-19,2259.HK,
2268.HK,success_cached,573,2023-11-17,2026-03-19,2268.HK,
2269.HK,success_cached,2160,2017-06-13,2026-03-19,2269.HK,
2273.HK,success_cached,1048,2021-12-10,2026-03-19,2273.HK,
2276.HK,success_cached,1044,2021-12-16,2026-03-19,2276.HK,
2282.HK,success_cached,2767,2014-12-22,2026-03-19,2282.HK,
2285.HK,success_cached,1035,2021-12-30,2026-03-19,2285.HK,
2291.HK,success_cached,824,2022-11-08,2026-03-19,2291.HK,
2313.HK,success_cached,2767,2014-12-22,2026-03-19,2313.HK,
2314.HK,success_cached,2767,2014-12-22,2026-03-19,2314.HK,
2315.HK,success_cached,870,2022-09-01,2026-03-19,2315.HK,
2318.HK,success_cached,2767,2014-12-22,2026-03-19,2318.HK,
2319.HK,success_cached,2767,2014-12-22,2026-03-19,2319.HK,
2328.HK,success_cached,2767,2014-12-22,2026-03-19,2328.HK,
2331.HK,success_cached,2767,2014-12-22,2026-03-19,2331.HK,
2333.HK,success_cached,2767,2014-12-22,2026-03-19,2333.HK,
2338.HK,success_cached,2767,2014-12-22,2026-03-19,2338.HK,
2343.HK,success_cached,2767,2014-12-22,2026-03-19,2343.HK,
2356.HK,success_cached,2767,2014-12-22,2026-03-19,2356.HK,
2357.HK,success_cached,2767,2014-12-22,2026-03-19,2357.HK,
2359.HK,success_cached,1785,2018-12-13,2026-03-19,2359.HK,
2367.HK,success_cached,826,2022-11-04,2026-03-19,2367.HK,
2378.HK,success_cached,2767,2014-12-22,2026-03-19,2378.HK,
2380.HK,success_cached,2767,2014-12-22,2026-03-19,2380.HK,
2382.HK,success_cached,2767,2014-12-22,2026-03-19,2382.HK,
2386.HK,success_cached,2767,2014-12-22,2026-03-19,2386.HK,
2388.HK,success_cached,2767,2014-12-22,2026-03-19,2388.HK,
2400.HK,success_cached,1540,2019-12-12,2026-03-19,2400.HK,
2402.HK,success_cached,780,2023-01-12,2026-03-19,2402.HK,
2410.HK,success_cached,388,2024-08-20,2026-03-19,2410.HK,
2419.HK,success_cached,560,2023-12-06,2026-03-19,2419.HK,
2423.HK,success_cached,949,2022-05-11,2026-03-19,2423.HK,
2431.HK,success_cached,301,2024-12-27,2026-03-19,2431.HK,
2432.HK,success_cached,303,2024-12-23,2026-03-19,2432.HK,
2460.HK,success_cached,346,2024-10-23,2026-03-19,2460.HK,
2465.HK,success_cached,341,2024-10-30,2026-03-19,2465.HK,
2473.HK,success_cached,579,2023-11-09,2026-03-19,2473.HK,
2477.HK,success_cached,536,2024-01-12,2026-03-19,2477.HK,
2498.HK,success_cached,541,2024-01-05,2026-03-19,2498.HK,
2506.HK,success_cached,300,2024-12-30,2026-03-19,2506.HK,
2507.HK,success_cached,415,2024-07-12,2026-03-19,2507.HK,
2510.HK,success_cached,339,2024-11-01,2026-03-19,2510.HK,
2517.HK,success_cached,584,2023-11-02,2026-03-19,2517.HK,
2533.HK,success_cached,396,2024-08-08,2026-03-19,2533.HK,
2555.HK,success_cached,469,2024-04-23,2026-03-19,2555.HK,
2556.HK,success_cached,454,2024-05-16,2026-03-19,2556.HK,
2562.HK,success_cached,342,2024-07-05,2026-03-19,2562.HK,
2565.HK,success_cached,203,2025-05-27,2026-03-19,2565.HK,
2570.HK,success_cached,314,2024-12-06,2026-03-19,2570.HK,
2575.HK,success_cached,105,2025-10-15,2026-03-19,2575.HK,
2577.HK,success_cached,300,2024-12-30,2026-03-19,2577.HK,
2579.HK,success_cached,83,2025-11-17,2026-03-19,2579.HK,
2580.HK,success_cached,134,2025-09-02,2026-03-19,2580.HK,
2582.HK,success_cached,328,2024-11-15,2026-03-19,2582.HK,
2583.HK,success_cached,114,2025-09-30,2026-03-19,2583.HK,
2586.HK,success_cached,314,2024-12-06,2026-03-19,2586.HK,
2587.HK,success_cached,300,2024-12-30,2026-03-19,2587.HK,
2588.HK,success_cached,2414,2016-06-01,2026-03-19,2588.HK,
2589.HK,success_cached,216,2025-05-08,2026-03-19,2589.HK,
2590.HK,success_cached,173,2025-07-09,2026-03-19,2590.HK,
2591.HK,success_cached,146,2025-08-15,2026-03-19,2591.HK,
2595.HK,success_cached,120,2025-09-19,2026-03-19,2595.HK,
2600.HK,success_cached,2767,2014-12-22,2026-03-19,2600.HK,
2601.HK,success_cached,2767,2014-12-22,2026-03-19,2601.HK,
2602.HK,success_cached,851,2022-09-29,2026-03-19,2602.HK,
2603.HK,success_cached,203,2025-05-27,2026-03-19,2603.HK,
2607.HK,success_cached,2767,2014-12-22,2026-03-19,2607.HK,
2609.HK,success_cached,184,2025-06-23,2026-03-19,2609.HK,
2610.HK,success_cached,243,2025-03-25,2026-03-19,2610.HK,
2611.HK,success_cached,2200,2017-04-11,2026-03-19,2611.HK,
2617.HK,success_cached,184,2025-06-23,2026-03-19,2617.HK,
2618.HK,success_cached,1182,2021-05-28,2026-03-19,2618.HK,
2627.HK,success_cached,150,2025-08-11,2026-03-19,2627.HK,
2628.HK,success_cached,2767,2014-12-22,2026-03-19,2628.HK,
2629.HK,success_cached,205,2025-05-23,2026-03-19,2629.HK,
2631.HK,success_cached,143,2025-08-20,2026-03-19,2631.HK,
2637.HK,success_cached,101,2025-10-20,2026-03-19,2637.HK,
2643.HK,success_cached,182,2025-06-25,2026-03-19,2643.HK,
2648.HK,success_cached,176,2025-07-04,2026-03-19,2648.HK,
2652.HK,success_cached,110,2025-10-08,2026-03-19,2652.HK,
2655.HK,success_cached,62,2025-12-16,2026-03-19,2655.HK,
2656.HK,success_cached,123,2025-09-17,2026-03-19,2656.HK,
2659.HK,success_cached,66,2025-12-10,2026-03-19,2659.HK,
2661.HK,success_cached,57,2025-12-23,2026-03-19,2661.HK,
2665.HK,success_cached,781,2022-12-29,2026-03-19,2665.HK,
2666.HK,success_cached,2636,2015-07-08,2026-03-19,2666.HK,
2669.HK,success_cached,2563,2015-10-23,2026-03-19,2669.HK,
2676.HK,success_cached,68,2025-12-08,2026-03-19,2676.HK,
2685.HK,success_cached,75,2025-11-27,2026-03-19,2685.HK,
2687.HK,success_cached,68,2025-12-08,2026-03-19,2687.HK,
2688.HK,success_cached,2767,2014-12-22,2026-03-19,2688.HK,
2689.HK,success_cached,2767,2014-12-22,2026-03-19,2689.HK,
2691.HK,success_cached,58,2025-12-22,2026-03-19,2691.HK,
2692.HK,success_cached,9,2026-03-09,2026-03-19,2692.HK,
2698.HK,success_cached,88,2025-11-10,2026-03-19,2698.HK,
2714.HK,success_cached,27,2026-02-06,2026-03-19,2714.HK,
2727.HK,success_cached,2767,2014-12-22,2026-03-19,2727.HK,
2768.HK,success_cached,29,2026-02-04,2026-03-19,2768.HK,
2788.HK,success_cached,78,2025-11-24,2026-03-19,2788.HK,
2799.HK,success_cached,2558,2015-10-30,2026-03-19,2799.HK,
2800.HK,success_cached,2766,2014-12-22,2026-03-19,2800.HK,
2801.HK,success_cached,529,2024-01-17,2026-03-19,2801.HK,
2825.HK,success_cached,2765,2014-12-22,2026-03-18,2825.HK,
2828.HK,success_cached,468,2024-04-24,2026-03-19,2828.HK,
2837.HK,success_cached,708,2023-03-30,2026-03-19,2837.HK,
2858.HK,success_cached,2050,2017-11-16,2026-03-19,2858.HK,
2865.HK,success_cached,216,2025-05-08,2026-03-19,2865.HK,
2866.HK,success_cached,2767,2014-12-22,2026-03-19,2866.HK,
2869.HK,success_cached,2387,2016-07-12,2026-03-19,2869.HK,
2877.HK,success_cached,2767,2014-12-22,2026-03-19,2877.HK,
2880.HK,success_cached,2767,2014-12-22,2026-03-19,2880.HK,
2883.HK,success_cached,2767,2014-12-22,2026-03-19,2883.HK,
2888.HK,success_cached,2767,2014-12-22,2026-03-19,2888.HK,
2889.HK,success_cached,114,2025-09-30,2026-03-19,2889.HK,
2899.HK,success_cached,2767,2014-12-22,2026-03-19,2899.HK,
3032.HK,success_cached,1362,2020-09-02,2026-03-19,3032.HK,
3033.HK,success_cached,1365,2020-08-27,2026-03-19,3033.HK,
3037.HK,success_cached,1196,2021-05-06,2026-03-19,3037.HK,
3039.HK,success_cached,844,2022-10-10,2026-03-19,3039.HK,
3040.HK,success_cached,529,2024-01-17,2026-03-19,3040.HK,
3067.HK,success_cached,1353,2020-09-14,2026-03-19,3067.HK,
3069.HK,success_cached,529,2024-01-17,2026-03-19,3069.HK,
3070.HK,success_cached,2766,2014-12-22,2026-03-19,3070.HK,
3088.HK,success_cached,1360,2020-09-03,2026-03-19,3088.HK,
3110.HK,success_cached,2766,2014-12-22,2026-03-19,3110.HK,
3115.HK,success_cached,2295,2016-11-18,2026-03-19,3115.HK,
3167.HK,success_cached,2281,2016-12-08,2026-03-19,3167.HK,
3174.HK,success_cached,1145,2021-07-21,2026-03-19,3174.HK,
3200.HK,success_cached,27,2026-02-06,2026-03-19,3200.HK,
3268.HK,success_cached,8,2026-03-10,2026-03-19,3268.HK,
3288.HK,success_cached,185,2025-06-19,2026-03-19,3288.HK,
3306.HK,success_cached,2310,2016-10-31,2026-03-19,3306.HK,
3311.HK,success_cached,2767,2014-12-22,2026-03-19,3311.HK,
3317.HK,success_cached,54,2025-12-30,2026-03-19,3317.HK,
3320.HK,success_cached,2311,2016-10-28,2026-03-19,3320.HK,
3323.HK,success_cached,2767,2014-12-22,2026-03-19,3323.HK,
3328.HK,success_cached,2767,2014-12-22,2026-03-19,3328.HK,
3330.HK,success_cached,2767,2014-12-22,2026-03-19,3330.HK,
3339.HK,success_cached,2767,2014-12-22,2026-03-19,3339.HK,
3347.HK,success_cached,1380,2020-08-07,2026-03-19,3347.HK,
3360.HK,success_cached,2767,2014-12-22,2026-03-19,3360.HK,
3369.HK,success_cached,2767,2014-12-22,2026-03-19,3369.HK,
3380.HK,success_cached,2767,2014-12-22,2026-03-19,3380.HK,
3393.HK,success_cached,2767,2014-12-22,2026-03-19,3393.HK,
3396.HK,success_cached,2642,2015-06-29,2026-03-19,3396.HK,
3403.HK,success_cached,802,2022-11-10,2026-03-19,3403.HK,
3423.HK,success_cached,238,2025-03-31,2026-03-19,3423.HK,
3432.HK,success_cached,417,2024-07-04,2026-03-19,3432.HK,
3441.HK,success_cached,238,2025-03-31,2026-03-19,3441.HK,
3442.HK,success_cached,238,2025-03-31,2026-03-19,3442.HK,
3606.HK,success_cached,2701,2015-03-31,2026-03-19,3606.HK,
3613.HK,success_cached,2767,2014-12-22,2026-03-19,3613.HK,
3618.HK,success_cached,2767,2014-12-22,2026-03-19,3618.HK,
3633.HK,success_cached,2767,2014-12-22,2026-03-19,3633.HK,
3668.HK,success_cached,1790,2018-12-06,2026-03-19,3668.HK,
3677.HK,success_cached,229,2025-04-14,2026-03-19,3677.HK,
3678.HK,success_cached,2516,2015-12-30,2026-03-19,3678.HK,
3690.HK,success_cached,1842,2018-09-20,2026-03-19,3690.HK,
3692.HK,success_cached,1666,2019-06-14,2026-03-19,3692.HK,
3696.HK,success_cached,54,2025-12-30,2026-03-19,3696.HK,
3698.HK,success_cached,2767,2014-12-22,2026-03-19,3698.HK,
3738.HK,success_cached,2018,2018-01-04,2026-03-19,3738.HK,
3750.HK,success_cached,208,2025-05-20,2026-03-19,3750.HK,
3759.HK,success_cached,1550,2019-11-28,2026-03-19,3759.HK,
3800.HK,success_cached,2767,2014-12-22,2026-03-19,3800.HK,
3808.HK,success_cached,2767,2014-12-22,2026-03-19,3808.HK,
3858.HK,success_cached,137,2025-08-28,2026-03-19,3858.HK,
3866.HK,success_cached,2534,2015-12-03,2026-03-19,3866.HK,
3868.HK,success_cached,1674,2019-05-28,2026-03-19,3868.HK,
3877.HK,success_cached,1665,2019-06-17,2026-03-19,3877.HK,
3888.HK,success_cached,2767,2014-12-22,2026-03-19,3888.HK,
3896.HK,success_cached,788,2022-12-30,2026-03-19,3896.HK,
3898.HK,success_cached,2767,2014-12-22,2026-03-19,3898.HK,
3899.HK,success_cached,2767,2014-12-22,2026-03-19,3899.HK,
3900.HK,success_cached,2767,2014-12-22,2026-03-19,3900.HK,
3908.HK,success_cached,2552,2015-11-09,2026-03-19,3908.HK,
3918.HK,success_cached,2767,2014-12-22,2026-03-19,3918.HK,
3931.HK,success_cached,847,2022-10-06,2026-03-19,3931.HK,
3933.HK,success_cached,2767,2014-12-22,2026-03-19,3933.HK,
3939.HK,success_cached,2767,2014-12-22,2026-03-19,3939.HK,
3958.HK,success_cached,2389,2016-07-08,2026-03-19,3958.HK,
3968.HK,success_cached,2767,2014-12-22,2026-03-19,3968.HK,
3969.HK,success_cached,2614,2015-08-07,2026-03-19,3969.HK,
3986.HK,success_cached,45,2026-01-13,2026-03-19,3986.HK,
3988.HK,success_cached,2767,2014-12-22,2026-03-19,3988.HK,
3993.HK,success_cached,2767,2014-12-22,2026-03-19,3993.HK,
3996.HK,success_cached,2529,2015-12-10,2026-03-19,3996.HK,
3998.HK,success_cached,2767,2014-12-22,2026-03-19,3998.HK,
6030.HK,success_cached,2767,2014-12-22,2026-03-19,6030.HK,
6031.HK,success_cached,96,2025-10-28,2026-03-19,6031.HK,
6049.HK,success_cached,1535,2019-12-19,2026-03-19,6049.HK,
6055.HK,success_cached,1668,2019-06-12,2026-03-19,6055.HK,
6060.HK,success_cached,2083,2017-09-28,2026-03-19,6060.HK,
6066.HK,success_cached,2279,2016-12-13,2026-03-19,6066.HK,
6069.HK,success_cached,2142,2017-07-07,2026-03-19,6069.HK,
6078.HK,success_cached,1408,2020-06-29,2026-03-19,6078.HK,
6088.HK,success_cached,2136,2017-07-17,2026-03-19,6088.HK,
6090.HK,success_cached,119,2025-09-23,2026-03-19,6090.HK,
6098.HK,success_cached,1908,2018-06-19,2026-03-19,6098.HK,
6099.HK,success_cached,2325,2016-10-07,2026-03-19,6099.HK,
6110.HK,success_cached,1585,2019-10-10,2026-03-19,6110.HK,
6127.HK,success_cached,1243,2021-02-26,2026-03-19,6127.HK,
6160.HK,success_cached,1873,2018-08-08,2026-03-19,6160.HK,
6166.HK,success_cached,96,2025-10-28,2026-03-19,6166.HK,
6168.HK,success_cached,181,2025-06-26,2026-03-19,6168.HK,
6178.HK,success_cached,2360,2016-08-18,2026-03-19,6178.HK,
6181.HK,success_cached,424,2024-06-28,2026-03-19,6181.HK,
6185.HK,success_cached,1716,2019-03-28,2026-03-19,6185.HK,
6186.HK,success_cached,1561,2019-11-13,2026-03-19,6186.HK,
6196.HK,success_cached,2520,2015-12-23,2026-03-19,6196.HK,
6198.HK,success_cached,2767,2014-12-22,2026-03-19,6198.HK,
6600.HK,success_cached,54,2025-12-30,2026-03-19,6600.HK,
6603.HK,success_cached,179,2025-06-30,2026-03-19,6603.HK,
6613.HK,success_cached,173,2025-07-09,2026-03-19,6613.HK,
6618.HK,success_cached,1297,2020-12-08,2026-03-19,6618.HK,
6651.HK,success_cached,54,2025-12-30,2026-03-19,6651.HK,
6655.HK,success_cached,976,2022-03-28,2026-03-19,6655.HK,
6666.HK,success_cached,1301,2020-12-02,2026-03-19,6666.HK,
6680.HK,success_cached,1024,2022-01-14,2026-03-19,6680.HK,
6681.HK,success_cached,294,2025-01-08,2026-03-19,6681.HK,
6682.HK,success_cached,607,2023-09-28,2026-03-19,6682.HK,
6683.HK,success_cached,659,2023-07-13,2026-03-19,6683.HK,
6687.HK,success_cached,101,2025-10-21,2026-03-19,6687.HK,
6690.HK,success_cached,1286,2020-12-23,2026-03-19,6690.HK,
6693.HK,success_cached,254,2025-03-10,2026-03-19,6693.HK,
6699.HK,success_cached,1170,2021-06-16,2026-03-19,6699.HK,
6806.HK,success_cached,1698,2019-04-26,2026-03-19,6806.HK,
6808.HK,success_cached,2767,2014-12-22,2026-03-19,6808.HK,
6809.HK,success_cached,26,2026-02-09,2026-03-19,6809.HK,
6818.HK,success_cached,2767,2014-12-22,2026-03-19,6818.HK,
6821.HK,success_cached,1048,2021-12-10,2026-03-19,6821.HK,
6826.HK,success_cached,2682,2015-04-30,2026-03-19,6826.HK,
6855.HK,success_cached,1573,2019-10-28,2026-03-19,6855.HK,
6862.HK,success_cached,1839,2018-09-26,2026-03-19,6862.HK,
6865.HK,success_cached,2539,2015-11-26,2026-03-19,6865.HK,
6869.HK,success_cached,2767,2014-12-22,2026-03-19,6869.HK,
6881.HK,success_cached,2767,2014-12-22,2026-03-19,6881.HK,
6886.HK,success_cached,2662,2015-06-01,2026-03-19,6886.HK,
6936.HK,success_cached,321,2024-11-27,2026-03-19,6936.HK,
6955.HK,success_cached,788,2022-12-30,2026-03-19,6955.HK,
6963.HK,success_cached,801,2022-12-09,2026-03-19,6963.HK,
6969.HK,success_cached,1400,2020-07-10,2026-03-19,6969.HK,
6979.HK,success_cached,711,2023-04-27,2026-03-19,6979.HK,
6990.HK,success_cached,661,2023-07-11,2026-03-19,6990.HK,
6993.HK,success_cached,1291,2020-12-16,2026-03-19,6993.HK,
7618.HK,success_cached,65,2025-12-11,2026-03-19,7618.HK,
9606.HK,success_cached,228,2025-04-15,2026-03-19,9606.HK,
9611.HK,success_cached,38,2026-01-22,2026-03-19,9611.HK,
9626.HK,success_cached,1222,2021-03-29,2026-03-19,9626.HK,
9633.HK,success_cached,1358,2020-09-08,2026-03-19,9633.HK,
9636.HK,success_cached,742,2023-03-10,2026-03-19,9636.HK,
9658.HK,success_cached,788,2022-12-30,2026-03-19,9658.HK,
9660.HK,success_cached,345,2024-10-24,2026-03-19,9660.HK,
9678.HK,success_cached,179,2025-06-30,2026-03-19,9678.HK,
9688.HK,success_cached,1344,2020-09-28,2026-03-19,9688.HK,
9690.HK,success_cached,609,2023-09-26,2026-03-19,9690.HK,
9696.HK,success_cached,906,2022-07-13,2026-03-19,9696.HK,
9699.HK,success_cached,1046,2021-12-14,2026-03-19,9699.HK,
9858.HK,success_cached,1168,2021-06-18,2026-03-19,9858.HK,
9863.HK,success_cached,851,2022-09-29,2026-03-19,9863.HK,
9868.HK,success_cached,1156,2021-07-07,2026-03-19,9868.HK,
9880.HK,success_cached,545,2023-12-29,2026-03-19,9880.HK,
9887.HK,success_cached,161,2025-07-25,2026-03-19,9887.HK,
9890.HK,success_cached,607,2023-09-28,2026-03-19,9890.HK,
9896.HK,success_cached,906,2022-07-13,2026-03-19,9896.HK,
9899.HK,success_cached,1054,2021-12-02,2026-03-19,9899.HK,
9911.HK,success_cached,1529,2019-12-31,2026-03-19,9911.HK,
9926.HK,success_cached,1451,2020-04-24,2026-03-19,9926.HK,
9927.HK,success_cached,91,2025-11-05,2026-03-19,9927.HK,
9969.HK,success_cached,1473,2020-03-23,2026-03-19,9969.HK,
9973.HK,success_cached,117,2025-09-25,2026-03-19,9973.HK,
9980.HK,success_cached,30,2026-02-03,2026-03-19,9980.HK,
9981.HK,success_cached,22,2026-02-13,2026-03-19,9981.HK,
9985.HK,success_cached,797,2022-12-15,2026-03-19,9985.HK,
9987.HK,success_cached,1356,2020-09-10,2026-03-19,9987.HK,
9988.HK,success_cached,1552,2019-11-26,2026-03-19,9988.HK,
9989.HK,success_cached,1402,2020-07-08,2026-03-19,9989.HK,
9992.HK,success_cached,1294,2020-12-11,2026-03-19,9992.HK,
9993.HK,success_cached,1325,2020-10-29,2026-03-19,9993.HK,
9995.HK,success_cached,1318,2020-11-09,2026-03-19,9995.HK,
