ticker_yf,sources,status,n_rows,min_date,max_date,error
0001.HK,eligible,success_downloaded,930,2022-06-08,2026-03-19,
0002.HK,eligible,success_downloaded,930,2022-06-08,2026-03-19,
0003.HK,eligible,success_downloaded,930,2022-06-08,2026-03-19,
000333.SZ,event,success_downloaded,917,2022-06-08,2026-03-19,
0004.HK,eligible,success_downloaded,930,2022-06-08,2026-03-19,
0005.HK,eligible,success_downloaded,930,2022-06-08,2026-03-19,
000568.SZ,event,success_downloaded,917,2022-06-08,2026-03-19,
0006.HK,eligible,success_downloaded,930,2022-06-08,2026-03-19,
0008.HK,eligible,success_downloaded,930,2022-06-08,2026-03-19,
0010.HK,eligible,success_downloaded,930,2022-06-08,2026-03-19,
0012.HK,eligible,success_downloaded,930,2022-06-08,2026-03-19,
0013.HK,eligible,success_downloaded,930,2022-06-08,2026-03-19,
0014.HK,eligible,success_downloaded,930,2022-06-08,2026-03-19,
0016.HK,eligible,success_downloaded,930,2022-06-08,2026-03-19,
0017.HK,"eligible,event",success_downloaded,930,2022-06-08,2026-03-19,
0019.HK,eligible,success_downloaded,930,2022-06-08,2026-03-19,
0020.HK,"eligible,event",success_downloaded,930,2022-06-08,2026-03-19,
0023.HK,eligible,success_downloaded,930,2022-06-08,2026-03-19,
0027.HK,eligible,success_downloaded,930,2022-06-08,2026-03-19,
0038.HK,eligible,success_downloaded,930,2022-06-08,2026-03-19,
0041.HK,eligible,success_downloaded,930,2022-06-08,2026-03-19,
0066.HK,eligible,success_downloaded,930,2022-06-08,2026-03-19,
0081.HK,eligible,success_downloaded,930,2022-06-08,2026-03-19,
0083.HK,eligible,success_downloaded,930,2022-06-08,2026-03-19,
0087.HK,eligible,success_downloaded,930,2022-06-08,2026-03-19,
0101.HK,eligible,success_downloaded,930,2022-06-08,2026-03-19,
0107.HK,eligible,success_downloaded,930,2022-06-08,2026-03-19,
0119.HK,eligible,success_downloaded,930,2022-06-08,2026-03-19,
0123.HK,eligible,success_downloaded,930,2022-06-08,2026-03-19,
0135.HK,eligible,success_downloaded,930,2022-06-08,2026-03-19,
0136.HK,eligible,success_downloaded,930,2022-06-08,2026-03-19,
0142.HK,eligible,success_downloaded,930,2022-06-08,2026-03-19,
0144.HK,eligible,success_downloaded,930,2022-06-08,2026-03-19,
0148.HK,eligible,success_downloaded,930,2022-06-08,2026-03-19,
0151.HK,eligible,success_downloaded,930,2022-06-08,2026-03-19,
0152.HK,eligible,success_downloaded,930,2022-06-08,2026-03-19,
0165.HK,eligible,success_downloaded,930,2022-06-08,2026-03-19,
0168.HK,eligible,success_downloaded,930,2022-06-08,2026-03-19,
0173.HK,eligible,success_downloaded,930,2022-06-08,2026-03-19,
0175.HK,eligible,success_downloaded,930,2022-06-08,2026-03-19,
0177.HK,eligible,success_downloaded,930,2022-06-08,2026-03-19,
0179.HK,eligible,success_downloaded,930,2022-06-08,2026-03-19,
0187.HK,eligible,success_downloaded,930,2022-06-08,2026-03-19,
0189.HK,eligible,success_downloaded,930,2022-06-08,2026-03-19,
0200.HK,eligible,success_downloaded,930,2022-06-08,2026-03-19,
0220.HK,eligible,success_downloaded,930,2022-06-08,2026-03-19,
0241.HK,eligible,success_downloaded,930,2022-06-08,2026-03-19,
0257.HK,eligible,success_downloaded,930,2022-06-08,2026-03-19,
0267.HK,eligible,success_downloaded,930,2022-06-08,2026-03-19,
0268.HK,eligible,success_downloaded,930,2022-06-08,2026-03-19,
0270.HK,eligible,success_downloaded,930,2022-06-08,2026-03-19,
0285.HK,"eligible,event",success_downloaded,930,2022-06-08,2026-03-19,
0288.HK,eligible,success_downloaded,930,2022-06-08,2026-03-19,
0290.HK,eligible,success_downloaded,930,2022-06-08,2026-03-19,
0291.HK,"eligible,event",success_downloaded,930,2022-06-08,2026-03-19,
0293.HK,eligible,success_downloaded,930,2022-06-08,2026-03-19,
0297.HK,eligible,success_downloaded,930,2022-06-08,2026-03-19,
0300.HK,"eligible,event",success_downloaded,361,2024-07-05,2026-03-19,
0303.HK,eligible,success_downloaded,930,2022-06-08,2026-03-19,
0308.HK,eligible,success_downloaded,930,2022-06-08,2026-03-19,
0316.HK,eligible,success_downloaded,930,2022-06-08,2026-03-19,
0317.HK,eligible,success_downloaded,930,2022-06-08,2026-03-19,
0322.HK,eligible,success_downloaded,930,2022-06-08,2026-03-19,
0323.HK,eligible,success_downloaded,930,2022-06-08,2026-03-19,
0325.HK,eligible,success_downloaded,292,2025-01-10,2026-03-19,
0336.HK,eligible,success_downloaded,930,2022-06-08,2026-03-19,
0338.HK,eligible,success_downloaded,930,2022-06-08,2026-03-19,
0345.HK,eligible,success_downloaded,930,2022-06-08,2026-03-19,
0347.HK,eligible,success_downloaded,930,2022-06-08,2026-03-19,
0354.HK,eligible,success_downloaded,930,2022-06-08,2026-03-19,
0358.HK,eligible,success_downloaded,930,2022-06-08,2026-03-19,
0363.HK,eligible,success_downloaded,930,2022-06-08,2026-03-19,
0371.HK,eligible,success_downloaded,930,2022-06-08,2026-03-19,
0384.HK,eligible,success_downloaded,930,2022-06-08,2026-03-19,
0386.HK,eligible,success_downloaded,930,2022-06-08,2026-03-19,
0388.HK,eligible,success_downloaded,930,2022-06-08,2026-03-19,
0390.HK,eligible,success_downloaded,930,2022-06-08,2026-03-19,
0392.HK,eligible,success_downloaded,930,2022-06-08,2026-03-19,
0425.HK,eligible,success_downloaded,930,2022-06-08,2026-03-19,
0440.HK,eligible,success_downloaded,930,2022-06-08,2026-03-19,
0460.HK,eligible,success_downloaded,930,2022-06-08,2026-03-19,
0467.HK,eligible,success_downloaded,930,2022-06-08,2026-03-19,
0470.HK,eligible,success_downloaded,24,2026-02-11,2026-03-19,
0501.HK,eligible,success_downloaded,1,2026-03-19,2026-03-19,
0506.HK,eligible,success_downloaded,930,2022-06-08,2026-03-19,
0512.HK,eligible,success_downloaded,930,2022-06-08,2026-03-19,
0522.HK,eligible,success_downloaded,930,2022-06-08,2026-03-19,
0525.HK,eligible,success_downloaded,930,2022-06-08,2026-03-19,
0546.HK,eligible,success_downloaded,930,2022-06-08,2026-03-19,
0548.HK,eligible,success_downloaded,930,2022-06-08,2026-03-19,
0551.HK,eligible,success_downloaded,930,2022-06-08,2026-03-19,
0552.HK,eligible,success_downloaded,930,2022-06-08,2026-03-19,
0553.HK,eligible,success_downloaded,930,2022-06-08,2026-03-19,
0564.HK,eligible,success_downloaded,930,2022-06-08,2026-03-19,
0568.HK,"eligible,event",success_downloaded,930,2022-06-08,2026-03-19,
0570.HK,eligible,success_downloaded,930,2022-06-08,2026-03-19,
0576.HK,eligible,success_downloaded,930,2022-06-08,2026-03-19,
0586.HK,eligible,success_downloaded,930,2022-06-08,2026-03-19,
0588.HK,eligible,success_downloaded,930,2022-06-08,2026-03-19,
0590.HK,eligible,success_downloaded,930,2022-06-08,2026-03-19,
0598.HK,eligible,success_downloaded,930,2022-06-08,2026-03-19,
0604.HK,eligible,success_downloaded,930,2022-06-08,2026-03-19,
0631.HK,eligible,success_downloaded,930,2022-06-08,2026-03-19,
0636.HK,eligible,success_downloaded,930,2022-06-08,2026-03-19,
0638.HK,eligible,success_downloaded,1,2026-03-19,2026-03-19,
0639.HK,eligible,success_downloaded,930,2022-06-08,2026-03-19,
0656.HK,eligible,success_downloaded,930,2022-06-08,2026-03-19,
0659.HK,eligible,success_downloaded,930,2022-06-08,2026-03-19,
0666.HK,eligible,success_downloaded,552,2023-12-18,2026-03-19,
0667.HK,eligible,success_downloaded,930,2022-06-08,2026-03-19,
0669.HK,eligible,success_downloaded,930,2022-06-08,2026-03-19,
0670.HK,eligible,success_downloaded,930,2022-06-08,2026-03-19,
0683.HK,eligible,success_downloaded,930,2022-06-08,2026-03-19,
0688.HK,eligible,success_downloaded,930,2022-06-08,2026-03-19,
0696.HK,eligible,success_downloaded,930,2022-06-08,2026-03-19,
0697.HK,eligible,success_downloaded,930,2022-06-08,2026-03-19,
0699.HK,eligible,success_downloaded,1,2026-03-19,2026-03-19,
0700.HK,eligible,success_downloaded,930,2022-06-08,2026-03-19,
0719.HK,eligible,success_downloaded,930,2022-06-08,2026-03-19,
0728.HK,eligible,success_downloaded,930,2022-06-08,2026-03-19,
0751.HK,eligible,success_downloaded,930,2022-06-08,2026-03-19,
0753.HK,eligible,success_downloaded,930,2022-06-08,2026-03-19,
0754.HK,eligible,success_downloaded,930,2022-06-08,2026-03-19,
0762.HK,"eligible,event",success_downloaded,930,2022-06-08,2026-03-19,
0763.HK,eligible,success_downloaded,930,2022-06-08,2026-03-19,
0772.HK,eligible,success_downloaded,930,2022-06-08,2026-03-19,
0780.HK,"eligible,event",success_downloaded,930,2022-06-08,2026-03-19,
0788.HK,eligible,success_downloaded,930,2022-06-08,2026-03-19,
0811.HK,eligible,success_downloaded,930,2022-06-08,2026-03-19,
0817.HK,eligible,success_downloaded,930,2022-06-08,2026-03-19,
0819.HK,eligible,success_downloaded,930,2022-06-08,2026-03-19,
0826.HK,eligible,success_downloaded,930,2022-06-08,2026-03-19,
0836.HK,eligible,success_downloaded,930,2022-06-08,2026-03-19,
0839.HK,eligible,success_downloaded,930,2022-06-08,2026-03-19,
0853.HK,eligible,success_downloaded,930,2022-06-08,2026-03-19,
0855.HK,eligible,success_downloaded,930,2022-06-08,2026-03-19,
0856.HK,eligible,success_downloaded,930,2022-06-08,2026-03-19,
0857.HK,eligible,success_downloaded,930,2022-06-08,2026-03-19,
0867.HK,eligible,success_downloaded,930,2022-06-08,2026-03-19,
0868.HK,eligible,success_downloaded,930,2022-06-08,2026-03-19,
0874.HK,eligible,success_downloaded,930,2022-06-08,2026-03-19,
0880.HK,eligible,success_downloaded,930,2022-06-08,2026-03-19,
0881.HK,"eligible,event",success_downloaded,930,2022-06-08,2026-03-19,
0883.HK,eligible,success_downloaded,930,2022-06-08,2026-03-19,
0895.HK,eligible,success_downloaded,930,2022-06-08,2026-03-19,
0902.HK,eligible,success_downloaded,930,2022-06-08,2026-03-19,
0909.HK,eligible,success_downloaded,930,2022-06-08,2026-03-19,
0914.HK,eligible,success_downloaded,930,2022-06-08,2026-03-19,
0916.HK,eligible,success_downloaded,930,2022-06-08,2026-03-19,
0917.HK,eligible,success_downloaded,194,2025-06-09,2026-03-19,
0921.HK,eligible,success_downloaded,930,2022-06-08,2026-03-19,
0934.HK,eligible,success_downloaded,930,2022-06-08,2026-03-19,
0939.HK,eligible,success_downloaded,930,2022-06-08,2026-03-19,
0941.HK,eligible,success_downloaded,930,2022-06-08,2026-03-19,
0956.HK,eligible,success_downloaded,930,2022-06-08,2026-03-19,
0960.HK,"eligible,event",success_downloaded,930,2022-06-08,2026-03-19,
0966.HK,eligible,success_downloaded,930,2022-06-08,2026-03-19,
0968.HK,"eligible,event",success_downloaded,930,2022-06-08,2026-03-19,
0975.HK,eligible,success_downloaded,930,2022-06-08,2026-03-19,
0981.HK,eligible,success_downloaded,930,2022-06-08,2026-03-19,
0990.HK,eligible,success_downloaded,930,2022-06-08,2026-03-19,
0991.HK,eligible,success_downloaded,930,2022-06-08,2026-03-19,
0992.HK,eligible,success_downloaded,930,2022-06-08,2026-03-19,
0995.HK,eligible,success_downloaded,930,2022-06-08,2026-03-19,
0998.HK,eligible,success_downloaded,930,2022-06-08,2026-03-19,
0999.HK,eligible,success_downloaded,297,2025-01-03,2026-03-19,
1024.HK,"eligible,event",success_downloaded,930,2022-06-08,2026-03-19,
1030.HK,eligible,success_downloaded,930,2022-06-08,2026-03-19,
1033.HK,eligible,success_downloaded,930,2022-06-08,2026-03-19,
1038.HK,eligible,success_downloaded,930,2022-06-08,2026-03-19,
1044.HK,eligible,success_downloaded,930,2022-06-08,2026-03-19,
1052.HK,eligible,success_downloaded,930,2022-06-08,2026-03-19,
1053.HK,eligible,success_downloaded,930,2022-06-08,2026-03-19,
1055.HK,eligible,success_downloaded,930,2022-06-08,2026-03-19,
1057.HK,eligible,success_downloaded,930,2022-06-08,2026-03-19,
1060.HK,eligible,success_downloaded,930,2022-06-08,2026-03-19,
1065.HK,eligible,success_downloaded,930,2022-06-08,2026-03-19,
1066.HK,eligible,success_downloaded,930,2022-06-08,2026-03-19,
1070.HK,eligible,success_downloaded,930,2022-06-08,2026-03-19,
1071.HK,eligible,success_downloaded,930,2022-06-08,2026-03-19,
1072.HK,eligible,success_downloaded,930,2022-06-08,2026-03-19,
1083.HK,eligible,success_downloaded,930,2022-06-08,2026-03-19,
1088.HK,eligible,success_downloaded,930,2022-06-08,2026-03-19,
1093.HK,eligible,success_downloaded,930,2022-06-08,2026-03-19,
1099.HK,eligible,success_downloaded,930,2022-06-08,2026-03-19,
1108.HK,eligible,success_downloaded,930,2022-06-08,2026-03-19,
1109.HK,eligible,success_downloaded,930,2022-06-08,2026-03-19,
1112.HK,eligible,success_downloaded,930,2022-06-08,2026-03-19,
1113.HK,eligible,success_downloaded,930,2022-06-08,2026-03-19,
1114.HK,eligible,success_downloaded,930,2022-06-08,2026-03-19,
1117.HK,eligible,success_downloaded,930,2022-06-08,2026-03-19,
1128.HK,eligible,success_downloaded,930,2022-06-08,2026-03-19,
1138.HK,eligible,success_downloaded,930,2022-06-08,2026-03-19,
1157.HK,eligible,success_downloaded,930,2022-06-08,2026-03-19,
1164.HK,eligible,success_downloaded,930,2022-06-08,2026-03-19,
1171.HK,eligible,success_downloaded,930,2022-06-08,2026-03-19,
1177.HK,"eligible,event",success_downloaded,930,2022-06-08,2026-03-19,
1186.HK,eligible,success_downloaded,930,2022-06-08,2026-03-19,
1193.HK,eligible,success_downloaded,930,2022-06-08,2026-03-19,
1196.HK,eligible,success_downloaded,930,2022-06-08,2026-03-19,
1199.HK,eligible,success_downloaded,930,2022-06-08,2026-03-19,
1208.HK,eligible,success_downloaded,930,2022-06-08,2026-03-19,
1209.HK,eligible,success_downloaded,930,2022-06-08,2026-03-19,
1211.HK,eligible,success_downloaded,930,2022-06-08,2026-03-19,
1258.HK,eligible,success_downloaded,930,2022-06-08,2026-03-19,
1276.HK,eligible,success_downloaded,205,2025-05-23,2026-03-19,
1277.HK,eligible,success_downloaded,930,2022-06-08,2026-03-19,
1288.HK,eligible,success_downloaded,930,2022-06-08,2026-03-19,
1299.HK,eligible,success_downloaded,930,2022-06-08,2026-03-19,
1302.HK,"eligible,event",success_downloaded,930,2022-06-08,2026-03-19,
1304.HK,eligible,success_downloaded,173,2025-07-09,2026-03-19,
1308.HK,eligible,success_downloaded,930,2022-06-08,2026-03-19,
1310.HK,eligible,success_downloaded,930,2022-06-08,2026-03-19,
1313.HK,eligible,success_downloaded,930,2022-06-08,2026-03-19,
1316.HK,eligible,success_downloaded,930,2022-06-08,2026-03-19,
1318.HK,eligible,success_downloaded,312,2024-12-10,2026-03-19,
1330.HK,eligible,success_downloaded,930,2022-06-08,2026-03-19,
1333.HK,eligible,success_downloaded,217,2025-05-07,2026-03-19,
1336.HK,eligible,success_downloaded,930,2022-06-08,2026-03-19,
1339.HK,eligible,success_downloaded,930,2022-06-08,2026-03-19,
1347.HK,eligible,success_downloaded,930,2022-06-08,2026-03-19,
1349.HK,eligible,success_downloaded,930,2022-06-08,2026-03-19,
1357.HK,eligible,success_downloaded,930,2022-06-08,2026-03-19,
1359.HK,eligible,success_downloaded,930,2022-06-08,2026-03-19,
1361.HK,eligible,success_downloaded,930,2022-06-08,2026-03-19,
1364.HK,eligible,success_downloaded,272,2025-02-12,2026-03-19,
1368.HK,eligible,success_downloaded,930,2022-06-08,2026-03-19,
1375.HK,eligible,success_downloaded,930,2022-06-08,2026-03-19,
1378.HK,"eligible,event",success_downloaded,930,2022-06-08,2026-03-19,
1384.HK,eligible,success_downloaded,96,2025-10-28,2026-03-19,
1385.HK,eligible,success_downloaded,930,2022-06-08,2026-03-19,
1398.HK,eligible,success_downloaded,930,2022-06-08,2026-03-19,
1405.HK,eligible,success_downloaded,730,2023-03-28,2026-03-19,
1415.HK,eligible,success_downloaded,930,2022-06-08,2026-03-19,
1428.HK,eligible,success_downloaded,930,2022-06-08,2026-03-19,
1448.HK,eligible,success_downloaded,930,2022-06-08,2026-03-19,
1456.HK,eligible,success_downloaded,930,2022-06-08,2026-03-19,
1475.HK,eligible,success_downloaded,930,2022-06-08,2026-03-19,
1478.HK,eligible,success_downloaded,930,2022-06-08,2026-03-19,
1513.HK,eligible,success_downloaded,930,2022-06-08,2026-03-19,
1519.HK,"eligible,event",success_downloaded,588,2023-10-27,2026-03-19,
1528.HK,eligible,success_downloaded,930,2022-06-08,2026-03-19,
1530.HK,eligible,success_downloaded,930,2022-06-08,2026-03-19,
1541.HK,event,success_downloaded,623,2023-09-05,2026-03-19,
1548.HK,eligible,success_downloaded,930,2022-06-08,2026-03-19,
1579.HK,eligible,success_downloaded,930,2022-06-08,2026-03-19,
1585.HK,eligible,success_downloaded,930,2022-06-08,2026-03-19,
1610.HK,eligible,success_downloaded,930,2022-06-08,2026-03-19,
1618.HK,eligible,success_downloaded,930,2022-06-08,2026-03-19,
1635.HK,eligible,success_downloaded,930,2022-06-08,2026-03-19,
1658.HK,eligible,success_downloaded,930,2022-06-08,2026-03-19,
1675.HK,eligible,success_downloaded,930,2022-06-08,2026-03-19,
1681.HK,eligible,success_downloaded,930,2022-06-08,2026-03-19,
1686.HK,eligible,success_downloaded,930,2022-06-08,2026-03-19,
1691.HK,eligible,success_downloaded,930,2022-06-08,2026-03-19,
1698.HK,event,success_downloaded,857,2022-09-21,2026-03-19,
1729.HK,eligible,success_downloaded,930,2022-06-08,2026-03-19,
1735.HK,eligible,success_downloaded,930,2022-06-08,2026-03-19,
1766.HK,eligible,success_downloaded,930,2022-06-08,2026-03-19,
1772.HK,eligible,success_downloaded,930,2022-06-08,2026-03-19,
1773.HK,eligible,success_downloaded,930,2022-06-08,2026-03-19,
1776.HK,eligible,success_downloaded,930,2022-06-08,2026-03-19,
1783.HK,eligible,success_downloaded,930,2022-06-08,2026-03-19,
1787.HK,eligible,success_downloaded,930,2022-06-08,2026-03-19,
1788.HK,eligible,success_downloaded,930,2022-06-08,2026-03-19,
1789.HK,eligible,success_downloaded,930,2022-06-08,2026-03-19,
1797.HK,"eligible,event",success_downloaded,930,2022-06-08,2026-03-19,
1800.HK,eligible,success_downloaded,930,2022-06-08,2026-03-19,
1801.HK,"eligible,event",success_downloaded,930,2022-06-08,2026-03-19,
1810.HK,eligible,success_downloaded,930,2022-06-08,2026-03-19,
1811.HK,eligible,success_downloaded,930,2022-06-08,2026-03-19,
1816.HK,eligible,success_downloaded,930,2022-06-08,2026-03-19,
1818.HK,eligible,success_downloaded,930,2022-06-08,2026-03-19,
1828.HK,eligible,success_downloaded,175,2025-07-07,2026-03-19,
1833.HK,eligible,success_downloaded,930,2022-06-08,2026-03-19,
1836.HK,eligible,success_downloaded,930,2022-06-08,2026-03-19,
1858.HK,eligible,success_downloaded,930,2022-06-08,2026-03-19,
1860.HK,eligible,success_downloaded,930,2022-06-08,2026-03-19,
1876.HK,eligible,success_downloaded,930,2022-06-08,2026-03-19,
1877.HK,eligible,success_downloaded,930,2022-06-08,2026-03-19,
1880.HK,eligible,success_downloaded,875,2022-08-25,2026-03-19,
1882.HK,eligible,success_downloaded,930,2022-06-08,2026-03-19,
1883.HK,eligible,success_downloaded,930,2022-06-08,2026-03-19,
1888.HK,eligible,success_downloaded,930,2022-06-08,2026-03-19,
1896.HK,eligible,success_downloaded,930,2022-06-08,2026-03-19,
1898.HK,eligible,success_downloaded,930,2022-06-08,2026-03-19,
1907.HK,eligible,success_downloaded,930,2022-06-08,2026-03-19,
1908.HK,eligible,success_downloaded,930,2022-06-08,2026-03-19,
1910.HK,eligible,success_downloaded,930,2022-06-08,2026-03-19,
1918.HK,eligible,success_downloaded,930,2022-06-08,2026-03-19,
1919.HK,eligible,success_downloaded,930,2022-06-08,2026-03-19,
1921.HK,eligible,success_downloaded,930,2022-06-08,2026-03-19,
1928.HK,eligible,success_downloaded,930,2022-06-08,2026-03-19,
1929.HK,eligible,success_downloaded,930,2022-06-08,2026-03-19,
1951.HK,eligible,success_downloaded,930,2022-06-08,2026-03-19,
1952.HK,eligible,success_downloaded,930,2022-06-08,2026-03-19,
1963.HK,eligible,success_downloaded,930,2022-06-08,2026-03-19,
1972.HK,eligible,success_downloaded,930,2022-06-08,2026-03-19,
1988.HK,eligible,success_downloaded,930,2022-06-08,2026-03-19,
1997.HK,eligible,success_downloaded,930,2022-06-08,2026-03-19,
1999.HK,eligible,success_downloaded,930,2022-06-08,2026-03-19,
2005.HK,eligible,success_downloaded,930,2022-06-08,2026-03-19,
2007.HK,eligible,success_downloaded,930,2022-06-08,2026-03-19,
2009.HK,eligible,success_downloaded,930,2022-06-08,2026-03-19,
2013.HK,eligible,success_downloaded,930,2022-06-08,2026-03-19,
2015.HK,eligible,success_downloaded,930,2022-06-08,2026-03-19,
2016.HK,eligible,success_downloaded,930,2022-06-08,2026-03-19,
2018.HK,eligible,success_downloaded,930,2022-06-08,2026-03-19,
2020.HK,eligible,success_downloaded,930,2022-06-08,2026-03-19,
2038.HK,eligible,success_downloaded,930,2022-06-08,2026-03-19,
2039.HK,eligible,success_downloaded,930,2022-06-08,2026-03-19,
2050.HK,eligible,success_downloaded,184,2025-06-23,2026-03-19,
2057.HK,"eligible,event",success_downloaded,930,2022-06-08,2026-03-19,
2068.HK,eligible,success_downloaded,930,2022-06-08,2026-03-19,
2096.HK,eligible,success_downloaded,930,2022-06-08,2026-03-19,
2097.HK,eligible,success_downloaded,259,2025-03-03,2026-03-19,
2099.HK,eligible,success_downloaded,930,2022-06-08,2026-03-19,
2128.HK,eligible,success_downloaded,930,2022-06-08,2026-03-19,
2145.HK,eligible,success_downloaded,792,2022-12-22,2026-03-19,
2155.HK,eligible,success_downloaded,930,2022-06-08,2026-03-19,
2157.HK,eligible,success_downloaded,930,2022-06-08,2026-03-19,
2158.HK,eligible,success_downloaded,930,2022-06-08,2026-03-19,
2162.HK,eligible,success_downloaded,930,2022-06-08,2026-03-19,
2171.HK,eligible,success_downloaded,930,2022-06-08,2026-03-19,
2172.HK,eligible,success_downloaded,904,2022-07-15,2026-03-19,
2186.HK,eligible,success_downloaded,930,2022-06-08,2026-03-19,
2192.HK,eligible,success_downloaded,930,2022-06-08,2026-03-19,
2196.HK,eligible,success_downloaded,930,2022-06-08,2026-03-19,
2202.HK,eligible,success_downloaded,930,2022-06-08,2026-03-19,
2208.HK,eligible,success_downloaded,930,2022-06-08,2026-03-19,
2218.HK,eligible,success_downloaded,930,2022-06-08,2026-03-19,
2228.HK,eligible,success_downloaded,435,2024-06-13,2026-03-19,
2232.HK,eligible,success_downloaded,930,2022-06-08,2026-03-19,
2233.HK,eligible,success_downloaded,930,2022-06-08,2026-03-19,
2238.HK,eligible,success_downloaded,930,2022-06-08,2026-03-19,
2252.HK,eligible,success_downloaded,930,2022-06-08,2026-03-19,
2255.HK,eligible,success_downloaded,930,2022-06-08,2026-03-19,
2259.HK,eligible,success_downloaded,114,2025-09-30,2026-03-19,
2268.HK,eligible,success_downloaded,573,2023-11-17,2026-03-19,
2269.HK,eligible,success_downloaded,930,2022-06-08,2026-03-19,
2273.HK,eligible,success_downloaded,930,2022-06-08,2026-03-19,
2276.HK,eligible,success_downloaded,930,2022-06-08,2026-03-19,
2282.HK,eligible,success_downloaded,930,2022-06-08,2026-03-19,
2285.HK,eligible,success_downloaded,930,2022-06-08,2026-03-19,
2291.HK,eligible,success_downloaded,824,2022-11-08,2026-03-19,
2313.HK,eligible,success_downloaded,930,2022-06-08,2026-03-19,
2314.HK,eligible,success_downloaded,930,2022-06-08,2026-03-19,
2315.HK,eligible,success_downloaded,870,2022-09-01,2026-03-19,
2318.HK,eligible,success_downloaded,930,2022-06-08,2026-03-19,
2319.HK,"eligible,event",success_downloaded,930,2022-06-08,2026-03-19,
2328.HK,"eligible,event",success_downloaded,930,2022-06-08,2026-03-19,
2331.HK,"eligible,event",success_downloaded,930,2022-06-08,2026-03-19,
2333.HK,eligible,success_downloaded,930,2022-06-08,2026-03-19,
2338.HK,eligible,success_downloaded,930,2022-06-08,2026-03-19,
2343.HK,eligible,success_downloaded,930,2022-06-08,2026-03-19,
2356.HK,eligible,success_downloaded,930,2022-06-08,2026-03-19,
2357.HK,eligible,success_downloaded,930,2022-06-08,2026-03-19,
2359.HK,eligible,success_downloaded,930,2022-06-08,2026-03-19,
2367.HK,eligible,success_downloaded,826,2022-11-04,2026-03-19,
2371.HK,event,success_downloaded,930,2022-06-08,2026-03-19,
2378.HK,eligible,success_downloaded,930,2022-06-08,2026-03-19,
2380.HK,eligible,success_downloaded,930,2022-06-08,2026-03-19,
2382.HK,eligible,success_downloaded,930,2022-06-08,2026-03-19,
2386.HK,eligible,success_downloaded,930,2022-06-08,2026-03-19,
2388.HK,eligible,success_downloaded,930,2022-06-08,2026-03-19,
2400.HK,eligible,success_downloaded,930,2022-06-08,2026-03-19,
2402.HK,eligible,success_downloaded,780,2023-01-12,2026-03-19,
2410.HK,eligible,success_downloaded,388,2024-08-20,2026-03-19,
2419.HK,eligible,success_downloaded,560,2023-12-06,2026-03-19,
2423.HK,"eligible,event",success_downloaded,930,2022-06-08,2026-03-19,
2431.HK,eligible,success_downloaded,301,2024-12-27,2026-03-19,
2432.HK,eligible,success_downloaded,303,2024-12-23,2026-03-19,
2460.HK,eligible,success_downloaded,346,2024-10-23,2026-03-19,
2465.HK,eligible,success_downloaded,341,2024-10-30,2026-03-19,
2473.HK,eligible,success_downloaded,579,2023-11-09,2026-03-19,
2477.HK,eligible,success_downloaded,536,2024-01-12,2026-03-19,
2498.HK,eligible,success_downloaded,541,2024-01-05,2026-03-19,
2506.HK,eligible,success_downloaded,300,2024-12-30,2026-03-19,
2507.HK,eligible,success_downloaded,415,2024-07-12,2026-03-19,
2510.HK,eligible,success_downloaded,339,2024-11-01,2026-03-19,
2517.HK,eligible,success_downloaded,584,2023-11-02,2026-03-19,
2533.HK,eligible,success_downloaded,396,2024-08-08,2026-03-19,
2555.HK,eligible,success_downloaded,469,2024-04-23,2026-03-19,
2556.HK,eligible,success_downloaded,454,2024-05-16,2026-03-19,
2562.HK,eligible,success_downloaded,342,2024-07-05,2026-03-19,
2565.HK,eligible,success_downloaded,203,2025-05-27,2026-03-19,
2570.HK,eligible,success_downloaded,314,2024-12-06,2026-03-19,
2575.HK,eligible,success_downloaded,105,2025-10-15,2026-03-19,
2577.HK,eligible,success_downloaded,300,2024-12-30,2026-03-19,
2579.HK,eligible,success_downloaded,83,2025-11-17,2026-03-19,
2580.HK,eligible,success_downloaded,134,2025-09-02,2026-03-19,
2582.HK,eligible,success_downloaded,328,2024-11-15,2026-03-19,
2583.HK,eligible,success_downloaded,114,2025-09-30,2026-03-19,
2586.HK,eligible,success_downloaded,314,2024-12-06,2026-03-19,
2587.HK,eligible,success_downloaded,300,2024-12-30,2026-03-19,
2588.HK,eligible,success_downloaded,930,2022-06-08,2026-03-19,
2589.HK,eligible,success_downloaded,216,2025-05-08,2026-03-19,
2590.HK,eligible,success_downloaded,173,2025-07-09,2026-03-19,
2591.HK,eligible,success_downloaded,146,2025-08-15,2026-03-19,
2595.HK,eligible,success_downloaded,120,2025-09-19,2026-03-19,
2600.HK,eligible,success_downloaded,930,2022-06-08,2026-03-19,
2601.HK,eligible,success_downloaded,930,2022-06-08,2026-03-19,
2602.HK,eligible,success_downloaded,851,2022-09-29,2026-03-19,
2603.HK,eligible,success_downloaded,203,2025-05-27,2026-03-19,
2607.HK,eligible,success_downloaded,930,2022-06-08,2026-03-19,
2609.HK,eligible,success_downloaded,184,2025-06-23,2026-03-19,
2610.HK,eligible,success_downloaded,243,2025-03-25,2026-03-19,
2611.HK,eligible,success_downloaded,930,2022-06-08,2026-03-19,
2617.HK,eligible,success_downloaded,184,2025-06-23,2026-03-19,
2618.HK,"eligible,event",success_downloaded,930,2022-06-08,2026-03-19,
2627.HK,eligible,success_downloaded,150,2025-08-11,2026-03-19,
2628.HK,eligible,success_downloaded,930,2022-06-08,2026-03-19,
2629.HK,eligible,success_downloaded,205,2025-05-23,2026-03-19,
2631.HK,eligible,success_downloaded,143,2025-08-20,2026-03-19,
2637.HK,eligible,success_downloaded,101,2025-10-20,2026-03-19,
2643.HK,eligible,success_downloaded,182,2025-06-25,2026-03-19,
2648.HK,eligible,success_downloaded,176,2025-07-04,2026-03-19,
2652.HK,eligible,success_downloaded,110,2025-10-08,2026-03-19,
2655.HK,eligible,success_downloaded,62,2025-12-16,2026-03-19,
2656.HK,eligible,success_downloaded,123,2025-09-17,2026-03-19,
2659.HK,eligible,success_downloaded,66,2025-12-10,2026-03-19,
2661.HK,eligible,success_downloaded,57,2025-12-23,2026-03-19,
2665.HK,eligible,success_downloaded,781,2022-12-29,2026-03-19,
2666.HK,eligible,success_downloaded,930,2022-06-08,2026-03-19,
2669.HK,eligible,success_downloaded,930,2022-06-08,2026-03-19,
2676.HK,eligible,success_downloaded,68,2025-12-08,2026-03-19,
2685.HK,eligible,success_downloaded,75,2025-11-27,2026-03-19,
2687.HK,eligible,success_downloaded,68,2025-12-08,2026-03-19,
2688.HK,"eligible,event",success_downloaded,930,2022-06-08,2026-03-19,
2689.HK,eligible,success_downloaded,930,2022-06-08,2026-03-19,
2691.HK,eligible,success_downloaded,58,2025-12-22,2026-03-19,
2692.HK,eligible,success_downloaded,9,2026-03-09,2026-03-19,
2698.HK,eligible,success_downloaded,88,2025-11-10,2026-03-19,
2714.HK,eligible,success_downloaded,27,2026-02-06,2026-03-19,
2727.HK,eligible,success_downloaded,930,2022-06-08,2026-03-19,
2768.HK,eligible,success_downloaded,29,2026-02-04,2026-03-19,
2788.HK,eligible,success_downloaded,78,2025-11-24,2026-03-19,
2799.HK,eligible,success_downloaded,930,2022-06-08,2026-03-19,
2800.HK,eligible,success_downloaded,929,2022-06-08,2026-03-19,
2801.HK,eligible,success_downloaded,529,2024-01-17,2026-03-19,
2825.HK,eligible,success_downloaded,928,2022-06-08,2026-03-18,
2828.HK,eligible,success_downloaded,468,2024-04-24,2026-03-19,
2837.HK,eligible,success_downloaded,708,2023-03-30,2026-03-19,
2858.HK,eligible,success_downloaded,930,2022-06-08,2026-03-19,
2865.HK,eligible,success_downloaded,216,2025-05-08,2026-03-19,
2866.HK,eligible,success_downloaded,930,2022-06-08,2026-03-19,
2869.HK,eligible,success_downloaded,930,2022-06-08,2026-03-19,
2877.HK,eligible,success_downloaded,930,2022-06-08,2026-03-19,
2880.HK,eligible,success_downloaded,930,2022-06-08,2026-03-19,
2883.HK,eligible,success_downloaded,930,2022-06-08,2026-03-19,
2888.HK,eligible,success_downloaded,930,2022-06-08,2026-03-19,
2889.HK,eligible,success_downloaded,114,2025-09-30,2026-03-19,
2899.HK,"eligible,event",success_downloaded,930,2022-06-08,2026-03-19,
300015.SZ,event,success_downloaded,917,2022-06-08,2026-03-19,
300308.HK,event,failed_empty,0,,,empty_history
3032.HK,eligible,success_downloaded,930,2022-06-08,2026-03-19,
3033.HK,eligible,success_downloaded,929,2022-06-08,2026-03-19,
3037.HK,eligible,success_downloaded,929,2022-06-08,2026-03-19,
3039.HK,eligible,success_downloaded,844,2022-10-10,2026-03-19,
3040.HK,eligible,success_downloaded,529,2024-01-17,2026-03-19,
3067.HK,eligible,success_downloaded,929,2022-06-08,2026-03-19,
3069.HK,eligible,success_downloaded,529,2024-01-17,2026-03-19,
3070.HK,eligible,success_downloaded,929,2022-06-08,2026-03-19,
3088.HK,eligible,success_downloaded,929,2022-06-08,2026-03-19,
3110.HK,eligible,success_downloaded,929,2022-06-08,2026-03-19,
3115.HK,eligible,success_downloaded,929,2022-06-08,2026-03-19,
3167.HK,eligible,success_downloaded,929,2022-06-08,2026-03-19,
3174.HK,eligible,success_downloaded,929,2022-06-08,2026-03-19,
3200.HK,eligible,success_downloaded,27,2026-02-06,2026-03-19,
3268.HK,eligible,success_downloaded,8,2026-03-10,2026-03-19,
3288.HK,eligible,success_downloaded,185,2025-06-19,2026-03-19,
3306.HK,eligible,success_downloaded,930,2022-06-08,2026-03-19,
3311.HK,eligible,success_downloaded,930,2022-06-08,2026-03-19,
3317.HK,eligible,success_downloaded,54,2025-12-30,2026-03-19,
3320.HK,eligible,success_downloaded,930,2022-06-08,2026-03-19,
3323.HK,eligible,success_downloaded,930,2022-06-08,2026-03-19,
3328.HK,eligible,success_downloaded,930,2022-06-08,2026-03-19,
3330.HK,eligible,success_downloaded,930,2022-06-08,2026-03-19,
3339.HK,eligible,success_downloaded,930,2022-06-08,2026-03-19,
3347.HK,eligible,success_downloaded,930,2022-06-08,2026-03-19,
3360.HK,eligible,success_downloaded,930,2022-06-08,2026-03-19,
3369.HK,eligible,success_downloaded,930,2022-06-08,2026-03-19,
3380.HK,eligible,success_downloaded,930,2022-06-08,2026-03-19,
3393.HK,eligible,success_downloaded,930,2022-06-08,2026-03-19,
3396.HK,eligible,success_downloaded,930,2022-06-08,2026-03-19,
3403.HK,eligible,success_downloaded,802,2022-11-10,2026-03-19,
3423.HK,eligible,success_downloaded,238,2025-03-31,2026-03-19,
3432.HK,eligible,success_downloaded,417,2024-07-04,2026-03-19,
3441.HK,eligible,success_downloaded,238,2025-03-31,2026-03-19,
3442.HK,eligible,success_downloaded,238,2025-03-31,2026-03-19,
3606.HK,eligible,success_downloaded,930,2022-06-08,2026-03-19,
3613.HK,eligible,success_downloaded,930,2022-06-08,2026-03-19,
3618.HK,eligible,success_downloaded,930,2022-06-08,2026-03-19,
3633.HK,eligible,success_downloaded,930,2022-06-08,2026-03-19,
3650.HK,event,success_downloaded,660,2023-07-12,2026-03-19,
3668.HK,eligible,success_downloaded,930,2022-06-08,2026-03-19,
3677.HK,eligible,success_downloaded,229,2025-04-14,2026-03-19,
3678.HK,eligible,success_downloaded,930,2022-06-08,2026-03-19,
3690.HK,eligible,success_downloaded,930,2022-06-08,2026-03-19,
3692.HK,eligible,success_downloaded,930,2022-06-08,2026-03-19,
3696.HK,eligible,success_downloaded,54,2025-12-30,2026-03-19,
3698.HK,eligible,success_downloaded,930,2022-06-08,2026-03-19,
3738.HK,eligible,success_downloaded,930,2022-06-08,2026-03-19,
3750.HK,eligible,success_downloaded,208,2025-05-20,2026-03-19,
3759.HK,eligible,success_downloaded,930,2022-06-08,2026-03-19,
3800.HK,eligible,success_downloaded,930,2022-06-08,2026-03-19,
3808.HK,eligible,success_downloaded,930,2022-06-08,2026-03-19,
3858.HK,eligible,success_downloaded,137,2025-08-28,2026-03-19,
3866.HK,eligible,success_downloaded,930,2022-06-08,2026-03-19,
3868.HK,eligible,success_downloaded,930,2022-06-08,2026-03-19,
3877.HK,eligible,success_downloaded,930,2022-06-08,2026-03-19,
3888.HK,eligible,success_downloaded,930,2022-06-08,2026-03-19,
3896.HK,eligible,success_downloaded,788,2022-12-30,2026-03-19,
3898.HK,eligible,success_downloaded,930,2022-06-08,2026-03-19,
3899.HK,eligible,success_downloaded,930,2022-06-08,2026-03-19,
3900.HK,eligible,success_downloaded,930,2022-06-08,2026-03-19,
3908.HK,eligible,success_downloaded,930,2022-06-08,2026-03-19,
3918.HK,eligible,success_downloaded,930,2022-06-08,2026-03-19,
3931.HK,eligible,success_downloaded,847,2022-10-06,2026-03-19,
3933.HK,"eligible,event",success_downloaded,930,2022-06-08,2026-03-19,
3939.HK,eligible,success_downloaded,930,2022-06-08,2026-03-19,
3958.HK,eligible,success_downloaded,930,2022-06-08,2026-03-19,
3968.HK,eligible,success_downloaded,930,2022-06-08,2026-03-19,
3969.HK,eligible,success_downloaded,930,2022-06-08,2026-03-19,
3986.HK,eligible,success_downloaded,45,2026-01-13,2026-03-19,
3988.HK,eligible,success_downloaded,930,2022-06-08,2026-03-19,
3993.HK,eligible,success_downloaded,930,2022-06-08,2026-03-19,
3996.HK,eligible,success_downloaded,930,2022-06-08,2026-03-19,
3998.HK,eligible,success_downloaded,930,2022-06-08,2026-03-19,
600025.HK,event,failed_empty,0,,,empty_history
600025.SS,event,success_downloaded,917,2022-06-08,2026-03-19,
600406.HK,event,failed_empty,0,,,empty_history
600406.SS,event,success_downloaded,917,2022-06-08,2026-03-19,
600438.SS,event,success_downloaded,917,2022-06-08,2026-03-19,
600887.HK,event,failed_empty,0,,,empty_history
600887.SS,event,success_downloaded,917,2022-06-08,2026-03-19,
601211.HK,event,failed_empty,0,,,empty_history
601225.SS,event,success_downloaded,917,2022-06-08,2026-03-19,
601319.SS,event,success_downloaded,917,2022-06-08,2026-03-19,
601633.SS,event,success_downloaded,917,2022-06-08,2026-03-19,
601899.SS,event,success_downloaded,917,2022-06-08,2026-03-19,
601998.SS,event,success_downloaded,917,2022-06-08,2026-03-19,
6030.HK,eligible,success_downloaded,930,2022-06-08,2026-03-19,
6031.HK,eligible,success_downloaded,96,2025-10-28,2026-03-19,
6049.HK,eligible,success_downloaded,930,2022-06-08,2026-03-19,
6055.HK,eligible,success_downloaded,930,2022-06-08,2026-03-19,
6060.HK,"eligible,event",success_downloaded,930,2022-06-08,2026-03-19,
6066.HK,eligible,success_downloaded,930,2022-06-08,2026-03-19,
6069.HK,eligible,success_downloaded,930,2022-06-08,2026-03-19,
6078.HK,eligible,success_downloaded,930,2022-06-08,2026-03-19,
6088.HK,eligible,success_downloaded,930,2022-06-08,2026-03-19,
6090.HK,eligible,success_downloaded,119,2025-09-23,2026-03-19,
6098.HK,"eligible,event",success_downloaded,930,2022-06-08,2026-03-19,
6099.HK,eligible,success_downloaded,930,2022-06-08,2026-03-19,
6110.HK,eligible,success_downloaded,930,2022-06-08,2026-03-19,
6127.HK,eligible,success_downloaded,930,2022-06-08,2026-03-19,
6160.HK,"eligible,event",success_downloaded,930,2022-06-08,2026-03-19,
6166.HK,eligible,success_downloaded,96,2025-10-28,2026-03-19,
6168.HK,eligible,success_downloaded,181,2025-06-26,2026-03-19,
6178.HK,eligible,success_downloaded,930,2022-06-08,2026-03-19,
6181.HK,eligible,success_downloaded,424,2024-06-28,2026-03-19,
6185.HK,eligible,success_downloaded,930,2022-06-08,2026-03-19,
6186.HK,eligible,success_downloaded,930,2022-06-08,2026-03-19,
6196.HK,eligible,success_downloaded,930,2022-06-08,2026-03-19,
6198.HK,eligible,success_downloaded,930,2022-06-08,2026-03-19,
6600.HK,eligible,success_downloaded,54,2025-12-30,2026-03-19,
6603.HK,eligible,success_downloaded,179,2025-06-30,2026-03-19,
6613.HK,eligible,success_downloaded,173,2025-07-09,2026-03-19,
6618.HK,eligible,success_downloaded,930,2022-06-08,2026-03-19,
6651.HK,eligible,success_downloaded,54,2025-12-30,2026-03-19,
6655.HK,eligible,success_downloaded,930,2022-06-08,2026-03-19,
6666.HK,eligible,success_downloaded,930,2022-06-08,2026-03-19,
6680.HK,eligible,success_downloaded,930,2022-06-08,2026-03-19,
6681.HK,eligible,success_downloaded,294,2025-01-08,2026-03-19,
6682.HK,eligible,success_downloaded,607,2023-09-28,2026-03-19,
6683.HK,eligible,success_downloaded,659,2023-07-13,2026-03-19,
6687.HK,eligible,success_downloaded,101,2025-10-21,2026-03-19,
6690.HK,eligible,success_downloaded,930,2022-06-08,2026-03-19,
6693.HK,eligible,success_downloaded,254,2025-03-10,2026-03-19,
6699.HK,eligible,success_downloaded,930,2022-06-08,2026-03-19,
6806.HK,eligible,success_downloaded,930,2022-06-08,2026-03-19,
6808.HK,eligible,success_downloaded,930,2022-06-08,2026-03-19,
6809.HK,eligible,success_downloaded,26,2026-02-09,2026-03-19,
6818.HK,eligible,success_downloaded,930,2022-06-08,2026-03-19,
6821.HK,eligible,success_downloaded,930,2022-06-08,2026-03-19,
6826.HK,eligible,success_downloaded,930,2022-06-08,2026-03-19,
6855.HK,eligible,success_downloaded,930,2022-06-08,2026-03-19,
6862.HK,"eligible,event",success_downloaded,930,2022-06-08,2026-03-19,
6865.HK,eligible,success_downloaded,930,2022-06-08,2026-03-19,
6869.HK,eligible,success_downloaded,930,2022-06-08,2026-03-19,
6881.HK,eligible,success_downloaded,930,2022-06-08,2026-03-19,
6886.HK,eligible,success_downloaded,930,2022-06-08,2026-03-19,
6929.HK,event,success_downloaded,791,2022-12-23,2026-03-19,
6936.HK,eligible,success_downloaded,321,2024-11-27,2026-03-19,
6955.HK,eligible,success_downloaded,788,2022-12-30,2026-03-19,
6963.HK,eligible,success_downloaded,801,2022-12-09,2026-03-19,
6969.HK,eligible,success_downloaded,930,2022-06-08,2026-03-19,
6979.HK,eligible,success_downloaded,711,2023-04-27,2026-03-19,
6990.HK,eligible,success_downloaded,661,2023-07-11,2026-03-19,
6993.HK,eligible,success_downloaded,930,2022-06-08,2026-03-19,
7618.HK,eligible,success_downloaded,65,2025-12-11,2026-03-19,
9606.HK,eligible,success_downloaded,228,2025-04-15,2026-03-19,
9611.HK,eligible,success_downloaded,38,2026-01-22,2026-03-19,
9626.HK,eligible,success_downloaded,930,2022-06-08,2026-03-19,
9633.HK,eligible,success_downloaded,930,2022-06-08,2026-03-19,
9636.HK,eligible,success_downloaded,742,2023-03-10,2026-03-19,
9658.HK,eligible,success_downloaded,788,2022-12-30,2026-03-19,
9660.HK,"eligible,event",success_downloaded,345,2024-10-24,2026-03-19,
9678.HK,eligible,success_downloaded,179,2025-06-30,2026-03-19,
9688.HK,eligible,success_downloaded,930,2022-06-08,2026-03-19,
9690.HK,"eligible,event",success_downloaded,609,2023-09-26,2026-03-19,
9696.HK,eligible,success_downloaded,906,2022-07-13,2026-03-19,
9698.HK,event,success_downloaded,930,2022-06-08,2026-03-19,
9699.HK,eligible,success_downloaded,930,2022-06-08,2026-03-19,
9858.HK,eligible,success_downloaded,930,2022-06-08,2026-03-19,
9863.HK,eligible,success_downloaded,851,2022-09-29,2026-03-19,
9868.HK,eligible,success_downloaded,930,2022-06-08,2026-03-19,
9880.HK,eligible,success_downloaded,545,2023-12-29,2026-03-19,
9885.HK,event,success_downloaded,670,2023-06-28,2026-03-19,
9887.HK,eligible,success_downloaded,161,2025-07-25,2026-03-19,
9890.HK,eligible,success_downloaded,607,2023-09-28,2026-03-19,
9896.HK,eligible,success_downloaded,906,2022-07-13,2026-03-19,
9898.HK,event,success_downloaded,930,2022-06-08,2026-03-19,
9899.HK,eligible,success_downloaded,930,2022-06-08,2026-03-19,
9901.HK,event,success_downloaded,930,2022-06-08,2026-03-19,
9911.HK,eligible,success_downloaded,930,2022-06-08,2026-03-19,
9926.HK,eligible,success_downloaded,930,2022-06-08,2026-03-19,
9927.HK,eligible,success_downloaded,91,2025-11-05,2026-03-19,
9955.HK,event,success_downloaded,911,2022-07-06,2026-03-19,
9969.HK,eligible,success_downloaded,930,2022-06-08,2026-03-19,
9973.HK,eligible,success_downloaded,117,2025-09-25,2026-03-19,
9980.HK,eligible,success_downloaded,30,2026-02-03,2026-03-19,
9981.HK,eligible,success_downloaded,22,2026-02-13,2026-03-19,
9985.HK,eligible,success_downloaded,797,2022-12-15,2026-03-19,
9987.HK,"eligible,event",success_downloaded,930,2022-06-08,2026-03-19,
9988.HK,eligible,success_downloaded,930,2022-06-08,2026-03-19,
9989.HK,eligible,success_downloaded,930,2022-06-08,2026-03-19,
9992.HK,eligible,success_downloaded,930,2022-06-08,2026-03-19,
9993.HK,eligible,success_downloaded,930,2022-06-08,2026-03-19,
9995.HK,eligible,success_downloaded,930,2022-06-08,2026-03-19,
