index,count
Hang Seng Composite Index,401
Hang Seng Composite LargeCap & MidCap Index,210
Hang Seng (China A) Corporate Sustainability Benchmark Index,151
Hang Seng Stock Connect Greater Bay Area Composite Index,135
Hang Seng China Enterprises Index,131
Hang Seng Corporate Sustainability Benchmark Index,122
Hang Seng China A Industry Top Index,104
Hang Seng China 50 Index,94
Hang Seng China A Top 100 Index,82
Hang Seng (China A) Corporate Sustainability Index,75
Hang Seng China AH Index Series,62
Hang Seng Index,62
Hang Seng Stock Connect China AH Index Series,62
Hang Seng ESG 50 Index,48
Hang Seng Corporate Sustainability Index,44
Hang Seng TECH Index,33
Hang Seng Stock Connect China Enterprises Index,24
Hang Seng Hong Kong-Listed Biotech Index,22
Hang Seng HKEX Stock Connect China Enterprises Index,16
Hang Seng Biotech Index,6
