date,index,change_type,ticker,ticker_normalized,company,source_row_id,change_type_raw,index_raw,index_normalization_status,symbol_rank_within_row,is_primary_symbol,symbol_token_raw,ticker_yf_normalized,ticker_parse_status,ticker_yf
2016-03-14,Hang Seng China 50 Index,Exclusion,1211 / 002594,1211.HK / 002594.SZ,BYD Co. Ltd.,0,Exclusion,Hang Seng China 50 Index,unchanged,1,1,1211.HK,1211.HK,parse_ok,1211.HK
2016-03-14,Hang Seng China 50 Index,Exclusion,1211 / 002594,1211.HK / 002594.SZ,BYD Co. Ltd.,0,Exclusion,Hang Seng China 50 Index,unchanged,2,0,002594.SZ,002594.SZ,parse_ok,002594.SZ
2016-03-14,Hang Seng China 50 Index,Exclusion,2333 / 601633,2333.HK / 601633.SH,Great Wall Motor Co. Ltd.,2,Exclusion,Hang Seng China 50 Index,unchanged,1,1,2333.HK,2333.HK,parse_ok,2333.HK
2016-03-14,Hang Seng China 50 Index,Exclusion,2333 / 601633,2333.HK / 601633.SH,Great Wall Motor Co. Ltd.,2,Exclusion,Hang Seng China 50 Index,unchanged,2,0,601633.SH,601633.SS,parse_ok,601633.SS
2016-03-14,Hang Seng China 50 Index,Inclusion,1186 / 601186,1186.HK / 601186.SH,China Railway Construction Corporation Ltd.,3,Inclusion,Hang Seng China 50 Index,unchanged,1,1,1186.HK,1186.HK,parse_ok,1186.HK
2016-03-14,Hang Seng China 50 Index,Inclusion,1186 / 601186,1186.HK / 601186.SH,China Railway Construction Corporation Ltd.,3,Inclusion,Hang Seng China 50 Index,unchanged,2,0,601186.SH,601186.SS,parse_ok,601186.SS
2016-03-14,Hang Seng China 50 Index,Inclusion,1776 / 000776,1776.HK / 000776.SZ,"GF Securities Co., Ltd.",4,Inclusion,Hang Seng China 50 Index,unchanged,1,1,1776.HK,1776.HK,parse_ok,1776.HK
2016-03-14,Hang Seng China 50 Index,Inclusion,1776 / 000776,1776.HK / 000776.SZ,"GF Securities Co., Ltd.",4,Inclusion,Hang Seng China 50 Index,unchanged,2,0,000776.SZ,000776.SZ,parse_ok,000776.SZ
2016-03-14,Hang Seng China AH Index Series,Inclusion,317 / 600685,0317.HK / 600685.SH,CSSC Offshore & Marine Engineering (Group) Co.,6,Inclusion,Hang Seng China AH Index Series,unchanged,1,1,0317.HK,0317.HK,parse_ok,0317.HK
2016-03-14,Hang Seng China AH Index Series,Inclusion,317 / 600685,0317.HK / 600685.SH,CSSC Offshore & Marine Engineering (Group) Co.,6,Inclusion,Hang Seng China AH Index Series,unchanged,2,0,600685.SH,600685.SS,parse_ok,600685.SS
2017-03-06,Hang Seng China 50 Index,Exclusion,902 / 600011,0902.HK / 600011.SH,"Huaneng Power International, Inc.",94,Exclusion,Hang Seng China 50 Index,unchanged,1,1,0902.HK,0902.HK,parse_ok,0902.HK
2017-03-06,Hang Seng China 50 Index,Exclusion,902 / 600011,0902.HK / 600011.SH,"Huaneng Power International, Inc.",94,Exclusion,Hang Seng China 50 Index,unchanged,2,0,600011.SH,600011.SS,parse_ok,600011.SS
2017-03-06,Hang Seng China AH Index Series,Exclusion,168 / 600600,0168.HK / 600600.SH,Tsingtao Brewery Co. Ltd.,100,Exclusion,Hang Seng China AH Index Series,unchanged,1,1,0168.HK,0168.HK,parse_ok,0168.HK
2017-03-06,Hang Seng China AH Index Series,Exclusion,168 / 600600,0168.HK / 600600.SH,Tsingtao Brewery Co. Ltd.,100,Exclusion,Hang Seng China AH Index Series,unchanged,2,0,600600.SH,600600.SS,parse_ok,600600.SS
2017-03-06,Hang Seng China AH Index Series,Exclusion,991 / 601991,0991.HK / 601991.SH,"Datang International Power Generation Co., Ltd.",101,Exclusion,Hang Seng China AH Index Series,unchanged,1,1,0991.HK,0991.HK,parse_ok,0991.HK
2017-03-06,Hang Seng China AH Index Series,Exclusion,991 / 601991,0991.HK / 601991.SH,"Datang International Power Generation Co., Ltd.",101,Exclusion,Hang Seng China AH Index Series,unchanged,2,0,601991.SH,601991.SS,parse_ok,601991.SS
2017-03-06,Hang Seng China AH Index Series,Exclusion,1072 / 600875,1072.HK / 600875.SH,Dongfang Electric Corporation Ltd.,102,Exclusion,Hang Seng China AH Index Series,unchanged,1,1,1072.HK,1072.HK,parse_ok,1072.HK
2017-03-06,Hang Seng China AH Index Series,Exclusion,1072 / 600875,1072.HK / 600875.SH,Dongfang Electric Corporation Ltd.,102,Exclusion,Hang Seng China AH Index Series,unchanged,2,0,600875.SH,600875.SS,parse_ok,600875.SS
2017-03-06,Hang Seng China AH Index Series,Exclusion,2039 / 000039,2039.HK / 000039.SZ,"China Int'l Marine Containers (Group) Co., Ltd.",103,Exclusion,Hang Seng China AH Index Series,unchanged,1,1,2039.HK,2039.HK,parse_ok,2039.HK
2017-03-06,Hang Seng China AH Index Series,Exclusion,2039 / 000039,2039.HK / 000039.SZ,"China Int'l Marine Containers (Group) Co., Ltd.",103,Exclusion,Hang Seng China AH Index Series,unchanged,2,0,000039.SZ,000039.SZ,parse_ok,000039.SZ
2017-03-06,Hang Seng China AH Index Series,Exclusion,2238 / 601238,2238.HK / 601238.SH,"Guangzhou Automobile Group Co., Ltd.",104,Exclusion,Hang Seng China AH Index Series,unchanged,1,1,2238.HK,2238.HK,parse_ok,2238.HK
2017-03-06,Hang Seng China AH Index Series,Exclusion,2238 / 601238,2238.HK / 601238.SH,"Guangzhou Automobile Group Co., Ltd.",104,Exclusion,Hang Seng China AH Index Series,unchanged,2,0,601238.SH,601238.SS,parse_ok,601238.SS
2017-03-06,Hang Seng China AH Index Series,Exclusion,2883 / 601808,2883.HK / 601808.SH,China Oilfield Services Ltd.,105,Exclusion,Hang Seng China AH Index Series,unchanged,1,1,2883.HK,2883.HK,parse_ok,2883.HK
2017-03-06,Hang Seng China AH Index Series,Exclusion,2883 / 601808,2883.HK / 601808.SH,China Oilfield Services Ltd.,105,Exclusion,Hang Seng China AH Index Series,unchanged,2,0,601808.SH,601808.SS,parse_ok,601808.SS
2017-03-06,Hang Seng China AH Index Series,Inclusion,3958 / 600958,3958.HK / 600958.SH,DFZQ,106,Inclusion,Hang Seng China AH Index Series,unchanged,1,1,3958.HK,3958.HK,parse_ok,3958.HK
2017-03-06,Hang Seng China AH Index Series,Inclusion,3958 / 600958,3958.HK / 600958.SH,DFZQ,106,Inclusion,Hang Seng China AH Index Series,unchanged,2,0,600958.SH,600958.SS,parse_ok,600958.SS
2017-03-06,Hang Seng China AH Index Series,Inclusion,6099 / 600999,6099.HK / 600999.SH,"China Merchants Securities Co., Ltd.",107,Inclusion,Hang Seng China AH Index Series,unchanged,1,1,6099.HK,6099.HK,parse_ok,6099.HK
2017-03-06,Hang Seng China AH Index Series,Inclusion,6099 / 600999,6099.HK / 600999.SH,"China Merchants Securities Co., Ltd.",107,Inclusion,Hang Seng China AH Index Series,unchanged,2,0,600999.SH,600999.SS,parse_ok,600999.SS
2017-03-06,Hang Seng China AH Index Series,Inclusion,6178 / 601788,6178.HK / 601788.SH,Everbright Securities Co. Ltd.,108,Inclusion,Hang Seng China AH Index Series,unchanged,1,1,6178.HK,6178.HK,parse_ok,6178.HK
2017-03-06,Hang Seng China AH Index Series,Inclusion,6178 / 601788,6178.HK / 601788.SH,Everbright Securities Co. Ltd.,108,Inclusion,Hang Seng China AH Index Series,unchanged,2,0,601788.SH,601788.SS,parse_ok,601788.SS
2017-09-04,Hang Seng China AH Index Series,Exclusion,1033 / 600871,1033.HK / 600871.SH,Sinopec Oilfield Service Corporation,163,Exclusion,Hang Seng China AH Index Series,unchanged,1,1,1033.HK,1033.HK,parse_ok,1033.HK
2017-09-04,Hang Seng China AH Index Series,Exclusion,1033 / 600871,1033.HK / 600871.SH,Sinopec Oilfield Service Corporation,163,Exclusion,Hang Seng China AH Index Series,unchanged,2,0,600871.SH,600871.SS,parse_ok,600871.SS
2017-09-04,Hang Seng China AH Index Series,Exclusion,3958 / 600958,3958.HK / 600958.SH,DFZQ,164,Exclusion,Hang Seng China AH Index Series,unchanged,1,1,3958.HK,3958.HK,parse_ok,3958.HK
2017-09-04,Hang Seng China AH Index Series,Exclusion,3958 / 600958,3958.HK / 600958.SH,DFZQ,164,Exclusion,Hang Seng China AH Index Series,unchanged,2,0,600958.SH,600958.SS,parse_ok,600958.SS
2017-09-04,Hang Seng China AH Index Series,Exclusion,6178 / 601788,6178.HK / 601788.SH,Everbright Securities Co. Ltd.,165,Exclusion,Hang Seng China AH Index Series,unchanged,1,1,6178.HK,6178.HK,parse_ok,6178.HK
2017-09-04,Hang Seng China AH Index Series,Exclusion,6178 / 601788,6178.HK / 601788.SH,Everbright Securities Co. Ltd.,165,Exclusion,Hang Seng China AH Index Series,unchanged,2,0,601788.SH,601788.SS,parse_ok,601788.SS
2017-09-04,Hang Seng China AH Index Series,Inclusion,168 / 600600,0168.HK / 600600.SH,Tsingtao Brewery Co. Ltd.,166,Inclusion,Hang Seng China AH Index Series,unchanged,1,1,0168.HK,0168.HK,parse_ok,0168.HK
2017-09-04,Hang Seng China AH Index Series,Inclusion,168 / 600600,0168.HK / 600600.SH,Tsingtao Brewery Co. Ltd.,166,Inclusion,Hang Seng China AH Index Series,unchanged,2,0,600600.SH,600600.SS,parse_ok,600600.SS
2017-09-04,Hang Seng China AH Index Series,Inclusion,177 / 600377,0177.HK / 600377.SH,Jiangsu Expressway Co. Ltd.,167,Inclusion,Hang Seng China AH Index Series,unchanged,1,1,0177.HK,0177.HK,parse_ok,0177.HK
2017-09-04,Hang Seng China AH Index Series,Inclusion,177 / 600377,0177.HK / 600377.SH,Jiangsu Expressway Co. Ltd.,167,Inclusion,Hang Seng China AH Index Series,unchanged,2,0,600377.SH,600377.SS,parse_ok,600377.SS
2017-09-04,Hang Seng China AH Index Series,Inclusion,323 / 600808,0323.HK / 600808.SH,Maanshan Iron & Steel Co. Ltd.,168,Inclusion,Hang Seng China AH Index Series,unchanged,1,1,0323.HK,0323.HK,parse_ok,0323.HK
2017-09-04,Hang Seng China AH Index Series,Inclusion,323 / 600808,0323.HK / 600808.SH,Maanshan Iron & Steel Co. Ltd.,168,Inclusion,Hang Seng China AH Index Series,unchanged,2,0,600808.SH,600808.SS,parse_ok,600808.SS
2017-09-04,Hang Seng China AH Index Series,Inclusion,548 / 600548,0548.HK / 600548.SH,Shenzhen Expressway Co. Ltd.,169,Inclusion,Hang Seng China AH Index Series,unchanged,1,1,0548.HK,0548.HK,parse_ok,0548.HK
2017-09-04,Hang Seng China AH Index Series,Inclusion,548 / 600548,0548.HK / 600548.SH,Shenzhen Expressway Co. Ltd.,169,Inclusion,Hang Seng China AH Index Series,unchanged,2,0,600548.SH,600548.SS,parse_ok,600548.SS
2017-09-04,Hang Seng China AH Index Series,Inclusion,921 / 000921,0921.HK / 000921.SZ,Hisense Kelon Electrical Holdings Co. Ltd.,170,Inclusion,Hang Seng China AH Index Series,unchanged,1,1,0921.HK,0921.HK,parse_ok,0921.HK
2017-09-04,Hang Seng China AH Index Series,Inclusion,921 / 000921,0921.HK / 000921.SZ,Hisense Kelon Electrical Holdings Co. Ltd.,170,Inclusion,Hang Seng China AH Index Series,unchanged,2,0,000921.SZ,000921.SZ,parse_ok,000921.SZ
2017-09-04,Hang Seng China AH Index Series,Inclusion,991 / 601991,0991.HK / 601991.SH,"Datang International Power Generation Co., Ltd.",171,Inclusion,Hang Seng China AH Index Series,unchanged,1,1,0991.HK,0991.HK,parse_ok,0991.HK
2017-09-04,Hang Seng China AH Index Series,Inclusion,991 / 601991,0991.HK / 601991.SH,"Datang International Power Generation Co., Ltd.",171,Inclusion,Hang Seng China AH Index Series,unchanged,2,0,601991.SH,601991.SS,parse_ok,601991.SS
2017-09-04,Hang Seng China AH Index Series,Inclusion,1065 / 600874,1065.HK / 600874.SH,Tianjin Capital Environmental Protection Group Co. Ltd.,172,Inclusion,Hang Seng China AH Index Series,unchanged,1,1,1065.HK,1065.HK,parse_ok,1065.HK
2017-09-04,Hang Seng China AH Index Series,Inclusion,1065 / 600874,1065.HK / 600874.SH,Tianjin Capital Environmental Protection Group Co. Ltd.,172,Inclusion,Hang Seng China AH Index Series,unchanged,2,0,600874.SH,600874.SS,parse_ok,600874.SS
2017-09-04,Hang Seng China AH Index Series,Inclusion,1138 / 600026,1138.HK / 600026.SH,"COSCO SHIPPING Energy Transportation Co., Ltd.",173,Inclusion,Hang Seng China AH Index Series,unchanged,1,1,1138.HK,1138.HK,parse_ok,1138.HK
2017-09-04,Hang Seng China AH Index Series,Inclusion,1138 / 600026,1138.HK / 600026.SH,"COSCO SHIPPING Energy Transportation Co., Ltd.",173,Inclusion,Hang Seng China AH Index Series,unchanged,2,0,600026.SH,600026.SS,parse_ok,600026.SS
2017-09-04,Hang Seng China AH Index Series,Inclusion,1812 / 000488,1812.HK / 000488.SZ,Shandong Chenming Paper Holdings Ltd.,174,Inclusion,Hang Seng China AH Index Series,unchanged,1,1,1812.HK,1812.HK,parse_ok,1812.HK
2017-09-04,Hang Seng China AH Index Series,Inclusion,1812 / 000488,1812.HK / 000488.SZ,Shandong Chenming Paper Holdings Ltd.,174,Inclusion,Hang Seng China AH Index Series,unchanged,2,0,000488.SZ,000488.SZ,parse_ok,000488.SZ
2017-09-04,Hang Seng China AH Index Series,Inclusion,2039 / 000039,2039.HK / 000039.SZ,"China Int'l Marine Containers (Group) Co., Ltd.",175,Inclusion,Hang Seng China AH Index Series,unchanged,1,1,2039.HK,2039.HK,parse_ok,2039.HK
2017-09-04,Hang Seng China AH Index Series,Inclusion,2039 / 000039,2039.HK / 000039.SZ,"China Int'l Marine Containers (Group) Co., Ltd.",175,Inclusion,Hang Seng China AH Index Series,unchanged,2,0,000039.SZ,000039.SZ,parse_ok,000039.SZ
2017-09-04,Hang Seng China AH Index Series,Inclusion,2238 / 601238,2238.HK / 601238.SH,"Guangzhou Automobile Group Co., Ltd.",176,Inclusion,Hang Seng China AH Index Series,unchanged,1,1,2238.HK,2238.HK,parse_ok,2238.HK
2017-09-04,Hang Seng China AH Index Series,Inclusion,2238 / 601238,2238.HK / 601238.SH,"Guangzhou Automobile Group Co., Ltd.",176,Inclusion,Hang Seng China AH Index Series,unchanged,2,0,601238.SH,601238.SS,parse_ok,601238.SS
2017-09-04,Hang Seng China AH Index Series,Inclusion,2611 / 601211,2611.HK / 601211.SH,"Guotai Junan Securities Co., Ltd.",177,Inclusion,Hang Seng China AH Index Series,unchanged,1,1,2611.HK,2611.HK,parse_ok,2611.HK
2017-09-04,Hang Seng China AH Index Series,Inclusion,2611 / 601211,2611.HK / 601211.SH,"Guotai Junan Securities Co., Ltd.",177,Inclusion,Hang Seng China AH Index Series,unchanged,2,0,601211.SH,601211.SS,parse_ok,601211.SS
2017-09-04,Hang Seng China AH Index Series,Inclusion,2883 / 601808,2883.HK / 601808.SH,China Oilfield Services Ltd.,178,Inclusion,Hang Seng China AH Index Series,unchanged,1,1,2883.HK,2883.HK,parse_ok,2883.HK
2017-09-04,Hang Seng China AH Index Series,Inclusion,2883 / 601808,2883.HK / 601808.SH,China Oilfield Services Ltd.,178,Inclusion,Hang Seng China AH Index Series,unchanged,2,0,601808.SH,601808.SS,parse_ok,601808.SS
2017-09-04,Hang Seng China AH Index Series,Inclusion,6881 / 601881,6881.HK / 601881.SH,"China Galaxy Securities Co., Ltd.",179,Inclusion,Hang Seng China AH Index Series,unchanged,1,1,6881.HK,6881.HK,parse_ok,6881.HK
2017-09-04,Hang Seng China AH Index Series,Inclusion,6881 / 601881,6881.HK / 601881.SH,"China Galaxy Securities Co., Ltd.",179,Inclusion,Hang Seng China AH Index Series,unchanged,2,0,601881.SH,601881.SS,parse_ok,601881.SS
2018-03-05,Hang Seng China 50 Index,Exclusion,1776 / 000776,1776.HK / 000776.SZ,"GF Securities Co., Ltd.",246,Exclusion,Hang Seng China 50 Index,unchanged,1,1,1776.HK,1776.HK,parse_ok,1776.HK
2018-03-05,Hang Seng China 50 Index,Exclusion,1776 / 000776,1776.HK / 000776.SZ,"GF Securities Co., Ltd.",246,Exclusion,Hang Seng China 50 Index,unchanged,2,0,000776.SZ,000776.SZ,parse_ok,000776.SZ
2018-03-05,Hang Seng China 50 Index,Inclusion,1336 / 601336,1336.HK / 601336.SH,New China Life Insurance Co. Ltd.,249,Inclusion,Hang Seng China 50 Index,unchanged,1,1,1336.HK,1336.HK,parse_ok,1336.HK
2018-03-05,Hang Seng China 50 Index,Inclusion,1336 / 601336,1336.HK / 601336.SH,New China Life Insurance Co. Ltd.,249,Inclusion,Hang Seng China 50 Index,unchanged,2,0,601336.SH,601336.SS,parse_ok,601336.SS
2018-03-05,Hang Seng China AH Index Series,Exclusion,548 / 600548,0548.HK / 600548.SH,Shenzhen Expressway Co. Ltd.,254,Exclusion,Hang Seng China AH Index Series,unchanged,1,1,0548.HK,0548.HK,parse_ok,0548.HK
2018-03-05,Hang Seng China AH Index Series,Exclusion,548 / 600548,0548.HK / 600548.SH,Shenzhen Expressway Co. Ltd.,254,Exclusion,Hang Seng China AH Index Series,unchanged,2,0,600548.SH,600548.SS,parse_ok,600548.SS
2018-03-05,Hang Seng China AH Index Series,Exclusion,1065 / 600874,1065.HK / 600874.SH,Tianjin Capital Environmental Protection Group Co. Ltd.,255,Exclusion,Hang Seng China AH Index Series,unchanged,1,1,1065.HK,1065.HK,parse_ok,1065.HK
2018-03-05,Hang Seng China AH Index Series,Exclusion,1065 / 600874,1065.HK / 600874.SH,Tianjin Capital Environmental Protection Group Co. Ltd.,255,Exclusion,Hang Seng China AH Index Series,unchanged,2,0,600874.SH,600874.SS,parse_ok,600874.SS
2018-03-05,Hang Seng China AH Index Series,Inclusion,1513 / 000513,1513.HK / 000513.SZ,Livzon Pharmaceutical Group Inc.,256,Inclusion,Hang Seng China AH Index Series,unchanged,1,1,1513.HK,1513.HK,parse_ok,1513.HK
2018-03-05,Hang Seng China AH Index Series,Inclusion,1513 / 000513,1513.HK / 000513.SZ,Livzon Pharmaceutical Group Inc.,256,Inclusion,Hang Seng China AH Index Series,unchanged,2,0,000513.SZ,000513.SZ,parse_ok,000513.SZ
2018-03-05,Hang Seng China AH Index Series,Inclusion,3958 / 600958,3958.HK / 600958.SH,Orient Securities Company Limited,257,Inclusion,Hang Seng China AH Index Series,unchanged,1,1,3958.HK,3958.HK,parse_ok,3958.HK
2018-03-05,Hang Seng China AH Index Series,Inclusion,3958 / 600958,3958.HK / 600958.SH,Orient Securities Company Limited,257,Inclusion,Hang Seng China AH Index Series,unchanged,2,0,600958.SH,600958.SS,parse_ok,600958.SS
2018-09-10,Hang Seng China 50 Index,Exclusion,1186 / 601186,1186.HK / 601186.SH,China Railway Construction Corporation Ltd.,336,Exclusion,Hang Seng China 50 Index,unchanged,1,1,1186.HK,1186.HK,parse_ok,1186.HK
2018-09-10,Hang Seng China 50 Index,Exclusion,1186 / 601186,1186.HK / 601186.SH,China Railway Construction Corporation Ltd.,336,Exclusion,Hang Seng China 50 Index,unchanged,2,0,601186.SH,601186.SS,parse_ok,601186.SS
2018-09-10,Hang Seng China 50 Index,Exclusion,6837 / 600837,6837.HK / 600837.SH,"Haitong Securities Co., Ltd.",338,Exclusion,Hang Seng China 50 Index,unchanged,1,1,6837.HK,6837.HK,parse_ok,6837.HK
2018-09-10,Hang Seng China 50 Index,Exclusion,6837 / 600837,6837.HK / 600837.SH,"Haitong Securities Co., Ltd.",338,Exclusion,Hang Seng China 50 Index,unchanged,2,0,600837.SH,600837.SS,parse_ok,600837.SS
2018-09-10,Hang Seng Stock Connect China AH Index Series,Exclusion,317 / 600685,0317.HK / 600685.SH,CSSC Offshore & Marine Engineering (Group) Co. Ltd.,458,Exclusion,Hang Seng Stock Connect China AH Index Series,unchanged,1,1,0317.HK,0317.HK,parse_ok,0317.HK
2018-09-10,Hang Seng Stock Connect China AH Index Series,Exclusion,317 / 600685,0317.HK / 600685.SH,CSSC Offshore & Marine Engineering (Group) Co. Ltd.,458,Exclusion,Hang Seng Stock Connect China AH Index Series,unchanged,2,0,600685.SH,600685.SS,parse_ok,600685.SS
2018-09-10,Hang Seng Stock Connect China AH Index Series,Inclusion,1528 / 601828,1528.HK / 601828.SH,Red Star Macalline Group Corporation Ltd.,459,Inclusion,Hang Seng Stock Connect China AH Index Series,unchanged,1,1,1528.HK,1528.HK,parse_ok,1528.HK
2018-09-10,Hang Seng Stock Connect China AH Index Series,Inclusion,1528 / 601828,1528.HK / 601828.SH,Red Star Macalline Group Corporation Ltd.,459,Inclusion,Hang Seng Stock Connect China AH Index Series,unchanged,2,0,601828.SH,601828.SS,parse_ok,601828.SS
2019-03-11,Hang Seng China 50 Index,Exclusion,1336 / 601336,1336.HK / 601336.SH,"New China Life Insurance Co., Ltd.",465,Exclusion,Hang Seng China 50 Index,unchanged,1,1,1336.HK,1336.HK,parse_ok,1336.HK
2019-03-11,Hang Seng China 50 Index,Exclusion,1336 / 601336,1336.HK / 601336.SH,"New China Life Insurance Co., Ltd.",465,Exclusion,Hang Seng China 50 Index,unchanged,2,0,601336.SH,601336.SS,parse_ok,601336.SS
2019-03-11,Hang Seng Stock Connect China AH Index Series,Exclusion,525 / 601333,0525.HK / 601333.SH,Guangshen Railway Co. Ltd.,496,Exclusion,Hang Seng Stock Connect China AH Index Series,unchanged,1,1,0525.HK,0525.HK,parse_ok,0525.HK
2019-03-11,Hang Seng Stock Connect China AH Index Series,Exclusion,525 / 601333,0525.HK / 601333.SH,Guangshen Railway Co. Ltd.,496,Exclusion,Hang Seng Stock Connect China AH Index Series,unchanged,2,0,601333.SH,601333.SS,parse_ok,601333.SS
2019-03-11,Hang Seng Stock Connect China AH Index Series,Exclusion,921 / 000921,0921.HK / 000921.SZ,"Hisense Home Appliances Group Co., Ltd.",497,Exclusion,Hang Seng Stock Connect China AH Index Series,unchanged,1,1,0921.HK,0921.HK,parse_ok,0921.HK
2019-03-11,Hang Seng Stock Connect China AH Index Series,Exclusion,921 / 000921,0921.HK / 000921.SZ,"Hisense Home Appliances Group Co., Ltd.",497,Exclusion,Hang Seng Stock Connect China AH Index Series,unchanged,2,0,000921.SZ,000921.SZ,parse_ok,000921.SZ
2019-03-11,Hang Seng Stock Connect China AH Index Series,Exclusion,991 / 601991,0991.HK / 601991.SH,"Datang International Power Generation Co., Ltd.",498,Exclusion,Hang Seng Stock Connect China AH Index Series,unchanged,1,1,0991.HK,0991.HK,parse_ok,0991.HK
2019-03-11,Hang Seng Stock Connect China AH Index Series,Exclusion,991 / 601991,0991.HK / 601991.SH,"Datang International Power Generation Co., Ltd.",498,Exclusion,Hang Seng Stock Connect China AH Index Series,unchanged,2,0,601991.SH,601991.SS,parse_ok,601991.SS
2019-03-11,Hang Seng Stock Connect China AH Index Series,Exclusion,1157 / 000157,1157.HK / 000157.SZ,"Zoomlion Heavy Industry Science and Technology Co., Ltd",499,Exclusion,Hang Seng Stock Connect China AH Index Series,unchanged,1,1,1157.HK,1157.HK,parse_ok,1157.HK
2019-03-11,Hang Seng Stock Connect China AH Index Series,Exclusion,1157 / 000157,1157.HK / 000157.SZ,"Zoomlion Heavy Industry Science and Technology Co., Ltd",499,Exclusion,Hang Seng Stock Connect China AH Index Series,unchanged,2,0,000157.SZ,000157.SZ,parse_ok,000157.SZ
2019-03-11,Hang Seng Stock Connect China AH Index Series,Exclusion,1528 / 601828,1528.HK / 601828.SH,Red Star Macalline Group Corporation Ltd.,500,Exclusion,Hang Seng Stock Connect China AH Index Series,unchanged,1,1,1528.HK,1528.HK,parse_ok,1528.HK
2019-03-11,Hang Seng Stock Connect China AH Index Series,Exclusion,1528 / 601828,1528.HK / 601828.SH,Red Star Macalline Group Corporation Ltd.,500,Exclusion,Hang Seng Stock Connect China AH Index Series,unchanged,2,0,601828.SH,601828.SS,parse_ok,601828.SS
2019-03-11,Hang Seng Stock Connect China AH Index Series,Exclusion,1618 / 601618,1618.HK / 601618.SH,Metallurgical Corporation of China Ltd.,501,Exclusion,Hang Seng Stock Connect China AH Index Series,unchanged,1,1,1618.HK,1618.HK,parse_ok,1618.HK
2019-03-11,Hang Seng Stock Connect China AH Index Series,Exclusion,1618 / 601618,1618.HK / 601618.SH,Metallurgical Corporation of China Ltd.,501,Exclusion,Hang Seng Stock Connect China AH Index Series,unchanged,2,0,601618.SH,601618.SS,parse_ok,601618.SS
2019-03-11,Hang Seng Stock Connect China AH Index Series,Exclusion,1812 / 000488,1812.HK / 000488.SZ,Shandong Chenming Paper Holdings Ltd.,502,Exclusion,Hang Seng Stock Connect China AH Index Series,unchanged,1,1,1812.HK,1812.HK,parse_ok,1812.HK
2019-03-11,Hang Seng Stock Connect China AH Index Series,Exclusion,1812 / 000488,1812.HK / 000488.SZ,Shandong Chenming Paper Holdings Ltd.,502,Exclusion,Hang Seng Stock Connect China AH Index Series,unchanged,2,0,000488.SZ,000488.SZ,parse_ok,000488.SZ
2019-03-11,Hang Seng Stock Connect China AH Index Series,Exclusion,2611 / 601211,2611.HK / 601211.SH,"Guotai Junan Securities Co., Ltd.",503,Exclusion,Hang Seng Stock Connect China AH Index Series,unchanged,1,1,2611.HK,2611.HK,parse_ok,2611.HK
2019-03-11,Hang Seng Stock Connect China AH Index Series,Exclusion,2611 / 601211,2611.HK / 601211.SH,"Guotai Junan Securities Co., Ltd.",503,Exclusion,Hang Seng Stock Connect China AH Index Series,unchanged,2,0,601211.SH,601211.SS,parse_ok,601211.SS
2019-03-11,Hang Seng Stock Connect China AH Index Series,Exclusion,2727 / 601727,2727.HK / 601727.SH,Shanghai Electric Group Co. Ltd.,504,Exclusion,Hang Seng Stock Connect China AH Index Series,unchanged,1,1,2727.HK,2727.HK,parse_ok,2727.HK
2019-03-11,Hang Seng Stock Connect China AH Index Series,Exclusion,2727 / 601727,2727.HK / 601727.SH,Shanghai Electric Group Co. Ltd.,504,Exclusion,Hang Seng Stock Connect China AH Index Series,unchanged,2,0,601727.SH,601727.SS,parse_ok,601727.SS
2019-03-11,Hang Seng Stock Connect China AH Index Series,Exclusion,2866 / 601866,2866.HK / 601866.SH,"COSCO SHIPPING Development Co., Ltd.",505,Exclusion,Hang Seng Stock Connect China AH Index Series,unchanged,1,1,2866.HK,2866.HK,parse_ok,2866.HK
2019-03-11,Hang Seng Stock Connect China AH Index Series,Exclusion,2866 / 601866,2866.HK / 601866.SH,"COSCO SHIPPING Development Co., Ltd.",505,Exclusion,Hang Seng Stock Connect China AH Index Series,unchanged,2,0,601866.SH,601866.SS,parse_ok,601866.SS
2019-03-11,Hang Seng Stock Connect China AH Index Series,Exclusion,3958 / 600958,3958.HK / 600958.SH,Orient Securities Co. Ltd.,506,Exclusion,Hang Seng Stock Connect China AH Index Series,unchanged,1,1,3958.HK,3958.HK,parse_ok,3958.HK
2019-03-11,Hang Seng Stock Connect China AH Index Series,Exclusion,3958 / 600958,3958.HK / 600958.SH,Orient Securities Co. Ltd.,506,Exclusion,Hang Seng Stock Connect China AH Index Series,unchanged,2,0,600958.SH,600958.SS,parse_ok,600958.SS
2019-03-11,Hang Seng Stock Connect China AH Index Series,Exclusion,6099 / 600999,6099.HK / 600999.SH,"China Merchants Securities Co., Ltd.",507,Exclusion,Hang Seng Stock Connect China AH Index Series,unchanged,1,1,6099.HK,6099.HK,parse_ok,6099.HK
2019-03-11,Hang Seng Stock Connect China AH Index Series,Exclusion,6099 / 600999,6099.HK / 600999.SH,"China Merchants Securities Co., Ltd.",507,Exclusion,Hang Seng Stock Connect China AH Index Series,unchanged,2,0,600999.SH,600999.SS,parse_ok,600999.SS
2019-03-11,Hang Seng Stock Connect China AH Index Series,Inclusion,1339 / 601319,1339.HK / 601319.SH,The People's Insurance Co. (Group) of China Ltd.,508,Inclusion,Hang Seng Stock Connect China AH Index Series,unchanged,1,1,1339.HK,1339.HK,parse_ok,1339.HK
2019-03-11,Hang Seng Stock Connect China AH Index Series,Inclusion,1339 / 601319,1339.HK / 601319.SH,The People's Insurance Co. (Group) of China Ltd.,508,Inclusion,Hang Seng Stock Connect China AH Index Series,unchanged,2,0,601319.SH,601319.SS,parse_ok,601319.SS
2019-03-11,Hang Seng Stock Connect China AH Index Series,Inclusion,1772 / 002460,1772.HK / 002460.SZ,"Ganfeng Lithium Co., Ltd.",509,Inclusion,Hang Seng Stock Connect China AH Index Series,unchanged,1,1,1772.HK,1772.HK,parse_ok,1772.HK
2019-03-11,Hang Seng Stock Connect China AH Index Series,Inclusion,1772 / 002460,1772.HK / 002460.SZ,"Ganfeng Lithium Co., Ltd.",509,Inclusion,Hang Seng Stock Connect China AH Index Series,unchanged,2,0,002460.SZ,002460.SZ,parse_ok,002460.SZ
2019-03-11,Hang Seng Stock Connect China AH Index Series,Inclusion,1787 / 600547,1787.HK / 600547.SH,"Shandong Gold Mining Co., Ltd.",510,Inclusion,Hang Seng Stock Connect China AH Index Series,unchanged,1,1,1787.HK,1787.HK,parse_ok,1787.HK
2019-03-11,Hang Seng Stock Connect China AH Index Series,Inclusion,1787 / 600547,1787.HK / 600547.SH,"Shandong Gold Mining Co., Ltd.",510,Inclusion,Hang Seng Stock Connect China AH Index Series,unchanged,2,0,600547.SH,600547.SS,parse_ok,600547.SS
2019-03-11,Hang Seng Stock Connect China AH Index Series,Inclusion,2359 / 603259,2359.HK / 603259.SH,"WuXi AppTec Co., Ltd.",511,Inclusion,Hang Seng Stock Connect China AH Index Series,unchanged,1,1,2359.HK,2359.HK,parse_ok,2359.HK
2019-03-11,Hang Seng Stock Connect China AH Index Series,Inclusion,2359 / 603259,2359.HK / 603259.SH,"WuXi AppTec Co., Ltd.",511,Inclusion,Hang Seng Stock Connect China AH Index Series,unchanged,2,0,603259.SH,603259.SS,parse_ok,603259.SS
2019-03-11,Hang Seng Stock Connect China AH Index Series,Inclusion,6869 / 601869,6869.HK / 601869.SH,Yangtze Optical Fibre and Cable Joint Stock Ltd. Co.,512,Inclusion,Hang Seng Stock Connect China AH Index Series,unchanged,1,1,6869.HK,6869.HK,parse_ok,6869.HK
2019-03-11,Hang Seng Stock Connect China AH Index Series,Inclusion,6869 / 601869,6869.HK / 601869.SH,Yangtze Optical Fibre and Cable Joint Stock Ltd. Co.,512,Inclusion,Hang Seng Stock Connect China AH Index Series,unchanged,2,0,601869.SH,601869.SS,parse_ok,601869.SS
2019-09-09,Hang Seng China 50 Index,Exclusion,2611 / 601211,2611.HK / 601211.SH,"Guotai Junan Securities Co., Ltd.",638,Exclusion,Hang Seng China 50 Index,unchanged,1,1,2611.HK,2611.HK,parse_ok,2611.HK
2019-09-09,Hang Seng China 50 Index,Exclusion,2611 / 601211,2611.HK / 601211.SH,"Guotai Junan Securities Co., Ltd.",638,Exclusion,Hang Seng China 50 Index,unchanged,2,0,601211.SH,601211.SS,parse_ok,601211.SS
2019-09-09,Hang Seng China 50 Index,Inclusion,1339 / 601319,1339.HK / 601319.SH,The People's Insurance Co. (Group) of China Ltd.,641,Inclusion,Hang Seng China 50 Index,unchanged,1,1,1339.HK,1339.HK,parse_ok,1339.HK
2019-09-09,Hang Seng China 50 Index,Inclusion,1339 / 601319,1339.HK / 601319.SH,The People's Insurance Co. (Group) of China Ltd.,641,Inclusion,Hang Seng China 50 Index,unchanged,2,0,601319.SH,601319.SS,parse_ok,601319.SS
2019-09-09,Hang Seng Stock Connect China AH Index Series,Exclusion,1772 / 002460,1772.HK / 002460.SZ,"Ganfeng Lithium Co., Ltd.",733,Exclusion,Hang Seng Stock Connect China AH Index Series,unchanged,1,1,1772.HK,1772.HK,parse_ok,1772.HK
2019-09-09,Hang Seng Stock Connect China AH Index Series,Exclusion,1772 / 002460,1772.HK / 002460.SZ,"Ganfeng Lithium Co., Ltd.",733,Exclusion,Hang Seng Stock Connect China AH Index Series,unchanged,2,0,002460.SZ,002460.SZ,parse_ok,002460.SZ
2019-09-09,Hang Seng Stock Connect China AH Index Series,Inclusion,548 / 600548,0548.HK / 600548.SH,Shenzhen Expressway Co. Ltd.,734,Inclusion,Hang Seng Stock Connect China AH Index Series,unchanged,1,1,0548.HK,0548.HK,parse_ok,0548.HK
2019-09-09,Hang Seng Stock Connect China AH Index Series,Inclusion,548 / 600548,0548.HK / 600548.SH,Shenzhen Expressway Co. Ltd.,734,Inclusion,Hang Seng Stock Connect China AH Index Series,unchanged,2,0,600548.SH,600548.SS,parse_ok,600548.SS
2019-09-09,Hang Seng Stock Connect China AH Index Series,Inclusion,598 / 601598,0598.HK / 601598.SH,Sinotrans Ltd.,735,Inclusion,Hang Seng Stock Connect China AH Index Series,unchanged,1,1,0598.HK,0598.HK,parse_ok,0598.HK
2019-09-09,Hang Seng Stock Connect China AH Index Series,Inclusion,598 / 601598,0598.HK / 601598.SH,Sinotrans Ltd.,735,Inclusion,Hang Seng Stock Connect China AH Index Series,unchanged,2,0,601598.SH,601598.SS,parse_ok,601598.SS
2019-09-09,Hang Seng Stock Connect China AH Index Series,Inclusion,921 / 000921,0921.HK / 000921.SZ,"Hisense Home Appliances Group Co., Ltd.",736,Inclusion,Hang Seng Stock Connect China AH Index Series,unchanged,1,1,0921.HK,0921.HK,parse_ok,0921.HK
2019-09-09,Hang Seng Stock Connect China AH Index Series,Inclusion,921 / 000921,0921.HK / 000921.SZ,"Hisense Home Appliances Group Co., Ltd.",736,Inclusion,Hang Seng Stock Connect China AH Index Series,unchanged,2,0,000921.SZ,000921.SZ,parse_ok,000921.SZ
2019-09-09,Hang Seng Stock Connect China AH Index Series,Inclusion,1157 / 000157,1157.HK / 000157.SZ,Zoomlion Heavy Industry Science and Technology Co.,737,Inclusion,Hang Seng Stock Connect China AH Index Series,unchanged,1,1,1157.HK,1157.HK,parse_ok,1157.HK
2019-09-09,Hang Seng Stock Connect China AH Index Series,Inclusion,1157 / 000157,1157.HK / 000157.SZ,Zoomlion Heavy Industry Science and Technology Co.,737,Inclusion,Hang Seng Stock Connect China AH Index Series,unchanged,2,0,000157.SZ,000157.SZ,parse_ok,000157.SZ
2019-09-09,Hang Seng Stock Connect China AH Index Series,Inclusion,1528 / 601828,1528.HK / 601828.SH,Red Star Macalline Group Corporation Ltd.,738,Inclusion,Hang Seng Stock Connect China AH Index Series,unchanged,1,1,1528.HK,1528.HK,parse_ok,1528.HK
2019-09-09,Hang Seng Stock Connect China AH Index Series,Inclusion,1528 / 601828,1528.HK / 601828.SH,Red Star Macalline Group Corporation Ltd.,738,Inclusion,Hang Seng Stock Connect China AH Index Series,unchanged,2,0,601828.SH,601828.SS,parse_ok,601828.SS
2019-09-09,Hang Seng Stock Connect China AH Index Series,Inclusion,2611 / 601211,2611.HK / 601211.SH,"Guotai Junan Securities Co., Ltd.",739,Inclusion,Hang Seng Stock Connect China AH Index Series,unchanged,1,1,2611.HK,2611.HK,parse_ok,2611.HK
2019-09-09,Hang Seng Stock Connect China AH Index Series,Inclusion,2611 / 601211,2611.HK / 601211.SH,"Guotai Junan Securities Co., Ltd.",739,Inclusion,Hang Seng Stock Connect China AH Index Series,unchanged,2,0,601211.SH,601211.SS,parse_ok,601211.SS
2019-09-09,Hang Seng Stock Connect China AH Index Series,Inclusion,3958 / 600958,3958.HK / 600958.SH,Orient Securities Company Limited,740,Inclusion,Hang Seng Stock Connect China AH Index Series,unchanged,1,1,3958.HK,3958.HK,parse_ok,3958.HK
2019-09-09,Hang Seng Stock Connect China AH Index Series,Inclusion,3958 / 600958,3958.HK / 600958.SH,Orient Securities Company Limited,740,Inclusion,Hang Seng Stock Connect China AH Index Series,unchanged,2,0,600958.SH,600958.SS,parse_ok,600958.SS
2019-09-09,Hang Seng Stock Connect China AH Index Series,Inclusion,6066 / 601066,6066.HK / 601066.SH,"CSC Financial Co., Ltd.",741,Inclusion,Hang Seng Stock Connect China AH Index Series,unchanged,1,1,6066.HK,6066.HK,parse_ok,6066.HK
2019-09-09,Hang Seng Stock Connect China AH Index Series,Inclusion,6066 / 601066,6066.HK / 601066.SH,"CSC Financial Co., Ltd.",741,Inclusion,Hang Seng Stock Connect China AH Index Series,unchanged,2,0,601066.SH,601066.SS,parse_ok,601066.SS
2019-09-09,Hang Seng Stock Connect China AH Index Series,Inclusion,6178 / 601788,6178.HK / 601788.SH,Everbright Securities Co. Ltd.,742,Inclusion,Hang Seng Stock Connect China AH Index Series,unchanged,1,1,6178.HK,6178.HK,parse_ok,6178.HK
2019-09-09,Hang Seng Stock Connect China AH Index Series,Inclusion,6178 / 601788,6178.HK / 601788.SH,Everbright Securities Co. Ltd.,742,Inclusion,Hang Seng Stock Connect China AH Index Series,unchanged,2,0,601788.SH,601788.SS,parse_ok,601788.SS
2019-09-09,Hang Seng Stock Connect China AH Index Series,Inclusion,6806 / 000166,6806.HK / 000166.SZ,"Shenwan Hongyuan Group Co., Ltd.",743,Inclusion,Hang Seng Stock Connect China AH Index Series,unchanged,1,1,6806.HK,6806.HK,parse_ok,6806.HK
2019-09-09,Hang Seng Stock Connect China AH Index Series,Inclusion,6806 / 000166,6806.HK / 000166.SZ,"Shenwan Hongyuan Group Co., Ltd.",743,Inclusion,Hang Seng Stock Connect China AH Index Series,unchanged,2,0,000166.SZ,000166.SZ,parse_ok,000166.SZ
2019-09-09,Hang Seng Stock Connect China AH Index Series,Inclusion,6865 / 601865,6865.HK / 601865.SH,"Flat Glass Group Co., Ltd.",744,Inclusion,Hang Seng Stock Connect China AH Index Series,unchanged,1,1,6865.HK,6865.HK,parse_ok,6865.HK
2019-09-09,Hang Seng Stock Connect China AH Index Series,Inclusion,6865 / 601865,6865.HK / 601865.SH,"Flat Glass Group Co., Ltd.",744,Inclusion,Hang Seng Stock Connect China AH Index Series,unchanged,2,0,601865.SH,601865.SS,parse_ok,601865.SS
