source_row_id,ticker_normalized_raw,ticker_raw,ticker_parse_status,parsed_tokens,mapped_tickers
0,1211.HK / 002594.SZ,1211 / 002594,parse_ok,1211.HK | 002594.SZ,1211.HK | 002594.SZ
1,1359.HK,1359,parse_ok,1359.HK,1359.HK
2,2333.HK / 601633.SH,2333 / 601633,parse_ok,2333.HK | 601633.SH,2333.HK | 601633.SS
3,1186.HK / 601186.SH,1186 / 601186,parse_ok,1186.HK | 601186.SH,1186.HK | 601186.SS
4,1776.HK / 000776.SZ,1776 / 000776,parse_ok,1776.HK | 000776.SZ,1776.HK | 000776.SZ
5,601211.SH,601211,parse_ok,601211.SH,601211.SS
6,0317.HK / 600685.SH,317 / 600685,parse_ok,0317.HK | 600685.SH,0317.HK | 600685.SS
7,0054.HK,54,parse_ok,0054.HK,0054.HK
8,0829.HK,829,parse_ok,0829.HK,0829.HK
9,1157.HK,1157,parse_ok,1157.HK,1157.HK
10,1528.HK,1528,parse_ok,1528.HK,1528.HK
11,87001,87001,parse_failed,87001,
12,0010.HK,10,parse_ok,0010.HK,0010.HK
13,0109.HK,109,parse_ok,0109.HK,0109.HK
14,0136.HK,136,parse_ok,0136.HK,0136.HK
15,0400.HK,400,parse_ok,0400.HK,0400.HK
16,0405.HK,405,parse_ok,0405.HK,0405.HK
17,0607.HK,607,parse_ok,0607.HK,0607.HK
18,0715.HK,715,parse_ok,0715.HK,0715.HK
19,0911.HK,911,parse_ok,0911.HK,0911.HK
20,0958.HK,958,parse_ok,0958.HK,0958.HK
21,1071.HK,1071,parse_ok,1071.HK,1071.HK
22,1282.HK,1282,parse_ok,1282.HK,1282.HK
23,1308.HK,1308,parse_ok,1308.HK,1308.HK
24,1363.HK,1363,parse_ok,1363.HK,1363.HK
25,1432.HK,1432,parse_ok,1432.HK,1432.HK
26,1508.HK,1508,parse_ok,1508.HK,1508.HK
27,1970.HK,1970,parse_ok,1970.HK,1970.HK
28,2066.HK,2066,parse_ok,2066.HK,2066.HK
29,2098.HK,2098,parse_ok,2098.HK,2098.HK
30,2298.HK,2298,parse_ok,2298.HK,2298.HK
31,3698.HK,3698,parse_ok,3698.HK,3698.HK
32,3823.HK,3823,parse_ok,3823.HK,3823.HK
33,3886.HK,3886,parse_ok,3886.HK,3886.HK
34,3908.HK,3908,parse_ok,3908.HK,3908.HK
35,3996.HK,3996,parse_ok,3996.HK,3996.HK
36,0291.HK,291,parse_ok,0291.HK,0291.HK
37,1038.HK,1038,parse_ok,1038.HK,1038.HK
38,1578.HK,1578,parse_ok,1578.HK,1578.HK
39,2016.HK,2016,parse_ok,2016.HK,2016.HK
40,600958.SH,600958,parse_ok,600958.SH,600958.SS
41,600606.SH,600606,parse_ok,600606.SH,600606.SS
42,000839.SZ,000839,parse_ok,000839.SZ,000839.SZ
43,002241.SZ,002241,parse_ok,002241.SZ,002241.SZ
44,600111.SH,600111,parse_ok,600111.SH,600111.SS
45,600027.SH,600027,parse_ok,600027.SH,600027.SS
46,600271.SH,600271,parse_ok,600271.SH,600271.SS
47,600688.SH,600688,parse_ok,600688.SH,600688.SS
48,600704.SH,600704,parse_ok,600704.SH,600704.SS
49,601018.SH,601018,parse_ok,601018.SH,601018.SS
50,601186.SH,601186,parse_ok,601186.SH,601186.SS
51,601318.SH,601318,parse_ok,601318.SH,601318.SS
52,603993.SH,603993,parse_ok,603993.SH,603993.SS
53,000157.SZ,000157,parse_ok,000157.SZ,000157.SZ
54,600031.SH,600031,parse_ok,600031.SH,600031.SS
55,600875.SH,600875,parse_ok,600875.SH,600875.SS
56,601225.SH,601225,parse_ok,601225.SH,601225.SS
57,601898.SH,601898,parse_ok,601898.SH,601898.SS
58,601989.SH,601989,parse_ok,601989.SH,601989.SS
59,001979.SZ,001979,parse_ok,001979.SZ,001979.SZ
60,600606.SH,600606,parse_ok,600606.SH,600606.SS
61,600958.SH,600958,parse_ok,600958.SH,600958.SS
62,601009.SH,601009,parse_ok,601009.SH,601009.SS
63,601018.SH,601018,parse_ok,601018.SH,601018.SS
64,601211.SH,601211,parse_ok,601211.SH,601211.SS
65,3323.HK,3323,parse_ok,3323.HK,3323.HK
66,3898.HK,3898,parse_ok,3898.HK,3898.HK
67,0081.HK,81,parse_ok,0081.HK,0081.HK
68,0207.HK,207,parse_ok,0207.HK,0207.HK
69,0283.HK,283,parse_ok,0283.HK,0283.HK
70,0530.HK,530,parse_ok,0530.HK,0530.HK
71,0639.HK,639,parse_ok,0639.HK,0639.HK
72,0754.HK,754,parse_ok,0754.HK,0754.HK
73,1076.HK,1076,parse_ok,1076.HK,1076.HK
74,1111.HK,1111,parse_ok,1111.HK,1111.HK
75,1165.HK,1165,parse_ok,1165.HK,1165.HK
76,1212.HK,1212,parse_ok,1212.HK,1212.HK
77,0245.HK,245,parse_ok,0245.HK,0245.HK
78,0338.HK,338,parse_ok,0338.HK,0338.HK
79,0345.HK,345,parse_ok,0345.HK,0345.HK
80,0412.HK,412,parse_ok,0412.HK,0412.HK
81,0460.HK,460,parse_ok,0460.HK,0460.HK
82,0680.HK,680,parse_ok,0680.HK,0680.HK
83,0696.HK,696,parse_ok,0696.HK,0696.HK
84,0884.HK,884,parse_ok,0884.HK,0884.HK
85,1958.HK,1958,parse_ok,1958.HK,1958.HK
86,2199.HK,2199,parse_ok,2199.HK,2199.HK
87,2326.HK,2326,parse_ok,2326.HK,2326.HK
88,2588.HK,2588,parse_ok,2588.HK,2588.HK
89,2888.HK,2888,parse_ok,2888.HK,2888.HK
90,0322.HK,322,parse_ok,0322.HK,0322.HK
91,2018.HK,2018,parse_ok,2018.HK,2018.HK
92,2883.HK,2883,parse_ok,2883.HK,2883.HK
93,1186.HK,1186,parse_ok,1186.HK,1186.HK
94,0902.HK / 600011.SH,902 / 600011,parse_ok,0902.HK | 600011.SH,0902.HK | 600011.SS
95,601006.SH,601006,parse_ok,601006.SH,601006.SS
96,601985.SH,601985,parse_ok,601985.SH,601985.SS
97,000333.SZ,000333,parse_ok,000333.SZ,000333.SZ
98,1658.HK,1658,parse_ok,1658.HK,1658.HK
99,601229.SH,601229,parse_ok,601229.SH,601229.SS
100,0168.HK / 600600.SH,168 / 600600,parse_ok,0168.HK | 600600.SH,0168.HK | 600600.SS
101,0991.HK / 601991.SH,991 / 601991,parse_ok,0991.HK | 601991.SH,0991.HK | 601991.SS
102,1072.HK / 600875.SH,1072 / 600875,parse_ok,1072.HK | 600875.SH,1072.HK | 600875.SS
103,2039.HK / 000039.SZ,2039 / 000039,parse_ok,2039.HK | 000039.SZ,2039.HK | 000039.SZ
104,2238.HK / 601238.SH,2238 / 601238,parse_ok,2238.HK | 601238.SH,2238.HK | 601238.SS
105,2883.HK / 601808.SH,2883 / 601808,parse_ok,2883.HK | 601808.SH,2883.HK | 601808.SS
106,3958.HK / 600958.SH,3958 / 600958,parse_ok,3958.HK | 600958.SH,3958.HK | 600958.SS
107,6099.HK / 600999.SH,6099 / 600999,parse_ok,6099.HK | 600999.SH,6099.HK | 600999.SS
108,6178.HK / 601788.SH,6178 / 601788,parse_ok,6178.HK | 601788.SH,6178.HK | 601788.SS
109,0168.HK,168,parse_ok,0168.HK,0168.HK
110,1658.HK,1658,parse_ok,1658.HK,1658.HK
111,0086.HK,86,parse_ok,0086.HK,0086.HK
112,0109.HK,109,parse_ok,0109.HK,0109.HK
113,0136.HK,136,parse_ok,0136.HK,0136.HK
114,0412.HK,412,parse_ok,0412.HK,0412.HK
115,0715.HK,715,parse_ok,0715.HK,0715.HK
116,0911.HK,911,parse_ok,0911.HK,0911.HK
117,1071.HK,1071,parse_ok,1071.HK,1071.HK
118,1205.HK,1205,parse_ok,1205.HK,1205.HK
119,1728.HK,1728,parse_ok,1728.HK,1728.HK
120,2066.HK,2066,parse_ok,2066.HK,2066.HK
121,2326.HK,2326,parse_ok,2326.HK,2326.HK
122,0658.HK,658,parse_ok,0658.HK,0658.HK
123,0777.HK,777,parse_ok,0777.HK,0777.HK
124,1315.HK,1315,parse_ok,1315.HK,1315.HK
125,1357.HK,1357,parse_ok,1357.HK,1357.HK
126,1458.HK,1458,parse_ok,1458.HK,1458.HK
127,3320.HK,3320,parse_ok,3320.HK,3320.HK
128,6099.HK,6099,parse_ok,6099.HK,6099.HK
129,87001,87001,parse_failed,87001,
130,0494.HK,494,parse_ok,0494.HK,0494.HK
131,0175.HK,175,parse_ok,0175.HK,0175.HK
132,600606.SH,600606,parse_ok,600606.SH,600606.SS
133,000858.SZ,000858,parse_ok,000858.SZ,000858.SZ
134,000009.SZ,000009,parse_ok,000009.SZ,000009.SZ
135,000063.SZ,000063,parse_ok,000063.SZ,000063.SZ
136,000069.SZ,000069,parse_ok,000069.SZ,000069.SZ
137,600271.SH,600271,parse_ok,600271.SH,600271.SS
138,600362.SH,600362,parse_ok,600362.SH,600362.SS
139,601727.SH,601727,parse_ok,601727.SH,601727.SS
140,601808.SH,601808,parse_ok,601808.SH,601808.SS
141,603993.SH,603993,parse_ok,603993.SH,603993.SS
142,002027.SZ,002027,parse_ok,002027.SZ,002027.SZ
143,002241.SZ,002241,parse_ok,002241.SZ,002241.SZ
144,002352.SZ,002352,parse_ok,002352.SZ,002352.SZ
145,600309.SH,600309,parse_ok,600309.SH,600309.SS
146,600547.SH,600547,parse_ok,600547.SH,600547.SS
147,600637.SH,600637,parse_ok,600637.SH,600637.SS
148,601225.SH,601225,parse_ok,601225.SH,601225.SS
149,000039.SZ,000039,parse_ok,000039.SZ,000039.SZ
150,000063.SZ,000063,parse_ok,000063.SZ,000063.SZ
151,600583.SH,600583,parse_ok,600583.SH,600583.SS
152,600600.SH,600600,parse_ok,600600.SH,600600.SS
153,601727.SH,601727,parse_ok,601727.SH,601727.SS
154,601808.SH,601808,parse_ok,601808.SH,601808.SS
155,601991.SH,601991,parse_ok,601991.SH,601991.SS
156,002352.SZ,002352,parse_ok,002352.SZ,002352.SZ
157,600068.SH,600068,parse_ok,600068.SH,600068.SS
158,600297.SH,600297,parse_ok,600297.SH,600297.SS
159,600688.SH,600688,parse_ok,600688.SH,600688.SS
160,600919.SH,600919,parse_ok,600919.SH,600919.SS
161,601229.SH,601229,parse_ok,601229.SH,601229.SS
162,601881.SH,601881,parse_ok,601881.SH,601881.SS
163,1033.HK / 600871.SH,1033 / 600871,parse_ok,1033.HK | 600871.SH,1033.HK | 600871.SS
164,3958.HK / 600958.SH,3958 / 600958,parse_ok,3958.HK | 600958.SH,3958.HK | 600958.SS
165,6178.HK / 601788.SH,6178 / 601788,parse_ok,6178.HK | 601788.SH,6178.HK | 601788.SS
166,0168.HK / 600600.SH,168 / 600600,parse_ok,0168.HK | 600600.SH,0168.HK | 600600.SS
167,0177.HK / 600377.SH,177 / 600377,parse_ok,0177.HK | 600377.SH,0177.HK | 600377.SS
168,0323.HK / 600808.SH,323 / 600808,parse_ok,0323.HK | 600808.SH,0323.HK | 600808.SS
169,0548.HK / 600548.SH,548 / 600548,parse_ok,0548.HK | 600548.SH,0548.HK | 600548.SS
170,0921.HK / 000921.SZ,921 / 000921,parse_ok,0921.HK | 000921.SZ,0921.HK | 000921.SZ
171,0991.HK / 601991.SH,991 / 601991,parse_ok,0991.HK | 601991.SH,0991.HK | 601991.SS
172,1065.HK / 600874.SH,1065 / 600874,parse_ok,1065.HK | 600874.SH,1065.HK | 600874.SS
173,1138.HK / 600026.SH,1138 / 600026,parse_ok,1138.HK | 600026.SH,1138.HK | 600026.SS
174,1812.HK / 000488.SZ,1812 / 000488,parse_ok,1812.HK | 000488.SZ,1812.HK | 000488.SZ
175,2039.HK / 000039.SZ,2039 / 000039,parse_ok,2039.HK | 000039.SZ,2039.HK | 000039.SZ
176,2238.HK / 601238.SH,2238 / 601238,parse_ok,2238.HK | 601238.SH,2238.HK | 601238.SS
177,2611.HK / 601211.SH,2611 / 601211,parse_ok,2611.HK | 601211.SH,2611.HK | 601211.SS
178,2883.HK / 601808.SH,2883 / 601808,parse_ok,2883.HK | 601808.SH,2883.HK | 601808.SS
179,6881.HK / 601881.SH,6881 / 601881,parse_ok,6881.HK | 601881.SH,6881.HK | 601881.SS
180,0245.HK,245,parse_ok,0245.HK,0245.HK
181,0297.HK,297,parse_ok,0297.HK,0297.HK
182,0933.HK,933,parse_ok,0933.HK,0933.HK
183,0991.HK,991,parse_ok,0991.HK,0991.HK
184,1230.HK,1230,parse_ok,1230.HK,1230.HK
185,1387.HK,1387,parse_ok,1387.HK,1387.HK
186,2298.HK,2298,parse_ok,2298.HK,2298.HK
187,2877.HK,2877,parse_ok,2877.HK,2877.HK
188,3308.HK,3308,parse_ok,3308.HK,3308.HK
189,3823.HK,3823,parse_ok,3823.HK,3823.HK
190,0043.HK,43,parse_ok,0043.HK,0043.HK
191,0136.HK,136,parse_ok,0136.HK,0136.HK
192,0698.HK,698,parse_ok,0698.HK,0698.HK
193,1031.HK,1031,parse_ok,1031.HK,1031.HK
194,1212.HK,1212,parse_ok,1212.HK,1212.HK
195,1515.HK,1515,parse_ok,1515.HK,1515.HK
196,2269.HK,2269,parse_ok,2269.HK,2269.HK
197,2611.HK,2611,parse_ok,2611.HK,2611.HK
198,2799.HK,2799,parse_ok,2799.HK,2799.HK
199,3606.HK,3606,parse_ok,3606.HK,3606.HK
200,000039.SZ,000039,parse_ok,000039.SZ,000039.SZ
201,000825.SZ,000825,parse_ok,000825.SZ,000825.SZ
202,0363.HK,363,parse_ok,0363.HK,0363.HK
203,0552.HK,552,parse_ok,0552.HK,0552.HK
204,0670.HK,670,parse_ok,0670.HK,0670.HK
205,0998.HK,998,parse_ok,0998.HK,0998.HK
206,1113.HK,1113,parse_ok,1113.HK,1113.HK
207,1333.HK,1333,parse_ok,1333.HK,1333.HK
208,1339.HK,1339,parse_ok,1339.HK,1339.HK
209,1963.HK,1963,parse_ok,1963.HK,1963.HK
210,1999.HK,1999,parse_ok,1999.HK,1999.HK
211,3898.HK,3898,parse_ok,3898.HK,3898.HK
212,600600.SH,600600,parse_ok,600600.SH,600600.SS
213,601818.SH,601818,parse_ok,601818.SH,601818.SS
214,6818.HK,6818,parse_ok,6818.HK,6818.HK
215,0020.HK,20,parse_ok,0020.HK,0020.HK
216,002202.SZ,002202,parse_ok,002202.SZ,002202.SZ
217,0323.HK,323,parse_ok,0323.HK,0323.HK
218,0347.HK,347,parse_ok,0347.HK,0347.HK
219,0480.HK,480,parse_ok,0480.HK,0480.HK
220,0506.HK,506,parse_ok,0506.HK,0506.HK
221,0778.HK,778,parse_ok,0778.HK,0778.HK
222,0991.HK,991,parse_ok,0991.HK,0991.HK
223,1109.HK,1109,parse_ok,1109.HK,1109.HK
224,1316.HK,1316,parse_ok,1316.HK,1316.HK
225,1347.HK,1347,parse_ok,1347.HK,1347.HK
226,2208.HK,2208,parse_ok,2208.HK,2208.HK
227,2238.HK,2238,parse_ok,2238.HK,2238.HK
228,3377.HK,3377,parse_ok,3377.HK,3377.HK
229,3800.HK,3800,parse_ok,3800.HK,3800.HK
230,601238.SH,601238,parse_ok,601238.SH,601238.SS
231,601991.SH,601991,parse_ok,601991.SH,601991.SS
232,0069.HK,69,parse_ok,0069.HK,0069.HK
233,0390.HK,390,parse_ok,0390.HK,0390.HK
234,0288.HK,288,parse_ok,0288.HK,0288.HK
235,0916.HK,916,parse_ok,0916.HK,0916.HK
236,2238.HK,2238,parse_ok,2238.HK,2238.HK
237,6060.HK,6060,parse_ok,6060.HK,6060.HK
238,6088.HK,6088,parse_ok,6088.HK,6088.HK
239,0135.HK,135,parse_ok,0135.HK,0135.HK
240,0293.HK,293,parse_ok,0293.HK,0293.HK
241,2007.HK,2007,parse_ok,2007.HK,2007.HK
242,2382.HK,2382,parse_ok,2382.HK,2382.HK
243,000166.SZ,000166,parse_ok,000166.SZ,000166.SZ
244,002736.SZ,002736,parse_ok,002736.SZ,002736.SZ
245,1339.HK,1339,parse_ok,1339.HK,1339.HK
246,1776.HK / 000776.SZ,1776 / 000776,parse_ok,1776.HK | 000776.SZ,1776.HK | 000776.SZ
247,601989.SH,601989,parse_ok,601989.SH,601989.SS
248,002352.SZ,002352,parse_ok,002352.SZ,002352.SZ
249,1336.HK / 601336.SH,1336 / 601336,parse_ok,1336.HK | 601336.SH,1336.HK | 601336.SS
250,2007.HK,2007,parse_ok,2007.HK,2007.HK
251,3333.HK,3333,parse_ok,3333.HK,3333.HK
252,600019.SH,600019,parse_ok,600019.SH,600019.SS
253,600050.SH,600050,parse_ok,600050.SH,600050.SS
254,0548.HK / 600548.SH,548 / 600548,parse_ok,0548.HK | 600548.SH,0548.HK | 600548.SS
255,1065.HK / 600874.SH,1065 / 600874,parse_ok,1065.HK | 600874.SH,1065.HK | 600874.SS
256,1513.HK / 000513.SZ,1513 / 000513,parse_ok,1513.HK | 000513.SZ,1513.HK | 000513.SZ
257,3958.HK / 600958.SH,3958 / 600958,parse_ok,3958.HK | 600958.SH,3958.HK | 600958.SS
258,1186.HK,1186,parse_ok,1186.HK,1186.HK
259,0267.HK,267,parse_ok,0267.HK,0267.HK
260,0270.HK,270,parse_ok,0270.HK,0270.HK
261,0384.HK,384,parse_ok,0384.HK,0384.HK
262,0700.HK,700,parse_ok,0700.HK,0700.HK
263,0883.HK,883,parse_ok,0883.HK,0883.HK
264,0941.HK,941,parse_ok,0941.HK,0941.HK
265,1044.HK,1044,parse_ok,1044.HK,1044.HK
266,1093.HK,1093,parse_ok,1093.HK,1093.HK
267,1109.HK,1109,parse_ok,1109.HK,1109.HK
268,2313.HK,2313,parse_ok,2313.HK,2313.HK
269,6060.HK,6060,parse_ok,6060.HK,6060.HK
270,0041.HK,41,parse_ok,0041.HK,0041.HK
271,0787.HK,787,parse_ok,0787.HK,0787.HK
272,0861.HK,861,parse_ok,0861.HK,0861.HK
273,1031.HK,1031,parse_ok,1031.HK,1031.HK
274,1315.HK,1315,parse_ok,1315.HK,1315.HK
275,2199.HK,2199,parse_ok,2199.HK,2199.HK
276,2329.HK,2329,parse_ok,2329.HK,2329.HK
277,2888.HK,2888,parse_ok,2888.HK,2888.HK
278,3331.HK,3331,parse_ok,3331.HK,3331.HK
279,3698.HK,3698,parse_ok,3698.HK,3698.HK
280,0045.HK,45,parse_ok,0045.HK,0045.HK
281,0087.HK,87,parse_ok,0087.HK,0087.HK
282,0127.HK,127,parse_ok,0127.HK,0127.HK
283,0582.HK,582,parse_ok,0582.HK,0582.HK
284,0754.HK,754,parse_ok,0754.HK,0754.HK
285,0772.HK,772,parse_ok,0772.HK,0772.HK
286,1030.HK,1030,parse_ok,1030.HK,1030.HK
287,1141.HK,1141,parse_ok,1141.HK,1141.HK
288,1269.HK,1269,parse_ok,1269.HK,1269.HK
289,1378.HK,1378,parse_ok,1378.HK,1378.HK
290,1628.HK,1628,parse_ok,1628.HK,1628.HK
291,1638.HK,1638,parse_ok,1638.HK,1638.HK
292,2196.HK,2196,parse_ok,2196.HK,2196.HK
293,2232.HK,2232,parse_ok,2232.HK,2232.HK
294,2858.HK,2858,parse_ok,2858.HK,2858.HK
295,3993.HK,3993,parse_ok,3993.HK,3993.HK
296,0004.HK,4,parse_ok,0004.HK,0004.HK
297,3898.HK,3898,parse_ok,3898.HK,3898.HK
298,2799.HK,2799,parse_ok,2799.HK,2799.HK
299,6158.HK,6158,parse_ok,6158.HK,6158.HK
300,0992.HK,992,parse_ok,0992.HK,0992.HK
301,1093.HK,1093,parse_ok,1093.HK,1093.HK
302,000001.SZ,000001,parse_ok,000001.SZ,000001.SZ
303,000063.SZ,000063,parse_ok,000063.SZ,000063.SZ
304,002024.SZ,002024,parse_ok,002024.SZ,002024.SZ
305,600000.SH,600000,parse_ok,600000.SH,600000.SS
306,600036.SH,600036,parse_ok,600036.SH,600036.SS
307,600098.SH,600098,parse_ok,600098.SH,600098.SS
308,600999.SH,600999,parse_ok,600999.SH,600999.SS
309,601088.SH,601088,parse_ok,601088.SH,601088.SS
310,601166.SH,601166,parse_ok,601166.SH,601166.SS
311,601628.SH,601628,parse_ok,601628.SH,601628.SS
312,601939.SH,601939,parse_ok,601939.SH,601939.SS
313,000898.SZ,000898,parse_ok,000898.SZ,000898.SZ
314,002594.SZ,002594,parse_ok,002594.SZ,002594.SZ
315,600027.SH,600027,parse_ok,600027.SH,600027.SS
316,600115.SH,600115,parse_ok,600115.SH,600115.SS
317,601288.SH,601288,parse_ok,601288.SH,601288.SS
318,601336.SH,601336,parse_ok,601336.SH,601336.SS
319,601601.SH,601601,parse_ok,601601.SH,601601.SS
320,601618.SH,601618,parse_ok,601618.SH,601618.SS
321,601766.SH,601766,parse_ok,601766.SH,601766.SS
322,601800.SH,601800,parse_ok,601800.SH,601800.SS
323,601877.SH,601877,parse_ok,601877.SH,601877.SS
324,000001.SZ,000001,parse_ok,000001.SZ,000001.SZ
325,000063.SZ,000063,parse_ok,000063.SZ,000063.SZ
326,600000.SH,600000,parse_ok,600000.SH,600000.SS
327,600036.SH,600036,parse_ok,600036.SH,600036.SS
328,601628.SH,601628,parse_ok,601628.SH,601628.SS
329,601939.SH,601939,parse_ok,601939.SH,601939.SS
330,000002.SZ,000002,parse_ok,000002.SZ,000002.SZ
331,600019.SH,600019,parse_ok,600019.SH,600019.SS
332,600196.SH,600196,parse_ok,600196.SH,600196.SS
333,601238.SH,601238,parse_ok,601238.SH,601238.SS
334,601877.SH,601877,parse_ok,601877.SH,601877.SS
335,601919.SH,601919,parse_ok,601919.SH,601919.SS
336,1186.HK / 601186.SH,1186 / 601186,parse_ok,1186.HK | 601186.SH,1186.HK | 601186.SS
337,601229.SH,601229,parse_ok,601229.SH,601229.SS
338,6837.HK / 600837.SH,6837 / 600837,parse_ok,6837.HK | 600837.SH,6837.HK | 600837.SS
339,600276.SH,600276,parse_ok,600276.SH,600276.SS
340,600887.SH,600887,parse_ok,600887.SH,600887.SS
341,601138.SH,601138,parse_ok,601138.SH,601138.SS
342,002241.SZ,002241,parse_ok,002241.SZ,002241.SZ
343,600027.SH,600027,parse_ok,600027.SH,600027.SS
344,600547.SH,600547,parse_ok,600547.SH,600547.SS
345,600637.SH,600637,parse_ok,600637.SH,600637.SS
346,600704.SH,600704,parse_ok,600704.SH,600704.SS
347,601633.SH,601633,parse_ok,601633.SH,601633.SS
348,000063.SZ,000063,parse_ok,000063.SZ,000063.SZ
349,000858.SZ,000858,parse_ok,000858.SZ,000858.SZ
350,601138.SH,601138,parse_ok,601138.SH,601138.SS
351,601600.SH,601600,parse_ok,601600.SH,601600.SS
352,601985.SH,601985,parse_ok,601985.SH,601985.SS
353,000876.SZ,000876,parse_ok,000876.SZ,000876.SZ
354,600027.SH,600027,parse_ok,600027.SH,600027.SS
355,600170.SH,600170,parse_ok,600170.SH,600170.SS
356,600958.SH,600958,parse_ok,600958.SH,600958.SS
357,601117.SH,601117,parse_ok,601117.SH,601117.SS
358,000063.SZ,000063,parse_ok,000063.SZ,000063.SZ
359,601138.SH,601138,parse_ok,601138.SH,601138.SS
360,601225.SH,601225,parse_ok,601225.SH,601225.SS
361,601727.SH,601727,parse_ok,601727.SH,601727.SS
362,601898.SH,601898,parse_ok,601898.SH,601898.SS
363,0043.HK,43,parse_ok,0043.HK,0043.HK
364,0317.HK,317,parse_ok,0317.HK,0317.HK
365,0330.HK,330,parse_ok,0330.HK,0330.HK
366,0400.HK,400,parse_ok,0400.HK,0400.HK
367,0680.HK,680,parse_ok,0680.HK,0680.HK
368,0732.HK,732,parse_ok,0732.HK,0732.HK
369,0931.HK,931,parse_ok,0931.HK,0931.HK
370,0996.HK,996,parse_ok,0996.HK,0996.HK
371,1117.HK,1117,parse_ok,1117.HK,1117.HK
372,1363.HK,1363,parse_ok,1363.HK,1363.HK
373,1432.HK,1432,parse_ok,1432.HK,1432.HK
374,1680.HK,1680,parse_ok,1680.HK,1680.HK
375,1970.HK,1970,parse_ok,1970.HK,1970.HK
376,2727.HK,2727,parse_ok,2727.HK,2727.HK
377,0054.HK,54,parse_ok,0054.HK,0054.HK
378,0486.HK,486,parse_ok,0486.HK,0486.HK
379,0581.HK,581,parse_ok,0581.HK,0581.HK
380,0839.HK,839,parse_ok,0839.HK,0839.HK
381,0973.HK,973,parse_ok,0973.HK,0973.HK
382,1233.HK,1233,parse_ok,1233.HK,1233.HK
383,1337.HK,1337,parse_ok,1337.HK,1337.HK
384,1548.HK,1548,parse_ok,1548.HK,1548.HK
385,1728.HK,1728,parse_ok,1728.HK,1728.HK
386,1833.HK,1833,parse_ok,1833.HK,1833.HK
387,1910.HK,1910,parse_ok,1910.HK,1910.HK
388,1913.HK,1913,parse_ok,1913.HK,1913.HK
389,2638.HK,2638,parse_ok,2638.HK,2638.HK
390,2768.HK,2768,parse_ok,2768.HK,2768.HK
391,3669.HK,3669,parse_ok,3669.HK,3669.HK
392,3918.HK,3918,parse_ok,3918.HK,3918.HK
393,6098.HK,6098,parse_ok,6098.HK,6098.HK
394,6823.HK,6823,parse_ok,6823.HK,6823.HK
395,0020.HK,20,parse_ok,0020.HK,0020.HK
396,0041.HK,41,parse_ok,0041.HK,0041.HK
397,0066.HK,66,parse_ok,0066.HK,0066.HK
398,0200.HK,200,parse_ok,0200.HK,0200.HK
399,0297.HK,297,parse_ok,0297.HK,0297.HK
400,0323.HK,323,parse_ok,0323.HK,0323.HK
401,0347.HK,347,parse_ok,0347.HK,0347.HK
402,0405.HK,405,parse_ok,0405.HK,0405.HK
403,0480.HK,480,parse_ok,0480.HK,0480.HK
404,0606.HK,606,parse_ok,0606.HK,0606.HK
405,0763.HK,763,parse_ok,0763.HK,0763.HK
406,0819.HK,819,parse_ok,0819.HK,0819.HK
407,0939.HK,939,parse_ok,0939.HK,0939.HK
408,1088.HK,1088,parse_ok,1088.HK,1088.HK
409,1308.HK,1308,parse_ok,1308.HK,1308.HK
410,2039.HK,2039,parse_ok,2039.HK,2039.HK
411,2196.HK,2196,parse_ok,2196.HK,2196.HK
412,2282.HK,2282,parse_ok,2282.HK,2282.HK
413,2331.HK,2331,parse_ok,2331.HK,2331.HK
414,2342.HK,2342,parse_ok,2342.HK,2342.HK
415,2628.HK,2628,parse_ok,2628.HK,2628.HK
416,3328.HK,3328,parse_ok,3328.HK,3328.HK
417,3331.HK,3331,parse_ok,3331.HK,3331.HK
418,3968.HK,3968,parse_ok,3968.HK,3968.HK
419,3988.HK,3988,parse_ok,3988.HK,3988.HK
420,0010.HK,10,parse_ok,0010.HK,0010.HK
421,0045.HK,45,parse_ok,0045.HK,0045.HK
422,0054.HK,54,parse_ok,0054.HK,0054.HK
423,0078.HK,78,parse_ok,0078.HK,0078.HK
424,0087.HK,87,parse_ok,0087.HK,0087.HK
425,0142.HK,142,parse_ok,0142.HK,0142.HK
426,0163.HK,163,parse_ok,0163.HK,0163.HK
427,0173.HK,173,parse_ok,0173.HK,0173.HK
428,0175.HK,175,parse_ok,0175.HK,0175.HK
429,0179.HK,179,parse_ok,0179.HK,0179.HK
430,0288.HK,288,parse_ok,0288.HK,0288.HK
431,0345.HK,345,parse_ok,0345.HK,0345.HK
432,0517.HK,517,parse_ok,0517.HK,0517.HK
433,0968.HK,968,parse_ok,0968.HK,0968.HK
434,1112.HK,1112,parse_ok,1112.HK,1112.HK
435,1138.HK,1138,parse_ok,1138.HK,1138.HK
436,1257.HK,1257,parse_ok,1257.HK,1257.HK
437,1299.HK,1299,parse_ok,1299.HK,1299.HK
438,1658.HK,1658,parse_ok,1658.HK,1658.HK
439,1686.HK,1686,parse_ok,1686.HK,1686.HK
440,3320.HK,3320,parse_ok,3320.HK,3320.HK
441,3618.HK,3618,parse_ok,3618.HK,3618.HK
442,0066.HK,66,parse_ok,0066.HK,0066.HK
443,0390.HK,390,parse_ok,0390.HK,0390.HK
444,0494.HK,494,parse_ok,0494.HK,0494.HK
445,1398.HK,1398,parse_ok,1398.HK,1398.HK
446,3968.HK,3968,parse_ok,3968.HK,3968.HK
447,3988.HK,3988,parse_ok,3988.HK,3988.HK
448,0069.HK,69,parse_ok,0069.HK,0069.HK
449,0087.HK,87,parse_ok,0087.HK,0087.HK
450,0316.HK,316,parse_ok,0316.HK,0316.HK
451,0683.HK,683,parse_ok,0683.HK,0683.HK
452,0981.HK,981,parse_ok,0981.HK,0981.HK
453,1109.HK,1109,parse_ok,1109.HK,1109.HK
454,0023.HK,23,parse_ok,0023.HK,0023.HK
455,0144.HK,144,parse_ok,0144.HK,0144.HK
456,1177.HK,1177,parse_ok,1177.HK,1177.HK
457,2313.HK,2313,parse_ok,2313.HK,2313.HK
458,0317.HK / 600685.SH,317 / 600685,parse_ok,0317.HK | 600685.SH,0317.HK | 600685.SS
459,1528.HK / 601828.SH,1528 / 601828,parse_ok,1528.HK | 601828.SH,1528.HK | 601828.SS
460,6881.HK,6881,parse_ok,6881.HK,6881.HK
461,0788.HK,788,parse_ok,0788.HK,0788.HK
462,0788.HK,788,parse_ok,0788.HK,0788.HK
463,2048.HK,2048,parse_ok,2048.HK,2048.HK
464,6862.HK,6862,parse_ok,6862.HK,6862.HK
465,1336.HK / 601336.SH,1336 / 601336,parse_ok,1336.HK | 601336.SH,1336.HK | 601336.SS
466,601360.SH,601360,parse_ok,601360.SH,601360.SS
467,6060.HK,6060,parse_ok,6060.HK,6060.HK
468,3323.HK,3323,parse_ok,3323.HK,3323.HK
469,0054.HK,54,parse_ok,0054.HK,0054.HK
470,0242.HK,242,parse_ok,0242.HK,0242.HK
471,0315.HK,315,parse_ok,0315.HK,0315.HK
472,0316.HK,316,parse_ok,0316.HK,0316.HK
473,0439.HK,439,parse_ok,0439.HK,0439.HK
474,0698.HK,698,parse_ok,0698.HK,0698.HK
475,0737.HK,737,parse_ok,0737.HK,0737.HK
476,0751.HK,751,parse_ok,0751.HK,0751.HK
477,0777.HK,777,parse_ok,0777.HK,0777.HK
478,0934.HK,934,parse_ok,0934.HK,0934.HK
479,1282.HK,1282,parse_ok,1282.HK,1282.HK
480,1293.HK,1293,parse_ok,1293.HK,1293.HK
481,1919.HK,1919,parse_ok,1919.HK,1919.HK
482,2048.HK,2048,parse_ok,2048.HK,2048.HK
483,0268.HK,268,parse_ok,0268.HK,0268.HK
484,0467.HK,467,parse_ok,0467.HK,0467.HK
485,0612.HK,612,parse_ok,0612.HK,0612.HK
486,0691.HK,691,parse_ok,0691.HK,0691.HK
487,0780.HK,780,parse_ok,0780.HK,0780.HK
488,1992.HK,1992,parse_ok,1992.HK,1992.HK
489,2005.HK,2005,parse_ok,2005.HK,2005.HK
490,2331.HK,2331,parse_ok,2331.HK,2331.HK
491,2869.HK,2869,parse_ok,2869.HK,2869.HK
492,2888.HK,2888,parse_ok,2888.HK,2888.HK
493,3633.HK,3633,parse_ok,3633.HK,3633.HK
494,0836.HK,836,parse_ok,0836.HK,0836.HK
495,0669.HK,669,parse_ok,0669.HK,0669.HK
496,0525.HK / 601333.SH,525 / 601333,parse_ok,0525.HK | 601333.SH,0525.HK | 601333.SS
497,0921.HK / 000921.SZ,921 / 000921,parse_ok,0921.HK | 000921.SZ,0921.HK | 000921.SZ
498,0991.HK / 601991.SH,991 / 601991,parse_ok,0991.HK | 601991.SH,0991.HK | 601991.SS
499,1157.HK / 000157.SZ,1157 / 000157,parse_ok,1157.HK | 000157.SZ,1157.HK | 000157.SZ
500,1528.HK / 601828.SH,1528 / 601828,parse_ok,1528.HK | 601828.SH,1528.HK | 601828.SS
501,1618.HK / 601618.SH,1618 / 601618,parse_ok,1618.HK | 601618.SH,1618.HK | 601618.SS
502,1812.HK / 000488.SZ,1812 / 000488,parse_ok,1812.HK | 000488.SZ,1812.HK | 000488.SZ
503,2611.HK / 601211.SH,2611 / 601211,parse_ok,2611.HK | 601211.SH,2611.HK | 601211.SS
504,2727.HK / 601727.SH,2727 / 601727,parse_ok,2727.HK | 601727.SH,2727.HK | 601727.SS
505,2866.HK / 601866.SH,2866 / 601866,parse_ok,2866.HK | 601866.SH,2866.HK | 601866.SS
506,3958.HK / 600958.SH,3958 / 600958,parse_ok,3958.HK | 600958.SH,3958.HK | 600958.SS
507,6099.HK / 600999.SH,6099 / 600999,parse_ok,6099.HK | 600999.SH,6099.HK | 600999.SS
508,1339.HK / 601319.SH,1339 / 601319,parse_ok,1339.HK | 601319.SH,1339.HK | 601319.SS
509,1772.HK / 002460.SZ,1772 / 002460,parse_ok,1772.HK | 002460.SZ,1772.HK | 002460.SZ
510,1787.HK / 600547.SH,1787 / 600547,parse_ok,1787.HK | 600547.SH,1787.HK | 600547.SS
511,2359.HK / 603259.SH,2359 / 603259,parse_ok,2359.HK | 603259.SH,2359.HK | 603259.SS
512,6869.HK / 601869.SH,6869 / 601869,parse_ok,6869.HK | 601869.SH,6869.HK | 601869.SS
513,0753.HK,753,parse_ok,0753.HK,0753.HK
514,0902.HK,902,parse_ok,0902.HK,0902.HK
515,1776.HK,1776,parse_ok,1776.HK,1776.HK
516,1816.HK,1816,parse_ok,1816.HK,1816.HK
517,2333.HK,2333,parse_ok,2333.HK,2333.HK
518,0291.HK,291,parse_ok,0291.HK,0291.HK
519,0960.HK,960,parse_ok,0960.HK,0960.HK
520,2007.HK,2007,parse_ok,2007.HK,2007.HK
521,2020.HK,2020,parse_ok,2020.HK,2020.HK
522,2688.HK,2688,parse_ok,2688.HK,2688.HK
523,1896.HK,1896,parse_ok,1896.HK,1896.HK
524,000001.SZ,000001,parse_ok,000001.SZ,000001.SZ
525,000021.SZ,000021,parse_ok,000021.SZ,000021.SZ
526,000035.SZ,000035,parse_ok,000035.SZ,000035.SZ
527,000039.SZ,000039,parse_ok,000039.SZ,000039.SZ
528,000046.SZ,000046,parse_ok,000046.SZ,000046.SZ
529,000050.SZ,000050,parse_ok,000050.SZ,000050.SZ
530,000063.SZ,000063,parse_ok,000063.SZ,000063.SZ
531,000066.SZ,000066,parse_ok,000066.SZ,000066.SZ
532,000100.SZ,000100,parse_ok,000100.SZ,000100.SZ
533,000513.SZ,000513,parse_ok,000513.SZ,000513.SZ
534,000528.SZ,000528,parse_ok,000528.SZ,000528.SZ
535,000540.SZ,000540,parse_ok,000540.SZ,000540.SZ
536,000546.SZ,000546,parse_ok,000546.SZ,000546.SZ
537,000825.SZ,000825,parse_ok,000825.SZ,000825.SZ
538,000997.SZ,000997,parse_ok,000997.SZ,000997.SZ
539,001979.SZ,001979,parse_ok,001979.SZ,001979.SZ
540,002078.SZ,002078,parse_ok,002078.SZ,002078.SZ
541,002179.SZ,002179,parse_ok,002179.SZ,002179.SZ
542,002249.SZ,002249,parse_ok,002249.SZ,002249.SZ
543,002371.SZ,002371,parse_ok,002371.SZ,002371.SZ
544,002407.SZ,002407,parse_ok,002407.SZ,002407.SZ
545,002415.SZ,002415,parse_ok,002415.SZ,002415.SZ
546,002601.SZ,002601,parse_ok,002601.SZ,002601.SZ
547,002815.SZ,002815,parse_ok,002815.SZ,002815.SZ
548,002916.SZ,002916,parse_ok,002916.SZ,002916.SZ
549,300124.SZ,300124,parse_ok,300124.SZ,300124.SZ
550,300274.SZ,300274,parse_ok,300274.SZ,300274.SZ
551,300398.SZ,300398,parse_ok,300398.SZ,300398.SZ
552,300750.SZ,300750,parse_ok,300750.SZ,300750.SZ
553,600011.SH,600011,parse_ok,600011.SH,600011.SS
554,600012.SH,600012,parse_ok,600012.SH,600012.SS
555,600018.SH,600018,parse_ok,600018.SH,600018.SS
556,600020.SH,600020,parse_ok,600020.SH,600020.SS
557,600025.SH,600025,parse_ok,600025.SH,600025.SS
558,600026.SH,600026,parse_ok,600026.SH,600026.SS
559,600114.SH,600114,parse_ok,600114.SH,600114.SS
560,600171.SH,600171,parse_ok,600171.SH,600171.SS
561,600183.SH,600183,parse_ok,600183.SH,600183.SS
562,600188.SH,600188,parse_ok,600188.SH,600188.SS
563,600216.SH,600216,parse_ok,600216.SH,600216.SS
564,600271.SH,600271,parse_ok,600271.SH,600271.SS
565,600282.SH,600282,parse_ok,600282.SH,600282.SS
566,600323.SH,600323,parse_ok,600323.SH,600323.SS
567,600332.SH,600332,parse_ok,600332.SH,600332.SS
568,600337.SH,600337,parse_ok,600337.SH,600337.SS
569,600377.SH,600377,parse_ok,600377.SH,600377.SS
570,600380.SH,600380,parse_ok,600380.SH,600380.SS
571,600525.SH,600525,parse_ok,600525.SH,600525.SS
572,600565.SH,600565,parse_ok,600565.SH,600565.SS
573,600580.SH,600580,parse_ok,600580.SH,600580.SS
574,600588.SH,600588,parse_ok,600588.SH,600588.SS
575,600600.SH,600600,parse_ok,600600.SH,600600.SS
576,600648.SH,600648,parse_ok,600648.SH,600648.SS
577,600750.SH,600750,parse_ok,600750.SH,600750.SS
578,600775.SH,600775,parse_ok,600775.SH,600775.SS
579,600808.SH,600808,parse_ok,600808.SH,600808.SS
580,600860.SH,600860,parse_ok,600860.SH,600860.SS
581,600871.SH,600871,parse_ok,600871.SH,600871.SS
582,600874.SH,600874,parse_ok,600874.SH,600874.SS
583,600875.SH,600875,parse_ok,600875.SH,600875.SS
584,600958.SH,600958,parse_ok,600958.SH,600958.SS
585,601012.SH,601012,parse_ok,601012.SH,601012.SS
586,601066.SH,601066,parse_ok,601066.SH,601066.SS
587,601088.SH,601088,parse_ok,601088.SH,601088.SS
588,601138.SH,601138,parse_ok,601138.SH,601138.SS
589,601166.SH,601166,parse_ok,601166.SH,601166.SS
590,601186.SH,601186,parse_ok,601186.SH,601186.SS
591,601200.SH,601200,parse_ok,601200.SH,601200.SS
592,601211.SH,601211,parse_ok,601211.SH,601211.SS
593,601231.SH,601231,parse_ok,601231.SH,601231.SS
594,601326.SH,601326,parse_ok,601326.SH,601326.SS
595,601330.SH,601330,parse_ok,601330.SH,601330.SS
596,601600.SH,601600,parse_ok,601600.SH,601600.SS
597,601607.SH,601607,parse_ok,601607.SH,601607.SS
598,601688.SH,601688,parse_ok,601688.SH,601688.SS
599,601717.SH,601717,parse_ok,601717.SH,601717.SS
600,601788.SH,601788,parse_ok,601788.SH,601788.SS
601,601811.SH,601811,parse_ok,601811.SH,601811.SS
602,601818.SH,601818,parse_ok,601818.SH,601818.SS
603,601828.SH,601828,parse_ok,601828.SH,601828.SS
604,601866.SH,601866,parse_ok,601866.SH,601866.SS
605,601881.SH,601881,parse_ok,601881.SH,601881.SS
606,601888.SH,601888,parse_ok,601888.SH,601888.SS
607,601899.SH,601899,parse_ok,601899.SH,601899.SS
608,601939.SH,601939,parse_ok,601939.SH,601939.SS
609,601992.SH,601992,parse_ok,601992.SH,601992.SS
610,603019.SH,603019,parse_ok,603019.SH,603019.SS
611,603337.SH,603337,parse_ok,603337.SH,603337.SS
612,603588.SH,603588,parse_ok,603588.SH,603588.SS
613,603595.SH,603595,parse_ok,603595.SH,603595.SS
614,603659.SH,603659,parse_ok,603659.SH,603659.SS
615,603680.SH,603680,parse_ok,603680.SH,603680.SS
616,603737.SH,603737,parse_ok,603737.SH,603737.SS
617,603773.SH,603773,parse_ok,603773.SH,603773.SS
618,603993.SH,603993,parse_ok,603993.SH,603993.SS
619,601328.SH,601328,parse_ok,601328.SH,601328.SS
620,601398.SH,601398,parse_ok,601398.SH,601398.SS
621,000063.SZ,000063,parse_ok,000063.SZ,000063.SZ
622,000100.SZ,000100,parse_ok,000100.SZ,000100.SZ
623,000825.SZ,000825,parse_ok,000825.SZ,000825.SZ
624,002202.SZ,002202,parse_ok,002202.SZ,002202.SZ
625,002415.SZ,002415,parse_ok,002415.SZ,002415.SZ
626,002916.SZ,002916,parse_ok,002916.SZ,002916.SZ
627,300750.SZ,300750,parse_ok,300750.SZ,300750.SZ
628,600089.SH,600089,parse_ok,600089.SH,600089.SS
629,600115.SH,600115,parse_ok,600115.SH,600115.SS
630,600377.SH,600377,parse_ok,600377.SH,600377.SS
631,600600.SH,600600,parse_ok,600600.SH,600600.SS
632,601138.SH,601138,parse_ok,601138.SH,601138.SS
633,601601.SH,601601,parse_ok,601601.SH,601601.SS
634,601607.SH,601607,parse_ok,601607.SH,601607.SS
635,601618.SH,601618,parse_ok,601618.SH,601618.SS
636,601808.SH,601808,parse_ok,601808.SH,601808.SS
637,601991.SH,601991,parse_ok,601991.SH,601991.SS
638,2611.HK / 601211.SH,2611 / 601211,parse_ok,2611.HK | 601211.SH,2611.HK | 601211.SS
639,600018.SH,600018,parse_ok,600018.SH,600018.SS
640,0788.HK,788,parse_ok,0788.HK,0788.HK
641,1339.HK / 601319.SH,1339 / 601319,parse_ok,1339.HK | 601319.SH,1339.HK | 601319.SS
642,000063.SZ,000063,parse_ok,000063.SZ,000063.SZ
643,002027.SZ,002027,parse_ok,002027.SZ,002027.SZ
644,600029.SH,600029,parse_ok,600029.SH,600029.SS
645,600115.SH,600115,parse_ok,600115.SH,600115.SS
646,601018.SH,601018,parse_ok,601018.SH,601018.SS
647,601600.SH,601600,parse_ok,601600.SH,601600.SS
648,000338.SZ,000338,parse_ok,000338.SZ,000338.SZ
649,000538.SZ,000538,parse_ok,000538.SZ,000538.SZ
650,002304.SZ,002304,parse_ok,002304.SZ,002304.SZ
651,300498.SZ,300498,parse_ok,300498.SZ,300498.SZ
652,300760.SZ,300760,parse_ok,300760.SZ,300760.SZ
653,600196.SH,600196,parse_ok,600196.SH,600196.SS
654,600276.SH,600276,parse_ok,600276.SH,600276.SS
655,600887.SH,600887,parse_ok,600887.SH,600887.SS
656,601360.SH,601360,parse_ok,601360.SH,601360.SS
657,601607.SH,601607,parse_ok,601607.SH,601607.SS
658,603993.SH,603993,parse_ok,603993.SH,603993.SS
659,000063.SZ,000063,parse_ok,000063.SZ,000063.SZ
660,000625.SZ,000625,parse_ok,000625.SZ,000625.SZ
661,600068.SH,600068,parse_ok,600068.SH,600068.SS
662,600221.SH,600221,parse_ok,600221.SH,600221.SS
663,601018.SH,601018,parse_ok,601018.SH,601018.SS
664,601600.SH,601600,parse_ok,601600.SH,601600.SS
665,601881.SH,601881,parse_ok,601881.SH,601881.SS
666,601992.SH,601992,parse_ok,601992.SH,601992.SS
667,300498.SZ,300498,parse_ok,300498.SZ,300498.SZ
668,300750.SZ,300750,parse_ok,300750.SZ,300750.SZ
669,600031.SH,600031,parse_ok,600031.SH,600031.SS
670,600346.SH,600346,parse_ok,600346.SH,600346.SS
671,600406.SH,600406,parse_ok,600406.SH,600406.SS
672,601155.SH,601155,parse_ok,601155.SH,601155.SS
673,601319.SH,601319,parse_ok,601319.SH,601319.SS
674,601888.SH,601888,parse_ok,601888.SH,601888.SS
675,0489.HK,489,parse_ok,0489.HK,0489.HK
676,1359.HK,1359,parse_ok,1359.HK,1359.HK
677,2238.HK,2238,parse_ok,2238.HK,2238.HK
678,2799.HK,2799,parse_ok,2799.HK,2799.HK
679,6886.HK,6886,parse_ok,6886.HK,6886.HK
680,0151.HK,151,parse_ok,0151.HK,0151.HK
681,0175.HK,175,parse_ok,0175.HK,0175.HK
682,0656.HK,656,parse_ok,0656.HK,0656.HK
683,0966.HK,966,parse_ok,0966.HK,0966.HK
684,1918.HK,1918,parse_ok,1918.HK,1918.HK
685,0045.HK,45,parse_ok,0045.HK,0045.HK
686,0127.HK,127,parse_ok,0127.HK,0127.HK
687,0511.HK,511,parse_ok,0511.HK,0511.HK
688,0582.HK,582,parse_ok,0582.HK,0582.HK
689,0691.HK,691,parse_ok,0691.HK,0691.HK
690,1141.HK,1141,parse_ok,1141.HK,1141.HK
691,1515.HK,1515,parse_ok,1515.HK,1515.HK
692,1992.HK,1992,parse_ok,1992.HK,1992.HK
693,2038.HK,2038,parse_ok,2038.HK,2038.HK
694,2356.HK,2356,parse_ok,2356.HK,2356.HK
695,2888.HK,2888,parse_ok,2888.HK,2888.HK
696,6099.HK,6099,parse_ok,6099.HK,6099.HK
697,0667.HK,667,parse_ok,0667.HK,0667.HK
698,1579.HK,1579,parse_ok,1579.HK,1579.HK
699,1717.HK,1717,parse_ok,1717.HK,1717.HK
700,1951.HK,1951,parse_ok,1951.HK,1951.HK
701,3301.HK,3301,parse_ok,3301.HK,3301.HK
702,3692.HK,3692,parse_ok,3692.HK,3692.HK
703,3883.HK,3883,parse_ok,3883.HK,3883.HK
704,3990.HK,3990,parse_ok,3990.HK,3990.HK
705,3998.HK,3998,parse_ok,3998.HK,3998.HK
706,0045.HK,45,parse_ok,0045.HK,0045.HK
707,0163.HK,163,parse_ok,0163.HK,0163.HK
708,0168.HK,168,parse_ok,0168.HK,0168.HK
709,0215.HK,215,parse_ok,0215.HK,0215.HK
710,0288.HK,288,parse_ok,0288.HK,0288.HK
711,0316.HK,316,parse_ok,0316.HK,0316.HK
712,0330.HK,330,parse_ok,0330.HK,0330.HK
713,0517.HK,517,parse_ok,0517.HK,0517.HK
714,0737.HK,737,parse_ok,0737.HK,0737.HK
715,0787.HK,787,parse_ok,0787.HK,0787.HK
716,1199.HK,1199,parse_ok,1199.HK,1199.HK
717,1208.HK,1208,parse_ok,1208.HK,1208.HK
718,0020.HK,20,parse_ok,0020.HK,0020.HK
719,0052.HK,52,parse_ok,0052.HK,0052.HK
720,0123.HK,123,parse_ok,0123.HK,0123.HK
721,0586.HK,586,parse_ok,0586.HK,0586.HK
722,0808.HK,808,parse_ok,0808.HK,0808.HK
723,1070.HK,1070,parse_ok,1070.HK,1070.HK
724,1099.HK,1099,parse_ok,1099.HK,1099.HK
725,1333.HK,1333,parse_ok,1333.HK,1333.HK
726,3396.HK,3396,parse_ok,3396.HK,3396.HK
727,3883.HK,3883,parse_ok,3883.HK,3883.HK
728,3988.HK,3988,parse_ok,3988.HK,3988.HK
729,0316.HK,316,parse_ok,0316.HK,0316.HK
730,0941.HK,941,parse_ok,0941.HK,0941.HK
731,0345.HK,345,parse_ok,0345.HK,0345.HK
732,1299.HK,1299,parse_ok,1299.HK,1299.HK
733,1772.HK / 002460.SZ,1772 / 002460,parse_ok,1772.HK | 002460.SZ,1772.HK | 002460.SZ
734,0548.HK / 600548.SH,548 / 600548,parse_ok,0548.HK | 600548.SH,0548.HK | 600548.SS
735,0598.HK / 601598.SH,598 / 601598,parse_ok,0598.HK | 601598.SH,0598.HK | 601598.SS
736,0921.HK / 000921.SZ,921 / 000921,parse_ok,0921.HK | 000921.SZ,0921.HK | 000921.SZ
737,1157.HK / 000157.SZ,1157 / 000157,parse_ok,1157.HK | 000157.SZ,1157.HK | 000157.SZ
738,1528.HK / 601828.SH,1528 / 601828,parse_ok,1528.HK | 601828.SH,1528.HK | 601828.SS
739,2611.HK / 601211.SH,2611 / 601211,parse_ok,2611.HK | 601211.SH,2611.HK | 601211.SS
740,3958.HK / 600958.SH,3958 / 600958,parse_ok,3958.HK | 600958.SH,3958.HK | 600958.SS
741,6066.HK / 601066.SH,6066 / 601066,parse_ok,6066.HK | 601066.SH,6066.HK | 601066.SS
742,6178.HK / 601788.SH,6178 / 601788,parse_ok,6178.HK | 601788.SH,6178.HK | 601788.SS
743,6806.HK / 000166.SZ,6806 / 000166,parse_ok,6806.HK | 000166.SZ,6806.HK | 000166.SZ
744,6865.HK / 601865.SH,6865 / 601865,parse_ok,6865.HK | 601865.SH,6865.HK | 601865.SS
745,0390.HK,390,parse_ok,0390.HK,0390.HK
746,3323.HK,3323,parse_ok,3323.HK,3323.HK
747,1177.HK,1177,parse_ok,1177.HK,1177.HK
748,1193.HK,1193,parse_ok,1193.HK,1193.HK
749,2772.HK,2772,parse_ok,2772.HK,2772.HK
750,0914.HK,914,parse_ok,0914.HK,0914.HK
751,1109.HK,1109,parse_ok,1109.HK,1109.HK
752,603288.SH,603288,parse_ok,603288.SH,603288.SS
753,600010.SH,600010,parse_ok,600010.SH,600010.SS
754,601360.SH,601360,parse_ok,601360.SH,601360.SS
755,601390.SH,601390,parse_ok,601390.SH,601390.SS
756,0586.HK,586,parse_ok,0586.HK,0586.HK
757,2382.HK,2382,parse_ok,2382.HK,2382.HK
758,1339.HK,1339,parse_ok,1339.HK,1339.HK
759,1766.HK,1766,parse_ok,1766.HK,1766.HK
760,0116.HK,116,parse_ok,0116.HK,0116.HK
761,0120.HK,120,parse_ok,0120.HK,0120.HK
762,0302.HK,302,parse_ok,0302.HK,0302.HK
763,0697.HK,697,parse_ok,0697.HK,0697.HK
764,0826.HK,826,parse_ok,0826.HK,0826.HK
765,1268.HK,1268,parse_ok,1268.HK,1268.HK
766,1282.HK,1282,parse_ok,1282.HK,1282.HK
767,1286.HK,1286,parse_ok,1286.HK,1286.HK
768,1691.HK,1691,parse_ok,1691.HK,1691.HK
769,1789.HK,1789,parse_ok,1789.HK,1789.HK
770,1836.HK,1836,parse_ok,1836.HK,1836.HK
771,1873.HK,1873,parse_ok,1873.HK,1873.HK
772,1881.HK,1881,parse_ok,1881.HK,1881.HK
773,2048.HK,2048,parse_ok,2048.HK,2048.HK
774,2103.HK,2103,parse_ok,2103.HK,2103.HK
775,2400.HK,2400,parse_ok,2400.HK,2400.HK
776,3319.HK,3319,parse_ok,3319.HK,3319.HK
777,3331.HK,3331,parse_ok,3331.HK,3331.HK
778,6049.HK,6049,parse_ok,6049.HK,6049.HK
779,6069.HK,6069,parse_ok,6069.HK,6069.HK
780,6110.HK,6110,parse_ok,6110.HK,6110.HK
781,6186.HK,6186,parse_ok,6186.HK,6186.HK
782,0052.HK,52,parse_ok,0052.HK,0052.HK
783,0321.HK,321,parse_ok,0321.HK,0321.HK
784,0400.HK,400,parse_ok,0400.HK,0400.HK
785,0439.HK,439,parse_ok,0439.HK,0439.HK
786,0508.HK,508,parse_ok,0508.HK,0508.HK
787,0511.HK,511,parse_ok,0511.HK,0511.HK
788,0512.HK,512,parse_ok,0512.HK,0512.HK
789,0579.HK,579,parse_ok,0579.HK,0579.HK
790,0699.HK,699,parse_ok,0699.HK,0699.HK
791,0860.HK,860,parse_ok,0860.HK,0860.HK
792,0931.HK,931,parse_ok,0931.HK,0931.HK
793,0950.HK,950,parse_ok,0950.HK,0950.HK
794,0951.HK,951,parse_ok,0951.HK,0951.HK
795,1086.HK,1086,parse_ok,1086.HK,1086.HK
796,1361.HK,1361,parse_ok,1361.HK,1361.HK
797,1680.HK,1680,parse_ok,1680.HK,1680.HK
798,1916.HK,1916,parse_ok,1916.HK,1916.HK
799,1980.HK,1980,parse_ok,1980.HK,1980.HK
800,2099.HK,2099,parse_ok,2099.HK,2099.HK
801,2232.HK,2232,parse_ok,2232.HK,2232.HK
802,2866.HK,2866,parse_ok,2866.HK,2866.HK
803,3329.HK,3329,parse_ok,3329.HK,3329.HK
804,6100.HK,6100,parse_ok,6100.HK,6100.HK
805,6828.HK,6828,parse_ok,6828.HK,6828.HK
806,6889.HK,6889,parse_ok,6889.HK,6889.HK
807,87001.HK,87001,parse_ok,87001.HK,87001.HK
808,000555.SZ,555,parse_ok,000555.SZ,000555.SZ
809,000967.SZ,967,parse_ok,000967.SZ,000967.SZ
810,300602.SZ,300602,parse_ok,300602.SZ,300602.SZ
811,300770.SZ,300770,parse_ok,300770.SZ,300770.SZ
812,3319.HK,3319,parse_ok,3319.HK,3319.HK
813,3331.HK,3331,parse_ok,3331.HK,3331.HK
814,603983.SH,603983,parse_ok,603983.SH,603983.SS
815,6049.HK,6049,parse_ok,6049.HK,6049.HK
816,6055.HK,6055,parse_ok,6055.HK,6055.HK
817,000008.SZ,8,parse_ok,000008.SZ,000008.SZ
818,000036.SZ,36,parse_ok,000036.SZ,000036.SZ
819,002016.SZ,2016,parse_ok,002016.SZ,002016.SZ
820,0178.HK,178,parse_ok,0178.HK,0178.HK
821,0511.HK,511,parse_ok,0511.HK,0511.HK
822,0751.HK,751,parse_ok,0751.HK,0751.HK
823,3933.HK,3933,parse_ok,3933.HK,3933.HK
824,600499.SH,600499,parse_ok,600499.SH,600499.SS
825,603898.SH,603898,parse_ok,603898.SH,603898.SS
826,0762.HK,762,parse_ok,0762.HK,0762.HK
827,0813.HK,813,parse_ok,0813.HK,0813.HK
828,2319.HK,2319,parse_ok,2319.HK,2319.HK
829,1336.HK,1336,parse_ok,1336.HK,1336.HK
830,1800.HK,1800,parse_ok,1800.HK,1800.HK
831,6837.HK,6837,parse_ok,6837.HK,6837.HK
832,002371.SZ,2371,parse_ok,002371.SZ,002371.SZ
833,002594.SZ,2594,parse_ok,002594.SZ,002594.SZ
834,300124.SZ,300124,parse_ok,300124.SZ,300124.SZ
835,600028.SH,600028,parse_ok,600028.SH,600028.SS
836,600183.SH,600183,parse_ok,600183.SH,600183.SS
837,601231.SH,601231,parse_ok,601231.SH,601231.SS
838,601727.SH,601727,parse_ok,601727.SH,601727.SS
839,603019.SH,603019,parse_ok,603019.SH,603019.SS
840,000825.SZ,825,parse_ok,000825.SZ,000825.SZ
841,002415.SZ,2415,parse_ok,002415.SZ,002415.SZ
842,002916.SZ,2916,parse_ok,002916.SZ,002916.SZ
843,600089.SH,600089,parse_ok,600089.SH,600089.SS
844,601601.SH,601601,parse_ok,601601.SH,601601.SS
845,601607.SH,601607,parse_ok,601607.SH,601607.SS
846,601618.SH,601618,parse_ok,601618.SH,601618.SS
847,601991.SH,601991,parse_ok,601991.SH,601991.SS
848,300760.SZ,300760,parse_ok,300760.SZ,300760.SZ
849,3690.HK,3690,parse_ok,3690.HK,3690.HK
850,601816.SH,601816,parse_ok,601816.SH,601816.SS
851,9988.HK,9988,parse_ok,9988.HK,9988.HK
852,0762.HK,762,parse_ok,0762.HK,0762.HK
853,1800.HK,1800,parse_ok,1800.HK,1800.HK
854,2328.HK,2328,parse_ok,2328.HK,2328.HK
855,600050.SH,600050,parse_ok,600050.SH,600050.SS
856,600887.SH,600887,parse_ok,600887.SH,600887.SS
857,003816.SZ,3816,parse_ok,003816.SZ,003816.SZ
858,600031.SH,600031,parse_ok,600031.SH,600031.SS
859,600188.SH,600188,parse_ok,600188.SH,600188.SS
860,600346.SH,600346,parse_ok,600346.SH,600346.SS
861,600585.SH,600585,parse_ok,600585.SH,600585.SS
862,600606.SH,600606,parse_ok,600606.SH,600606.SS
863,601698.SH,601698,parse_ok,601698.SH,601698.SS
864,601816.SH,601816,parse_ok,601816.SH,601816.SS
865,603259.SH,603259,parse_ok,603259.SH,603259.SS
866,000338.SZ,338,parse_ok,000338.SZ,000338.SZ
867,600023.SH,600023,parse_ok,600023.SH,600023.SS
868,600118.SH,600118,parse_ok,600118.SH,600118.SS
869,600688.SH,600688,parse_ok,600688.SH,600688.SS
870,601111.SH,601111,parse_ok,601111.SH,601111.SS
871,601186.SH,601186,parse_ok,601186.SH,601186.SS
872,601607.SH,601607,parse_ok,601607.SH,601607.SS
873,601898.SH,601898,parse_ok,601898.SH,601898.SS
874,002475.SZ,2475,parse_ok,002475.SZ,002475.SZ
875,003816.SZ,3816,parse_ok,003816.SZ,003816.SZ
876,600276.SH,600276,parse_ok,600276.SH,600276.SS
877,601658.SH,601658,parse_ok,601658.SH,601658.SS
878,601816.SH,601816,parse_ok,601816.SH,601816.SS
879,601916.SH,601916,parse_ok,601916.SH,601916.SS
880,603288.SH,603288,parse_ok,603288.SH,603288.SS
881,600011.SH,600011,parse_ok,600011.SH,600011.SS
882,600023.SH,600023,parse_ok,600023.SH,600023.SS
883,600297.SH,600297,parse_ok,600297.SH,600297.SS
884,600362.SH,600362,parse_ok,600362.SH,600362.SS
885,600688.SH,600688,parse_ok,600688.SH,600688.SS
886,600795.SH,600795,parse_ok,600795.SH,600795.SS
887,601898.SH,601898,parse_ok,601898.SH,601898.SS
888,1810.HK,1810,parse_ok,1810.HK,1810.HK
889,3690.HK,3690,parse_ok,3690.HK,3690.HK
890,9988.HK,9988,parse_ok,9988.HK,9988.HK
891,1099.HK,1099,parse_ok,1099.HK,1099.HK
892,1211.HK,1211,parse_ok,1211.HK,1211.HK
893,6030.HK,6030,parse_ok,6030.HK,6030.HK
894,0035.HK,35,parse_ok,0035.HK,0035.HK
895,0041.HK,41,parse_ok,0041.HK,0041.HK
896,0699.HK,699,parse_ok,0699.HK,0699.HK
897,1141.HK,1141,parse_ok,1141.HK,1141.HK
898,1475.HK,1475,parse_ok,1475.HK,1475.HK
899,1675.HK,1675,parse_ok,1675.HK,1675.HK
900,1773.HK,1773,parse_ok,1773.HK,1773.HK
901,1801.HK,1801,parse_ok,1801.HK,1801.HK
902,1817.HK,1817,parse_ok,1817.HK,1817.HK
903,1995.HK,1995,parse_ok,1995.HK,1995.HK
904,2342.HK,2342,parse_ok,2342.HK,2342.HK
905,2356.HK,2356,parse_ok,2356.HK,2356.HK
906,2500.HK,2500,parse_ok,2500.HK,2500.HK
907,3759.HK,3759,parse_ok,3759.HK,3759.HK
908,3813.HK,3813,parse_ok,3813.HK,3813.HK
909,6078.HK,6078,parse_ok,6078.HK,6078.HK
910,6099.HK,6099,parse_ok,6099.HK,6099.HK
911,6160.HK,6160,parse_ok,6160.HK,6160.HK
912,6185.HK,6185,parse_ok,6185.HK,6185.HK
913,6855.HK,6855,parse_ok,6855.HK,6855.HK
914,6889.HK,6889,parse_ok,6889.HK,6889.HK
915,9909.HK,9909,parse_ok,9909.HK,9909.HK
916,9922.HK,9922,parse_ok,9922.HK,9922.HK
917,9923.HK,9923,parse_ok,9923.HK,9923.HK
918,9926.HK,9926,parse_ok,9926.HK,9926.HK
919,9928.HK,9928,parse_ok,9928.HK,9928.HK
920,9966.HK,9966,parse_ok,9966.HK,9966.HK
921,9968.HK,9968,parse_ok,9968.HK,9968.HK
922,9969.HK,9969,parse_ok,9969.HK,9969.HK
923,9983.HK,9983,parse_ok,9983.HK,9983.HK
924,9996.HK,9996,parse_ok,9996.HK,9996.HK
925,9997.HK,9997,parse_ok,9997.HK,9997.HK
926,0078.HK,78,parse_ok,0078.HK,0078.HK
927,0317.HK,317,parse_ok,0317.HK,0317.HK
928,0451.HK,451,parse_ok,0451.HK,0451.HK
929,0525.HK,525,parse_ok,0525.HK,0525.HK
930,0582.HK,582,parse_ok,0582.HK,0582.HK
931,0607.HK,607,parse_ok,0607.HK,0607.HK
932,0687.HK,687,parse_ok,0687.HK,0687.HK
933,0709.HK,709,parse_ok,0709.HK,0709.HK
934,0732.HK,732,parse_ok,0732.HK,0732.HK
935,0906.HK,906,parse_ok,0906.HK,0906.HK
936,1131.HK,1131,parse_ok,1131.HK,1131.HK
937,1205.HK,1205,parse_ok,1205.HK,1205.HK
938,1286.HK,1286,parse_ok,1286.HK,1286.HK
939,1681.HK,1681,parse_ok,1681.HK,1681.HK
940,1806.HK,1806,parse_ok,1806.HK,1806.HK
941,1905.HK,1905,parse_ok,1905.HK,1905.HK
942,2003.HK,2003,parse_ok,2003.HK,2003.HK
943,2051.HK,2051,parse_ok,2051.HK,2051.HK
944,2255.HK,2255,parse_ok,2255.HK,2255.HK
945,2280.HK,2280,parse_ok,2280.HK,2280.HK
946,2362.HK,2362,parse_ok,2362.HK,2362.HK
947,3382.HK,3382,parse_ok,3382.HK,3382.HK
948,3983.HK,3983,parse_ok,3983.HK,3983.HK
949,0008.HK,8,parse_ok,0008.HK,0008.HK
950,0659.HK,659,parse_ok,0659.HK,0659.HK
951,2319.HK,2319,parse_ok,2319.HK,2319.HK
952,0014.HK,14,parse_ok,0014.HK,0014.HK
953,0069.HK,69,parse_ok,0069.HK,0069.HK
954,1109.HK,1109,parse_ok,1109.HK,1109.HK
955,0148.HK,148,parse_ok,0148.HK,0148.HK
956,0288.HK,288,parse_ok,0288.HK,0288.HK
957,0384.HK,384,parse_ok,0384.HK,0384.HK
958,0659.HK,659,parse_ok,0659.HK,0659.HK
959,0836.HK,836,parse_ok,0836.HK,0836.HK
960,2319.HK,2319,parse_ok,2319.HK,2319.HK
961,2688.HK,2688,parse_ok,2688.HK,2688.HK
962,0175.HK,175,parse_ok,0175.HK,0175.HK
963,0390.HK,390,parse_ok,0390.HK,0390.HK
964,1112.HK,1112,parse_ok,1112.HK,1112.HK
965,1316.HK,1316,parse_ok,1316.HK,1316.HK
966,1658.HK,1658,parse_ok,1658.HK,1658.HK
967,3377.HK,3377,parse_ok,3377.HK,3377.HK
968,3988.HK,3988,parse_ok,3988.HK,3988.HK
969,1810.HK,1810,parse_ok,1810.HK,1810.HK
970,2269.HK,2269,parse_ok,2269.HK,2269.HK
971,9988.HK,9988,parse_ok,9988.HK,9988.HK
972,0083.HK,83,parse_ok,0083.HK,0083.HK
973,0151.HK,151,parse_ok,0151.HK,0151.HK
974,1088.HK,1088,parse_ok,1088.HK,1088.HK
975,002243.SZ,2243,parse_ok,002243.SZ,002243.SZ
976,002791.SZ,2791,parse_ok,002791.SZ,002791.SZ
977,0041.HK,41,parse_ok,0041.HK,0041.HK
978,1268.HK,1268,parse_ok,1268.HK,1268.HK
979,2039.HK,2039,parse_ok,2039.HK,2039.HK
980,2356.HK,2356,parse_ok,2356.HK,2356.HK
981,600143.SH,600143,parse_ok,600143.SH,600143.SS
982,9922.HK,9922,parse_ok,9922.HK,9922.HK
983,9926.HK,9926,parse_ok,9926.HK,9926.HK
984,002168.SZ,2168,parse_ok,002168.SZ,002168.SZ
985,002475.SZ,2475,parse_ok,002475.SZ,002475.SZ
986,002482.SZ,2482,parse_ok,002482.SZ,002482.SZ
987,002815.SZ,2815,parse_ok,002815.SZ,002815.SZ
988,0215.HK,215,parse_ok,0215.HK,0215.HK
989,0308.HK,308,parse_ok,0308.HK,0308.HK
990,0315.HK,315,parse_ok,0315.HK,0315.HK
991,300297.SZ,300297,parse_ok,300297.SZ,300297.SZ
992,300633.SZ,300633,parse_ok,300633.SZ,300633.SZ
993,0241.HK,241,parse_ok,0241.HK,0241.HK
994,0688.HK,688,parse_ok,0688.HK,0688.HK
995,0981.HK,981,parse_ok,0981.HK,0981.HK
996,3333.HK,3333,parse_ok,3333.HK,3333.HK
997,3692.HK,3692,parse_ok,3692.HK,3692.HK
998,6186.HK,6186,parse_ok,6186.HK,6186.HK
999,6862.HK,6862,parse_ok,6862.HK,6862.HK
1000,9618.HK,9618,parse_ok,9618.HK,9618.HK
1001,9999.HK,9999,parse_ok,9999.HK,9999.HK
1002,0151.HK,151,parse_ok,0151.HK,0151.HK
1003,0656.HK,656,parse_ok,0656.HK,0656.HK
1004,0728.HK,728,parse_ok,0728.HK,0728.HK
1005,0966.HK,966,parse_ok,0966.HK,0966.HK
1006,0998.HK,998,parse_ok,0998.HK,0998.HK
1007,1088.HK,1088,parse_ok,1088.HK,1088.HK
1008,1988.HK,1988,parse_ok,1988.HK,1988.HK
1009,2202.HK,2202,parse_ok,2202.HK,2202.HK
1010,2328.HK,2328,parse_ok,2328.HK,2328.HK
1011,0909.HK,909,parse_ok,0909.HK,0909.HK
1012,1179.HK,1179,parse_ok,1179.HK,1179.HK
1013,2057.HK,2057,parse_ok,2057.HK,2057.HK
1014,9668.HK,9668,parse_ok,9668.HK,9668.HK
1015,9688.HK,9688,parse_ok,9688.HK,9688.HK
1016,9987.HK,9987,parse_ok,9987.HK,9987.HK
1017,9990.HK,9990,parse_ok,9990.HK,9990.HK
1018,1876.HK,1876,parse_ok,1876.HK,1876.HK
1019,2020.HK,2020,parse_ok,2020.HK,2020.HK
1020,3690.HK,3690,parse_ok,3690.HK,3690.HK
1021,0019.HK,19,parse_ok,0019.HK,0019.HK
1022,0909.HK,909,parse_ok,0909.HK,0909.HK
1023,9990.HK,9990,parse_ok,9990.HK,9990.HK
1024,0136.HK,136,parse_ok,0136.HK,0136.HK
1025,0777.HK,777,parse_ok,0777.HK,0777.HK
1026,002475.SZ,2475,parse_ok,002475.SZ,002475.SZ
1027,1810.HK,1810,parse_ok,1810.HK,1810.HK
1028,300750.SZ,300750,parse_ok,300750.SZ,300750.SZ
1029,300999.SZ,300999,parse_ok,300999.SZ,300999.SZ
1030,601888.SH,601888,parse_ok,601888.SH,601888.SS
1031,9618.HK,9618,parse_ok,9618.HK,9618.HK
1032,9633.HK,9633,parse_ok,9633.HK,9633.HK
1033,9999.HK,9999,parse_ok,9999.HK,9999.HK
1034,0267.HK,267,parse_ok,0267.HK,0267.HK
1035,0728.HK,728,parse_ok,0728.HK,0728.HK
1036,1109.HK,1109,parse_ok,1109.HK,1109.HK
1037,1766.HK,1766,parse_ok,1766.HK,1766.HK
1038,2007.HK,2007,parse_ok,2007.HK,2007.HK
1039,3333.HK,3333,parse_ok,3333.HK,3333.HK
1040,601668.SH,601668,parse_ok,601668.SH,601668.SS
1041,6818.HK,6818,parse_ok,6818.HK,6818.HK
1042,6098.HK,6098,parse_ok,6098.HK,6098.HK
1043,9633.HK,9633,parse_ok,9633.HK,9633.HK
1044,0586.HK,586,parse_ok,0586.HK,0586.HK
1045,0857.HK,857,parse_ok,0857.HK,0857.HK
1046,1044.HK,1044,parse_ok,1044.HK,1044.HK
1047,1193.HK,1193,parse_ok,1193.HK,1193.HK
1048,0775.HK,775,parse_ok,0775.HK,0775.HK
1049,0873.HK,873,parse_ok,0873.HK,0873.HK
1050,1167.HK,1167,parse_ok,1167.HK,1167.HK
1051,1209.HK,1209,parse_ok,1209.HK,1209.HK
1052,1477.HK,1477,parse_ok,1477.HK,1477.HK
1053,1516.HK,1516,parse_ok,1516.HK,1516.HK
1054,1755.HK,1755,parse_ok,1755.HK,1755.HK
1055,1769.HK,1769,parse_ok,1769.HK,1769.HK
1056,1772.HK,1772,parse_ok,1772.HK,1772.HK
1057,1821.HK,1821,parse_ok,1821.HK,1821.HK
1058,1877.HK,1877,parse_ok,1877.HK,1877.HK
1059,1952.HK,1952,parse_ok,1952.HK,1952.HK
1060,1981.HK,1981,parse_ok,1981.HK,1981.HK
1061,1992.HK,1992,parse_ok,1992.HK,1992.HK
1062,2096.HK,2096,parse_ok,2096.HK,2096.HK
1063,2126.HK,2126,parse_ok,2126.HK,2126.HK
1064,2142.HK,2142,parse_ok,2142.HK,2142.HK
1065,2148.HK,2148,parse_ok,2148.HK,2148.HK
1066,2599.HK,2599,parse_ok,2599.HK,2599.HK
1067,2798.HK,2798,parse_ok,2798.HK,2798.HK
1068,3347.HK,3347,parse_ok,3347.HK,3347.HK
1069,3913.HK,3913,parse_ok,3913.HK,3913.HK
1070,6100.HK,6100,parse_ok,6100.HK,6100.HK
1071,6666.HK,6666,parse_ok,6666.HK,6666.HK
1072,6690.HK,6690,parse_ok,6690.HK,6690.HK
1073,6988.HK,6988,parse_ok,6988.HK,6988.HK
1074,6989.HK,6989,parse_ok,6989.HK,6989.HK
1075,6993.HK,6993,parse_ok,6993.HK,6993.HK
1076,6996.HK,6996,parse_ok,6996.HK,6996.HK
1077,6998.HK,6998,parse_ok,6998.HK,6998.HK
1078,9666.HK,9666,parse_ok,9666.HK,9666.HK
1079,9698.HK,9698,parse_ok,9698.HK,9698.HK
1080,9991.HK,9991,parse_ok,9991.HK,9991.HK
1081,9992.HK,9992,parse_ok,9992.HK,9992.HK
1082,9993.HK,9993,parse_ok,9993.HK,9993.HK
1083,9995.HK,9995,parse_ok,9995.HK,9995.HK
1084,0035.HK,35,parse_ok,0035.HK,0035.HK
1085,0041.HK,41,parse_ok,0041.HK,0041.HK
1086,0120.HK,120,parse_ok,0120.HK,0120.HK
1087,0178.HK,178,parse_ok,0178.HK,0178.HK
1088,0323.HK,323,parse_ok,0323.HK,0323.HK
1089,0327.HK,327,parse_ok,0327.HK,0327.HK
1090,0347.HK,347,parse_ok,0347.HK,0347.HK
1091,0467.HK,467,parse_ok,0467.HK,0467.HK
1092,0468.HK,468,parse_ok,0468.HK,0468.HK
1093,0496.HK,496,parse_ok,0496.HK,0496.HK
1094,0563.HK,563,parse_ok,0563.HK,0563.HK
1095,0598.HK,598,parse_ok,0598.HK,0598.HK
1096,0686.HK,686,parse_ok,0686.HK,0686.HK
1097,0698.HK,698,parse_ok,0698.HK,0698.HK
1098,0808.HK,808,parse_ok,0808.HK,0808.HK
1099,0973.HK,973,parse_ok,0973.HK,0973.HK
1100,1071.HK,1071,parse_ok,1071.HK,1071.HK
1101,1269.HK,1269,parse_ok,1269.HK,1269.HK
1102,1293.HK,1293,parse_ok,1293.HK,1293.HK
1103,1528.HK,1528,parse_ok,1528.HK,1528.HK
1104,1618.HK,1618,parse_ok,1618.HK,1618.HK
1105,1666.HK,1666,parse_ok,1666.HK,1666.HK
1106,1728.HK,1728,parse_ok,1728.HK,1728.HK
1107,1881.HK,1881,parse_ok,1881.HK,1881.HK
1108,1970.HK,1970,parse_ok,1970.HK,1970.HK
1109,2009.HK,2009,parse_ok,2009.HK,2009.HK
1110,3306.HK,3306,parse_ok,3306.HK,3306.HK
1111,6889.HK,6889,parse_ok,6889.HK,6889.HK
1112,9668.HK,9668,parse_ok,9668.HK,9668.HK
1113,0241.HK,241,parse_ok,0241.HK,0241.HK
1114,0960.HK,960,parse_ok,0960.HK,0960.HK
1115,6862.HK,6862,parse_ok,6862.HK,6862.HK
1116,002351.SZ,2351,parse_ok,002351.SZ,002351.SZ
1117,002850.SZ,2850,parse_ok,002850.SZ,002850.SZ
1118,002967.SZ,2967,parse_ok,002967.SZ,002967.SZ
1119,0909.HK,909,parse_ok,0909.HK,0909.HK
1120,1209.HK,1209,parse_ok,1209.HK,1209.HK
1121,1999.HK,1999,parse_ok,1999.HK,1999.HK
1122,300348.SZ,300348,parse_ok,300348.SZ,300348.SZ
1123,300737.SZ,300737,parse_ok,300737.SZ,300737.SZ
1124,6666.HK,6666,parse_ok,6666.HK,6666.HK
1125,6993.HK,6993,parse_ok,6993.HK,6993.HK
1126,9923.HK,9923,parse_ok,9923.HK,9923.HK
1127,002047.SZ,2047,parse_ok,002047.SZ,002047.SZ
1128,002303.SZ,2303,parse_ok,002303.SZ,002303.SZ
1129,002611.SZ,2611,parse_ok,002611.SZ,002611.SZ
1130,002717.SZ,2717,parse_ok,002717.SZ,002717.SZ
1131,0041.HK,41,parse_ok,0041.HK,0041.HK
1132,0059.HK,59,parse_ok,0059.HK,0059.HK
1133,0440.HK,440,parse_ok,0440.HK,0440.HK
1134,0806.HK,806,parse_ok,0806.HK,0806.HK
1135,1383.HK,1383,parse_ok,1383.HK,1383.HK
1136,1668.HK,1668,parse_ok,1668.HK,1668.HK
1137,6690.HK,6690,parse_ok,6690.HK,6690.HK
1138,9698.HK,9698,parse_ok,9698.HK,9698.HK
1139,1478.HK,1478,parse_ok,1478.HK,1478.HK
1140,1896.HK,1896,parse_ok,1896.HK,1896.HK
1141,2400.HK,2400,parse_ok,2400.HK,2400.HK
1142,2858.HK,2858,parse_ok,2858.HK,2858.HK
1143,1211.HK,1211,parse_ok,1211.HK,1211.HK
1144,6666.HK,6666,parse_ok,6666.HK,6666.HK
1145,0270.HK,270,parse_ok,0270.HK,0270.HK
1146,0762.HK,762,parse_ok,0762.HK,0762.HK
1147,0788.HK,788,parse_ok,0788.HK,0788.HK
1148,2158.HK,2158,parse_ok,2158.HK,2158.HK
1149,2160.HK,2160,parse_ok,2160.HK,2160.HK
1150,2518.HK,2518,parse_ok,2518.HK,2518.HK
1151,6606.HK,6606,parse_ok,6606.HK,6606.HK
1152,0968.HK,968,parse_ok,0968.HK,0968.HK
1153,1211.HK,1211,parse_ok,1211.HK,1211.HK
1154,6098.HK,6098,parse_ok,6098.HK,6098.HK
1155,2518.HK,2518,parse_ok,2518.HK,2518.HK
1156,9626.HK,9626,parse_ok,9626.HK,9626.HK
1157,0763.HK,763,parse_ok,0763.HK,0763.HK
1158,6088.HK,6088,parse_ok,6088.HK,6088.HK
1159,9990.HK,9990,parse_ok,9990.HK,9990.HK
1160,001979.SZ,1979,parse_ok,001979.SZ,001979.SZ
1161,002460.SZ,2460,parse_ok,002460.SZ,002460.SZ
1162,002601.SZ,2601,parse_ok,002601.SZ,002601.SZ
1163,300274.SZ,300274,parse_ok,300274.SZ,300274.SZ
1164,600588.SH,600588,parse_ok,600588.SH,600588.SS
1165,600837.SH,600837,parse_ok,600837.SH,600837.SS
1166,600958.SH,600958,parse_ok,600958.SH,600958.SS
1167,601088.SH,601088,parse_ok,601088.SH,601088.SS
1168,300124.SZ,300124,parse_ok,300124.SZ,300124.SZ
1169,600183.SH,600183,parse_ok,600183.SH,600183.SS
1170,600377.SH,600377,parse_ok,600377.SH,600377.SS
1171,600690.SH,600690,parse_ok,600690.SH,600690.SS
1172,601727.SH,601727,parse_ok,601727.SH,601727.SS
1173,601808.SH,601808,parse_ok,601808.SH,601808.SS
1174,601988.SH,601988,parse_ok,601988.SH,601988.SS
1175,603019.SH,603019,parse_ok,603019.SH,603019.SS
1176,002714.SZ,2714,parse_ok,002714.SZ,002714.SZ
1177,1024.HK,1024,parse_ok,1024.HK,1024.HK
1178,1211.HK,1211,parse_ok,1211.HK,1211.HK
1179,601012.SH,601012,parse_ok,601012.SH,601012.SS
1180,6618.HK,6618,parse_ok,6618.HK,6618.HK
1181,9888.HK,9888,parse_ok,9888.HK,9888.HK
1182,0688.HK,688,parse_ok,0688.HK,0688.HK
1183,0788.HK,788,parse_ok,0788.HK,0788.HK
1184,0998.HK,998,parse_ok,0998.HK,0998.HK
1185,1339.HK,1339,parse_ok,1339.HK,1339.HK
1186,1988.HK,1988,parse_ok,1988.HK,1988.HK
1187,600104.SH,600104,parse_ok,600104.SH,600104.SS
1188,000063.SZ,63,parse_ok,000063.SZ,000063.SZ
1189,002475.SZ,2475,parse_ok,002475.SZ,002475.SZ
1190,300999.SZ,300999,parse_ok,300999.SZ,300999.SZ
1191,600690.SH,600690,parse_ok,600690.SH,600690.SS
1192,600905.SH,600905,parse_ok,600905.SH,600905.SS
1193,601808.SH,601808,parse_ok,601808.SH,601808.SS
1194,601888.SH,601888,parse_ok,601888.SH,601888.SS
1195,601919.SH,601919,parse_ok,601919.SH,601919.SS
1196,603501.SH,603501,parse_ok,603501.SH,603501.SS
1197,688981.SH,688981,parse_ok,688981.SH,688981.SS
1198,000725.SZ,725,parse_ok,000725.SZ,000725.SZ
1199,002024.SZ,2024,parse_ok,002024.SZ,002024.SZ
1200,002304.SZ,2304,parse_ok,002304.SZ,002304.SZ
1201,600018.SH,600018,parse_ok,600018.SH,600018.SS
1202,600188.SH,600188,parse_ok,600188.SH,600188.SS
1203,600606.SH,600606,parse_ok,600606.SH,600606.SS
1204,600703.SH,600703,parse_ok,600703.SH,600703.SS
1205,600795.SH,600795,parse_ok,600795.SH,600795.SS
1206,601006.SH,601006,parse_ok,601006.SH,601006.SS
1207,601360.SH,601360,parse_ok,601360.SH,601360.SS
1208,601816.SH,601816,parse_ok,601816.SH,601816.SS
1209,000063.SZ,63,parse_ok,000063.SZ,000063.SZ
1210,002493.SZ,2493,parse_ok,002493.SZ,002493.SZ
1211,002714.SZ,2714,parse_ok,002714.SZ,002714.SZ
1212,300760.SZ,300760,parse_ok,300760.SZ,300760.SZ
1213,300999.SZ,300999,parse_ok,300999.SZ,300999.SZ
1214,601012.SH,601012,parse_ok,601012.SH,601012.SS
1215,601066.SH,601066,parse_ok,601066.SH,601066.SS
1216,601919.SH,601919,parse_ok,601919.SH,601919.SS
1217,600029.SH,600029,parse_ok,600029.SH,600029.SS
1218,600115.SH,600115,parse_ok,600115.SH,600115.SS
1219,600188.SH,600188,parse_ok,600188.SH,600188.SS
1220,600340.SH,600340,parse_ok,600340.SH,600340.SS
1221,600383.SH,600383,parse_ok,600383.SH,600383.SS
1222,600886.SH,600886,parse_ok,600886.SH,600886.SS
1223,601111.SH,601111,parse_ok,601111.SH,601111.SS
1224,601607.SH,601607,parse_ok,601607.SH,601607.SS
1225,2331.HK,2331,parse_ok,2331.HK,2331.HK
1226,2618.HK,2618,parse_ok,2618.HK,2618.HK
1227,0813.HK,813,parse_ok,0813.HK,0813.HK
1228,0914.HK,914,parse_ok,0914.HK,0914.HK
1229,0013.HK,13,parse_ok,0013.HK,0013.HK
1230,0043.HK,43,parse_ok,0043.HK,0043.HK
1231,1137.HK,1137,parse_ok,1137.HK,1137.HK
1232,2150.HK,2150,parse_ok,2150.HK,2150.HK
1233,2171.HK,2171,parse_ok,2171.HK,2171.HK
1234,2362.HK,2362,parse_ok,2362.HK,2362.HK
1235,2616.HK,2616,parse_ok,2616.HK,2616.HK
1236,3738.HK,3738,parse_ok,3738.HK,3738.HK
1237,6600.HK,6600,parse_ok,6600.HK,6600.HK
1238,6601.HK,6601,parse_ok,6601.HK,6601.HK
1239,6608.HK,6608,parse_ok,6608.HK,6608.HK
1240,6699.HK,6699,parse_ok,6699.HK,6699.HK
1241,6865.HK,6865,parse_ok,6865.HK,6865.HK
1242,9858.HK,9858,parse_ok,9858.HK,9858.HK
1243,9939.HK,9939,parse_ok,9939.HK,9939.HK
1244,9959.HK,9959,parse_ok,9959.HK,9959.HK
1245,9961.HK,9961,parse_ok,9961.HK,9961.HK
1246,0315.HK,315,parse_ok,0315.HK,0315.HK
1247,0548.HK,548,parse_ok,0548.HK,0548.HK
1248,0874.HK,874,parse_ok,0874.HK,0874.HK
1249,0978.HK,978,parse_ok,0978.HK,0978.HK
1250,1119.HK,1119,parse_ok,1119.HK,1119.HK
1251,1138.HK,1138,parse_ok,1138.HK,1138.HK
1252,1383.HK,1383,parse_ok,1383.HK,1383.HK
1253,1508.HK,1508,parse_ok,1508.HK,1508.HK
1254,1558.HK,1558,parse_ok,1558.HK,1558.HK
1255,1569.HK,1569,parse_ok,1569.HK,1569.HK
1256,1778.HK,1778,parse_ok,1778.HK,1778.HK
1257,1817.HK,1817,parse_ok,1817.HK,1817.HK
1258,1848.HK,1848,parse_ok,1848.HK,1848.HK
1259,2329.HK,2329,parse_ok,2329.HK,2329.HK
1260,2386.HK,2386,parse_ok,2386.HK,2386.HK
1261,2768.HK,2768,parse_ok,2768.HK,2768.HK
1262,2877.HK,2877,parse_ok,2877.HK,2877.HK
1263,3836.HK,3836,parse_ok,3836.HK,3836.HK
1264,3958.HK,3958,parse_ok,3958.HK,3958.HK
1265,6166.HK,6166,parse_ok,6166.HK,6166.HK
1266,6806.HK,6806,parse_ok,6806.HK,6806.HK
1267,6869.HK,6869,parse_ok,6869.HK,6869.HK
1268,0066.HK,66,parse_ok,0066.HK,0066.HK
1269,0288.HK,288,parse_ok,0288.HK,0288.HK
1270,0941.HK,941,parse_ok,0941.HK,0941.HK
1271,1109.HK,1109,parse_ok,1109.HK,1109.HK
1272,1347.HK,1347,parse_ok,1347.HK,1347.HK
1273,1929.HK,1929,parse_ok,1929.HK,1929.HK
1274,2382.HK,2382,parse_ok,2382.HK,2382.HK
1275,0008.HK,8,parse_ok,0008.HK,0008.HK
1276,0019.HK,19,parse_ok,0019.HK,0019.HK
1277,0257.HK,257,parse_ok,0257.HK,0257.HK
1278,0293.HK,293,parse_ok,0293.HK,0293.HK
1279,0345.HK,345,parse_ok,0345.HK,0345.HK
1280,0659.HK,659,parse_ok,0659.HK,0659.HK
1281,0683.HK,683,parse_ok,0683.HK,0683.HK
1282,0066.HK,66,parse_ok,0066.HK,0066.HK
1283,0175.HK,175,parse_ok,0175.HK,0175.HK
1284,0656.HK,656,parse_ok,0656.HK,0656.HK
1285,0669.HK,669,parse_ok,0669.HK,0669.HK
1286,0884.HK,884,parse_ok,0884.HK,0884.HK
1287,1113.HK,1113,parse_ok,1113.HK,1113.HK
1288,1347.HK,1347,parse_ok,1347.HK,1347.HK
1289,2382.HK,2382,parse_ok,2382.HK,2382.HK
1290,2689.HK,2689,parse_ok,2689.HK,2689.HK
1291,3380.HK,3380,parse_ok,3380.HK,3380.HK
1292,6098.HK,6098,parse_ok,6098.HK,6098.HK
1293,0010.HK,10,parse_ok,0010.HK,0010.HK
1294,0014.HK,14,parse_ok,0014.HK,0014.HK
1295,0069.HK,69,parse_ok,0069.HK,0069.HK
1296,0148.HK,148,parse_ok,0148.HK,0148.HK
1297,0257.HK,257,parse_ok,0257.HK,0257.HK
1298,0345.HK,345,parse_ok,0345.HK,0345.HK
1299,0384.HK,384,parse_ok,0384.HK,0384.HK
1300,0659.HK,659,parse_ok,0659.HK,0659.HK
1301,0683.HK,683,parse_ok,0683.HK,0683.HK
1302,2778.HK,2778,parse_ok,2778.HK,2778.HK
1303,3311.HK,3311,parse_ok,3311.HK,3311.HK
1304,0868.HK,868,parse_ok,0868.HK,0868.HK
1305,2331.HK,2331,parse_ok,2331.HK,2331.HK
1306,3968.HK,3968,parse_ok,3968.HK,3968.HK
1307,3328.HK,3328,parse_ok,3328.HK,3328.HK
1308,0002.HK,2,parse_ok,0002.HK,0002.HK
1309,000539.SZ,539,parse_ok,000539.SZ,000539.SZ
1310,0013.HK,13,parse_ok,0013.HK,0013.HK
1311,002163.SZ,2163,parse_ok,002163.SZ,002163.SZ
1312,002240.SZ,2240,parse_ok,002240.SZ,002240.SZ
1313,003012.SZ,3012,parse_ok,003012.SZ,003012.SZ
1314,0069.HK,69,parse_ok,0069.HK,0069.HK
1315,0522.HK,522,parse_ok,0522.HK,0522.HK
1316,0551.HK,551,parse_ok,0551.HK,0551.HK
1317,2150.HK,2150,parse_ok,2150.HK,2150.HK
1318,300083.SZ,300083,parse_ok,300083.SZ,300083.SZ
1319,300832.SZ,300832,parse_ok,300832.SZ,300832.SZ
1320,300888.SZ,300888,parse_ok,300888.SZ,300888.SZ
1321,6969.HK,6969,parse_ok,6969.HK,6969.HK
1322,000025.SZ,25,parse_ok,000025.SZ,000025.SZ
1323,000070.SZ,70,parse_ok,000070.SZ,000070.SZ
1324,002292.SZ,2292,parse_ok,002292.SZ,002292.SZ
1325,002421.SZ,2421,parse_ok,002421.SZ,002421.SZ
1326,002503.SZ,2503,parse_ok,002503.SZ,002503.SZ
1327,002600.SZ,2600,parse_ok,002600.SZ,002600.SZ
1328,0895.HK,895,parse_ok,0895.HK,0895.HK
1329,1052.HK,1052,parse_ok,1052.HK,1052.HK
1330,1558.HK,1558,parse_ok,1558.HK,1558.HK
1331,1908.HK,1908,parse_ok,1908.HK,1908.HK
1332,300377.SZ,300377,parse_ok,300377.SZ,300377.SZ
1333,300676.SZ,300676,parse_ok,300676.SZ,300676.SZ
1334,3613.HK,3613,parse_ok,3613.HK,3613.HK
1335,6055.HK,6055,parse_ok,6055.HK,6055.HK
1336,9961.HK,9961,parse_ok,9961.HK,9961.HK
1337,1797.HK,1797,parse_ok,1797.HK,1797.HK
1338,1801.HK,1801,parse_ok,1801.HK,1801.HK
1339,3333.HK,3333,parse_ok,3333.HK,3333.HK
1340,2137.HK,2137,parse_ok,2137.HK,2137.HK
1341,2192.HK,2192,parse_ok,2192.HK,2192.HK
1342,9869.HK,9869,parse_ok,9869.HK,9869.HK
1343,0291.HK,291,parse_ok,0291.HK,0291.HK
1344,2688.HK,2688,parse_ok,2688.HK,2688.HK
1345,9618.HK,9618,parse_ok,9618.HK,9618.HK
1346,9999.HK,9999,parse_ok,9999.HK,9999.HK
1347,0992.HK,992,parse_ok,0992.HK,0992.HK
1348,3692.HK,3692,parse_ok,3692.HK,3692.HK
1349,9866.HK,9866,parse_ok,9866.HK,9866.HK
1350,0316.HK,316,parse_ok,0316.HK,0316.HK
1351,0881.HK,881,parse_ok,0881.HK,0881.HK
1352,0981.HK,981,parse_ok,0981.HK,0981.HK
1353,1378.HK,1378,parse_ok,1378.HK,1378.HK
1354,2018.HK,2018,parse_ok,2018.HK,2018.HK
1355,9866.HK,9866,parse_ok,9866.HK,9866.HK
1356,0522.HK,522,parse_ok,0522.HK,0522.HK
1357,0857.HK,857,parse_ok,0857.HK,0857.HK
1358,0881.HK,881,parse_ok,0881.HK,0881.HK
1359,2015.HK,2015,parse_ok,2015.HK,2015.HK
1360,6690.HK,6690,parse_ok,6690.HK,6690.HK
1361,0241.HK,241,parse_ok,0241.HK,0241.HK
1362,0384.HK,384,parse_ok,0384.HK,0384.HK
1363,1801.HK,1801,parse_ok,1801.HK,1801.HK
1364,9626.HK,9626,parse_ok,9626.HK,9626.HK
1365,1698.HK,1698,parse_ok,1698.HK,1698.HK
1366,1880.HK,1880,parse_ok,1880.HK,1880.HK
1367,9863.HK,9863,parse_ok,9863.HK,9863.HK
1368,0322.HK,322,parse_ok,0322.HK,0322.HK
1369,1209.HK,1209,parse_ok,1209.HK,1209.HK
1370,6690.HK,6690,parse_ok,6690.HK,6690.HK
1371,0857.HK,857,parse_ok,0857.HK,0857.HK
1372,0881.HK,881,parse_ok,0881.HK,0881.HK
1373,2015.HK,2015,parse_ok,2015.HK,2015.HK
1374,6690.HK,6690,parse_ok,6690.HK,6690.HK
1375,0241.HK,241,parse_ok,0241.HK,0241.HK
1376,0384.HK,384,parse_ok,0384.HK,0384.HK
1377,1801.HK,1801,parse_ok,1801.HK,1801.HK
1378,601857.SH,601857,parse_ok,601857.SH,601857.SS
1379,3650.HK,3650,parse_ok,3650.HK,3650.HK
1380,9690.HK,9690,parse_ok,9690.HK,9690.HK
1381,3933.HK,3933,parse_ok,3933.HK,3933.HK
1382,9885.HK,9885,parse_ok,9885.HK,9885.HK
1383,6929.HK,6929,parse_ok,6929.HK,6929.HK
1384,9955.HK,9955,parse_ok,9955.HK,9955.HK
1385,2015.HK,2015,parse_ok,2015.HK,2015.HK
1386,2359.HK,2359,parse_ok,2359.HK,2359.HK
1387,0762.HK,762,parse_ok,0762.HK,0762.HK
1388,0881.HK,881,parse_ok,0881.HK,0881.HK
1389,0412.HK,412,parse_ok,0412.HK,0412.HK
1390,0666.HK,666,parse_ok,0666.HK,0666.HK
1391,0813.HK,813,parse_ok,0813.HK,0813.HK
1392,0884.HK,884,parse_ok,0884.HK,0884.HK
1393,0921.HK,921,parse_ok,0921.HK,0921.HK
1394,1381.HK,1381,parse_ok,1381.HK,1381.HK
1395,1519.HK,1519,parse_ok,1519.HK,1519.HK
1396,1541.HK,1541,parse_ok,1541.HK,1541.HK
1397,1735.HK,1735,parse_ok,1735.HK,1735.HK
1398,1963.HK,1963,parse_ok,1963.HK,1963.HK
1399,1969.HK,1969,parse_ok,1969.HK,1969.HK
1400,2169.HK,2169,parse_ok,2169.HK,2169.HK
1401,2268.HK,2268,parse_ok,2268.HK,2268.HK
1402,2429.HK,2429,parse_ok,2429.HK,2429.HK
1403,2511.HK,2511,parse_ok,2511.HK,2511.HK
1404,2517.HK,2517,parse_ok,2517.HK,2517.HK
1405,2877.HK,2877,parse_ok,2877.HK,2877.HK
1406,6666.HK,6666,parse_ok,6666.HK,6666.HK
1407,6682.HK,6682,parse_ok,6682.HK,6682.HK
1408,6683.HK,6683,parse_ok,6683.HK,6683.HK
1409,6990.HK,6990,parse_ok,6990.HK,6990.HK
1410,9638.HK,9638,parse_ok,9638.HK,9638.HK
1411,9676.HK,9676,parse_ok,9676.HK,9676.HK
1412,9880.HK,9880,parse_ok,9880.HK,9880.HK
1413,9890.HK,9890,parse_ok,9890.HK,9890.HK
1414,3877.HK,3877,parse_ok,3877.HK,3877.HK
1415,6610.HK,6610,parse_ok,6610.HK,6610.HK
1416,6878.HK,6878,parse_ok,6878.HK,6878.HK
1417,6929.HK,6929,parse_ok,6929.HK,6929.HK
1418,9930.HK,9930,parse_ok,9930.HK,9930.HK
1419,9939.HK,9939,parse_ok,9939.HK,9939.HK
1420,9985.HK,9985,parse_ok,9985.HK,9985.HK
1421,1513.HK,1513,parse_ok,1513.HK,1513.HK
1422,2268.HK,2268,parse_ok,2268.HK,2268.HK
1423,0512.HK,512,parse_ok,0512.HK,0512.HK
1424,6185.HK,6185,parse_ok,6185.HK,6185.HK
1425,000333.SZ,000333,parse_ok,000333.SZ,000333.SZ
1426,0762.HK,762,parse_ok,0762.HK,0762.HK
1427,0881.HK,881,parse_ok,0881.HK,0881.HK
1428,600438.SH,600438,parse_ok,600438.SH,600438.SS
1429,001323.SZ,001323,parse_ok,001323.SZ,001323.SZ
1430,1735.HK,1735,parse_ok,1735.HK,1735.HK
1431,1942.HK,1942,parse_ok,1942.HK,1942.HK
1432,301510.SZ,301510,parse_ok,301510.SZ,301510.SZ
1433,6666.HK,6666,parse_ok,6666.HK,6666.HK
1434,688114.SH,688114,parse_ok,688114.SH,688114.SS
1435,688318.SH,688318,parse_ok,688318.SH,688318.SS
1436,9880.HK,9880,parse_ok,9880.HK,9880.HK
1437,9885.HK,9885,parse_ok,9885.HK,9885.HK
1438,000078.SZ,000078,parse_ok,000078.SZ,000078.SZ
1439,000893.SZ,000893,parse_ok,000893.SZ,000893.SZ
1440,002163.SZ,002163,parse_ok,002163.SZ,002163.SZ
1441,002670.SZ,002670,parse_ok,002670.SZ,002670.SZ
1442,0336.HK,336,parse_ok,0336.HK,0336.HK
1443,1686.HK,1686,parse_ok,1686.HK,1686.HK
1444,2150.HK,2150,parse_ok,2150.HK,2150.HK
1445,300671.SZ,300671,parse_ok,300671.SZ,300671.SZ
1446,3319.HK,3319,parse_ok,3319.HK,3319.HK
1447,0780.HK,780,parse_ok,0780.HK,0780.HK
1448,9698.HK,9698,parse_ok,9698.HK,9698.HK
1449,2899.HK,2899,parse_ok,2899.HK,2899.HK
1450,0968.HK,968,parse_ok,0968.HK,0968.HK
1451,2498.HK,2498,parse_ok,2498.HK,2498.HK
1452,6600.HK,6600,parse_ok,6600.HK,6600.HK
1453,6855.HK,6855,parse_ok,6855.HK,6855.HK
1454,6990.HK,6990,parse_ok,6990.HK,6990.HK
1455,0314.HK,314,parse_ok,0314.HK,0314.HK
1456,9886.HK,9886,parse_ok,9886.HK,9886.HK
1457,9997.HK,9997,parse_ok,9997.HK,9997.HK
1458,0285.HK,285,parse_ok,0285.HK,0285.HK
1459,6098.HK,6098,parse_ok,6098.HK,6098.HK
1460,2899.HK,2899,parse_ok,2899.HK,2899.HK
1461,601319.SH,601319,parse_ok,601319.SH,601319.SS
1462,601998.SH,601998,parse_ok,601998.SH,601998.SS
1463,0968.HK,968,parse_ok,0968.HK,0968.HK
1464,601633.SH,601633,parse_ok,601633.SH,601633.SS
1465,601899.SH,601899,parse_ok,601899.SH,601899.SS
1532,00567.HK,00567,parse_ok,00567.HK,0567.HK
1533,00655.HK,00655,parse_ok,00655.HK,0655.HK
1534,00801.HK,00801,parse_ok,00801.HK,0801.HK
1535,01311.HK,01311,parse_ok,01311.HK,1311.HK
1536,01788.HK,01788,parse_ok,01788.HK,1788.HK
1537,01857.HK,01857,parse_ok,01857.HK,1857.HK
1538,01865.HK,01865,parse_ok,01865.HK,1865.HK
1539,01939.HK,01939,parse_ok,01939.HK,1939.HK
1540,03259.HK,03259,parse_ok,03259.HK,3259.HK
1541,88187.HK,88187,parse_ok,88187.HK,88187.HK
1542,88707.HK,88707,parse_ok,88707.HK,88707.HK
1543,00016.HK,00016,parse_ok,00016.HK,0016.HK
1544,00008.HK,00008,parse_ok,00008.HK,0008.HK
1545,00048.HK,00048,parse_ok,00048.HK,0048.HK
1546,00124.HK,00124,parse_ok,00124.HK,0124.HK
1547,00333.HK,00333,parse_ok,00333.HK,0333.HK
1548,00347.HK,00347,parse_ok,00347.HK,0347.HK
1549,00759.HK,00759,parse_ok,00759.HK,0759.HK
1550,00760.HK,00760,parse_ok,00760.HK,0760.HK
1551,00825.HK,00825,parse_ok,00825.HK,0825.HK
1552,02129.HK,02129,parse_ok,02129.HK,2129.HK
1553,02352.HK,02352,parse_ok,02352.HK,2352.HK
1554,00029.HK,00029,parse_ok,00029.HK,0029.HK
1555,00104.HK,00104,parse_ok,00104.HK,0104.HK
1556,00115.HK,00115,parse_ok,00115.HK,0115.HK
1557,00380.HK,00380,parse_ok,00380.HK,0380.HK
1558,00588.HK,00588,parse_ok,00588.HK,0588.HK
1559,00732.HK,00732,parse_ok,00732.HK,0732.HK
1560,00919.HK,00919,parse_ok,00919.HK,0919.HK
1561,00999.HK,00999,parse_ok,00999.HK,0999.HK
1562,01088.HK,01088,parse_ok,01088.HK,1088.HK
1563,01108.HK,01108,parse_ok,01108.HK,1108.HK
1564,02236.HK,02236,parse_ok,02236.HK,2236.HK
1565,03993.HK,03993,parse_ok,03993.HK,3993.HK
1566,300750.SZ,300750,parse_ok,300750.SZ,300750.SZ
1567,600028.SH,600028,parse_ok,600028.SH,600028.SS
1568,600600.SH,600600,parse_ok,600600.SH,600600.SS
1569,601318.SH,601318,parse_ok,601318.SH,601318.SS
1570,601808.SH,601808,parse_ok,601808.SH,601808.SS
1571,601899.SH,601899,parse_ok,601899.SH,601899.SS
1572,000776.SZ,000776,parse_ok,000776.SZ,000776.SZ
1573,002179.SZ,002179,parse_ok,002179.SZ,002179.SZ
1574,600030.SH,600030,parse_ok,600030.SH,600030.SS
1575,600104.SH,600104,parse_ok,600104.SH,600104.SS
1576,600547.SH,600547,parse_ok,600547.SH,600547.SS
1577,601012.SH,601012,parse_ok,601012.SH,601012.SS
1578,000568.SZ,000568,parse_ok,000568.SZ,000568.SZ
1579,300122.SZ,300122,parse_ok,300122.SZ,300122.SZ
1580,600938.SH,600938,parse_ok,600938.SH,600938.SS
1581,601600.SH,601600,parse_ok,601600.SH,601600.SS
1582,603993.SH,603993,parse_ok,603993.SH,603993.SS
1583,688036.SH,688036,parse_ok,688036.SH,688036.SS
1584,002493.SZ,002493,parse_ok,002493.SZ,002493.SZ
1585,600188.SH,600188,parse_ok,600188.SH,600188.SS
1586,600196.SH,600196,parse_ok,600196.SH,600196.SS
1587,600346.SH,600346,parse_ok,600346.SH,600346.SS
1588,603288.SH,603288,parse_ok,603288.SH,603288.SS
1589,603501.SH,603501,parse_ok,603501.SH,603501.SS
1590,1519.HK,1519,parse_ok,1519.HK,1519.HK
1591,9901.HK,9901,parse_ok,9901.HK,9901.HK
1592,0020.HK,20,parse_ok,0020.HK,0020.HK
1593,2618.HK,2618,parse_ok,2618.HK,2618.HK
1594,0010.HK,10,parse_ok,0010.HK,0010.HK
1595,0173.HK,173,parse_ok,0173.HK,0173.HK
1596,0317.HK,317,parse_ok,0317.HK,0317.HK
1597,0598.HK,598,parse_ok,0598.HK,0598.HK
1598,0906.HK,906,parse_ok,0906.HK,0906.HK
1599,0917.HK,917,parse_ok,0917.HK,0917.HK
1600,0975.HK,975,parse_ok,0975.HK,0975.HK
1601,1071.HK,1071,parse_ok,1071.HK,1071.HK
1602,1274.HK,1274,parse_ok,1274.HK,1274.HK
1603,1277.HK,1277,parse_ok,1277.HK,1277.HK
1604,1341.HK,1341,parse_ok,1341.HK,1341.HK
1605,1405.HK,1405,parse_ok,1405.HK,1405.HK
1606,1558.HK,1558,parse_ok,1558.HK,1558.HK
1607,1709.HK,1709,parse_ok,1709.HK,1709.HK
1608,1773.HK,1773,parse_ok,1773.HK,1773.HK
1609,1836.HK,1836,parse_ok,1836.HK,1836.HK
1610,1855.HK,1855,parse_ok,1855.HK,1855.HK
1611,1921.HK,1921,parse_ok,1921.HK,1921.HK
1612,2016.HK,2016,parse_ok,2016.HK,2016.HK
1613,2039.HK,2039,parse_ok,2039.HK,2039.HK
1614,2155.HK,2155,parse_ok,2155.HK,2155.HK
1615,2228.HK,2228,parse_ok,2228.HK,2228.HK
1616,2356.HK,2356,parse_ok,2356.HK,2356.HK
1617,2386.HK,2386,parse_ok,2386.HK,2386.HK
1618,2419.HK,2419,parse_ok,2419.HK,2419.HK
1619,2443.HK,2443,parse_ok,2443.HK,2443.HK
1620,2453.HK,2453,parse_ok,2453.HK,2453.HK
1621,2459.HK,2459,parse_ok,2459.HK,2459.HK
1622,2550.HK,2550,parse_ok,2550.HK,2550.HK
1623,2555.HK,2555,parse_ok,2555.HK,2555.HK
1624,2556.HK,2556,parse_ok,2556.HK,2556.HK
1625,2602.HK,2602,parse_ok,2602.HK,2602.HK
1626,3306.HK,3306,parse_ok,3306.HK,3306.HK
1627,3877.HK,3877,parse_ok,3877.HK,3877.HK
1628,6181.HK,6181,parse_ok,6181.HK,6181.HK
1629,6963.HK,6963,parse_ok,6963.HK,6963.HK
1630,9699.HK,9699,parse_ok,9699.HK,9699.HK
1631,9899.HK,9899,parse_ok,9899.HK,9899.HK
1632,0120.HK,120,parse_ok,0120.HK,0120.HK
1633,0302.HK,302,parse_ok,0302.HK,0302.HK
1634,0520.HK,520,parse_ok,0520.HK,0520.HK
1635,0650.HK,650,parse_ok,0650.HK,0650.HK
1636,0697.HK,697,parse_ok,0697.HK,0697.HK
1637,0813.HK,813,parse_ok,0813.HK,0813.HK
1638,0933.HK,933,parse_ok,0933.HK,0933.HK
1639,1176.HK,1176,parse_ok,1176.HK,1176.HK
1640,1238.HK,1238,parse_ok,1238.HK,1238.HK
1641,1244.HK,1244,parse_ok,1244.HK,1244.HK
1642,1521.HK,1521,parse_ok,1521.HK,1521.HK
1643,1563.HK,1563,parse_ok,1563.HK,1563.HK
1644,1668.HK,1668,parse_ok,1668.HK,1668.HK
1645,1765.HK,1765,parse_ok,1765.HK,1765.HK
1646,1877.HK,1877,parse_ok,1877.HK,1877.HK
1647,1890.HK,1890,parse_ok,1890.HK,1890.HK
1648,2138.HK,2138,parse_ok,2138.HK,2138.HK
1649,2160.HK,2160,parse_ok,2160.HK,2160.HK
1650,2257.HK,2257,parse_ok,2257.HK,2257.HK
1651,2415.HK,2415,parse_ok,2415.HK,2415.HK
1652,2416.HK,2416,parse_ok,2416.HK,2416.HK
1653,3377.HK,3377,parse_ok,3377.HK,3377.HK
1654,6100.HK,6100,parse_ok,6100.HK,6100.HK
1655,6185.HK,6185,parse_ok,6185.HK,6185.HK
1656,9668.HK,9668,parse_ok,9668.HK,9668.HK
1657,9857.HK,9857,parse_ok,9857.HK,9857.HK
1658,9877.HK,9877,parse_ok,9877.HK,9877.HK
1659,9886.HK,9886,parse_ok,9886.HK,9886.HK
1660,9955.HK,9955,parse_ok,9955.HK,9955.HK
1661,0010.HK,10,parse_ok,0010.HK,0010.HK
1662,0123.HK,123,parse_ok,0123.HK,0123.HK
1663,0144.HK,144,parse_ok,0144.HK,0144.HK
1664,0267.HK,267,parse_ok,0267.HK,0267.HK
1665,0384.HK,384,parse_ok,0384.HK,0384.HK
1666,0700.HK,700,parse_ok,0700.HK,0700.HK
1667,0884.HK,884,parse_ok,0884.HK,0884.HK
1668,1044.HK,1044,parse_ok,1044.HK,1044.HK
1669,2020.HK,2020,parse_ok,2020.HK,2020.HK
1670,2269.HK,2269,parse_ok,2269.HK,2269.HK
1671,2727.HK,2727,parse_ok,2727.HK,2727.HK
1672,3899.HK,3899,parse_ok,3899.HK,3899.HK
1673,0069.HK,69,parse_ok,0069.HK,0069.HK
1674,0165.HK,165,parse_ok,0165.HK,0165.HK
1675,0215.HK,215,parse_ok,0215.HK,0215.HK
1676,0489.HK,489,parse_ok,0489.HK,0489.HK
1677,0762.HK,762,parse_ok,0762.HK,0762.HK
1678,0960.HK,960,parse_ok,0960.HK,0960.HK
1679,2208.HK,2208,parse_ok,2208.HK,2208.HK
1680,6818.HK,6818,parse_ok,6818.HK,6818.HK
1681,0008.HK,8,parse_ok,0008.HK,0008.HK
1682,0688.HK,688,parse_ok,0688.HK,0688.HK
1683,2378.HK,2378,parse_ok,2378.HK,2378.HK
1684,0017.HK,17,parse_ok,0017.HK,0017.HK
1685,0656.HK,656,parse_ok,0656.HK,0656.HK
1686,1347.HK,1347,parse_ok,1347.HK,1347.HK
1687,0123.HK,123,parse_ok,0123.HK,0123.HK
1688,0144.HK,144,parse_ok,0144.HK,0144.HK
1689,0700.HK,700,parse_ok,0700.HK,0700.HK
1690,2018.HK,2018,parse_ok,2018.HK,2018.HK
1691,2269.HK,2269,parse_ok,2269.HK,2269.HK
1692,2282.HK,2282,parse_ok,2282.HK,2282.HK
1693,0656.HK,656,parse_ok,0656.HK,0656.HK
1694,0683.HK,683,parse_ok,0683.HK,0683.HK
1695,0762.HK,762,parse_ok,0762.HK,0762.HK
1696,1691.HK,1691,parse_ok,1691.HK,1691.HK
1697,2202.HK,2202,parse_ok,2202.HK,2202.HK
1698,2689.HK,2689,parse_ok,2689.HK,2689.HK
1699,1558.HK,1558,parse_ok,1558.HK,1558.HK
1700,6660.HK,6660,parse_ok,6660.HK,6660.HK
1701,1519.HK,1519,parse_ok,1519.HK,1519.HK
1702,600406.SH,600406,parse_ok,600406.SH,600406.SS
1703,601225.SH,601225,parse_ok,601225.SH,601225.SS
1704,0020.HK,20,parse_ok,0020.HK,0020.HK
1705,2618.HK,2618,parse_ok,2618.HK,2618.HK
1706,300015.SZ,300015,parse_ok,300015.SZ,300015.SZ
1707,000060.SZ,000060,parse_ok,000060.SZ,000060.SZ
1708,000893.SZ,000893,parse_ok,000893.SZ,000893.SZ
1709,1415.HK,1415,parse_ok,1415.HK,1415.HK
1710,2018.HK,2018,parse_ok,2018.HK,2018.HK
1711,2228.HK,2228,parse_ok,2228.HK,2228.HK
1712,2498.HK,2498,parse_ok,2498.HK,2498.HK
1713,2602.HK,2602,parse_ok,2602.HK,2602.HK
1714,300735.SZ,300735,parse_ok,300735.SZ,300735.SZ
1715,3899.HK,3899,parse_ok,3899.HK,3899.HK
1716,3933.HK,3933,parse_ok,3933.HK,3933.HK
1717,688177.SH,688177,parse_ok,688177.SH,688177.SS
1718,688343.SH,688343,parse_ok,688343.SH,688343.SS
1719,688361.SH,688361,parse_ok,688361.SH,688361.SS
1720,688525.SH,688525,parse_ok,688525.SH,688525.SS
1721,6963.HK,6963,parse_ok,6963.HK,6963.HK
1722,9890.HK,9890,parse_ok,9890.HK,9890.HK
1723,002191.SZ,002191,parse_ok,002191.SZ,002191.SZ
1724,002429.SZ,002429,parse_ok,002429.SZ,002429.SZ
1725,002967.SZ,002967,parse_ok,002967.SZ,002967.SZ
1726,0200.HK,200,parse_ok,0200.HK,0200.HK
1727,0314.HK,314,parse_ok,0314.HK,0314.HK
1728,0345.HK,345,parse_ok,0345.HK,0345.HK
1729,0558.HK,558,parse_ok,0558.HK,0558.HK
1730,1268.HK,1268,parse_ok,1268.HK,1268.HK
1731,1942.HK,1942,parse_ok,1942.HK,1942.HK
1732,300737.SZ,300737,parse_ok,300737.SZ,300737.SZ
1733,300973.SZ,300973,parse_ok,300973.SZ,300973.SZ
1734,3990.HK,3990,parse_ok,3990.HK,3990.HK
1735,6666.HK,6666,parse_ok,6666.HK,6666.HK
1736,6969.HK,6969,parse_ok,6969.HK,6969.HK
1737,9869.HK,9869,parse_ok,9869.HK,9869.HK
1738,9926.HK,9926,parse_ok,9926.HK,9926.HK
1739,0522.HK,522,parse_ok,0522.HK,0522.HK
1740,1833.HK,1833,parse_ok,1833.HK,1833.HK
1741,2328.HK,2328,parse_ok,2328.HK,2328.HK
1742,0960.HK,960,parse_ok,0960.HK,0960.HK
1743,0300.HK,300,parse_ok,0300.HK,0300.HK
1744,2533.HK,2533,parse_ok,2533.HK,2533.HK
1745,0512.HK,512,parse_ok,0512.HK,0512.HK
1746,2228.HK,2228,parse_ok,2228.HK,2228.HK
1747,6086.HK,6086,parse_ok,6086.HK,6086.HK
1748,1244.HK,1244,parse_ok,1244.HK,1244.HK
1749,2171.HK,2171,parse_ok,2171.HK,2171.HK
1750,3759.HK,3759,parse_ok,3759.HK,3759.HK
1751,1024.HK,1024,parse_ok,1024.HK,1024.HK
1752,9901.HK,9901,parse_ok,9901.HK,9901.HK
1753,0017.HK,17,parse_ok,0017.HK,0017.HK
1754,0300.HK,300,parse_ok,0300.HK,0300.HK
1755,9898.HK,9898,parse_ok,9898.HK,9898.HK
1756,1302.HK,1302,parse_ok,1302.HK,1302.HK
1757,1541.HK,1541,parse_ok,1541.HK,1541.HK
1758,2057.HK,2057,parse_ok,2057.HK,2057.HK
1759,6160.HK,6160,parse_ok,6160.HK,6160.HK
1760,1177.HK,1177,parse_ok,1177.HK,1177.HK
1761,2331.HK,2331,parse_ok,2331.HK,2331.HK
1762,0041.HK,41,parse_ok,0041.HK,0041.HK
1763,0308.HK,308,parse_ok,0308.HK,0308.HK
1764,0697.HK,697,parse_ok,0697.HK,0697.HK
1765,0999.HK,999,parse_ok,0999.HK,0999.HK
1766,1318.HK,1318,parse_ok,1318.HK,1318.HK
1767,2232.HK,2232,parse_ok,2232.HK,2232.HK
1768,2410.HK,2410,parse_ok,2410.HK,2410.HK
1769,2431.HK,2431,parse_ok,2431.HK,2431.HK
1770,2432.HK,2432,parse_ok,2432.HK,2432.HK
1771,2460.HK,2460,parse_ok,2460.HK,2460.HK
1772,2506.HK,2506,parse_ok,2506.HK,2506.HK
1773,2507.HK,2507,parse_ok,2507.HK,2507.HK
1774,2510.HK,2510,parse_ok,2510.HK,2510.HK
1775,2522.HK,2522,parse_ok,2522.HK,2522.HK
1776,2562.HK,2562,parse_ok,2562.HK,2562.HK
1777,2563.HK,2563,parse_ok,2563.HK,2563.HK
1778,2570.HK,2570,parse_ok,2570.HK,2570.HK
1779,2577.HK,2577,parse_ok,2577.HK,2577.HK
1780,2582.HK,2582,parse_ok,2582.HK,2582.HK
1781,2586.HK,2586,parse_ok,2586.HK,2586.HK
1782,2587.HK,2587,parse_ok,2587.HK,2587.HK
1783,2778.HK,2778,parse_ok,2778.HK,2778.HK
1784,2799.HK,2799,parse_ok,2799.HK,2799.HK
1785,3931.HK,3931,parse_ok,3931.HK,3931.HK
1786,3939.HK,3939,parse_ok,3939.HK,3939.HK
1787,6086.HK,6086,parse_ok,6086.HK,6086.HK
1788,6623.HK,6623,parse_ok,6623.HK,6623.HK
1789,9660.HK,9660,parse_ok,9660.HK,9660.HK
1790,9985.HK,9985,parse_ok,9985.HK,9985.HK
1791,0095.HK,95,parse_ok,0095.HK,0095.HK
1792,0338.HK,338,parse_ok,0338.HK,0338.HK
1793,0410.HK,410,parse_ok,0410.HK,0410.HK
1794,0659.HK,659,parse_ok,0659.HK,0659.HK
1795,0743.HK,743,parse_ok,0743.HK,0743.HK
1796,0806.HK,806,parse_ok,0806.HK,0806.HK
1797,0884.HK,884,parse_ok,0884.HK,0884.HK
1798,1119.HK,1119,parse_ok,1119.HK,1119.HK
1799,1268.HK,1268,parse_ok,1268.HK,1268.HK
1800,1385.HK,1385,parse_ok,1385.HK,1385.HK
1801,1468.HK,1468,parse_ok,1468.HK,1468.HK
1802,1541.HK,1541,parse_ok,1541.HK,1541.HK
1803,1600.HK,1600,parse_ok,1600.HK,1600.HK
1804,1799.HK,1799,parse_ok,1799.HK,1799.HK
1805,1942.HK,1942,parse_ok,1942.HK,1942.HK
1806,2105.HK,2105,parse_ok,2105.HK,2105.HK
1807,2121.HK,2121,parse_ok,2121.HK,2121.HK
1808,2150.HK,2150,parse_ok,2150.HK,2150.HK
1809,2171.HK,2171,parse_ok,2171.HK,2171.HK
1810,2390.HK,2390,parse_ok,2390.HK,2390.HK
1811,2407.HK,2407,parse_ok,2407.HK,2407.HK
1812,2411.HK,2411,parse_ok,2411.HK,2411.HK
1813,2487.HK,2487,parse_ok,2487.HK,2487.HK
1814,2511.HK,2511,parse_ok,2511.HK,2511.HK
1815,2678.HK,2678,parse_ok,2678.HK,2678.HK
1816,3309.HK,3309,parse_ok,3309.HK,3309.HK
1817,3347.HK,3347,parse_ok,3347.HK,3347.HK
1818,3383.HK,3383,parse_ok,3383.HK,3383.HK
1819,3650.HK,3650,parse_ok,3650.HK,3650.HK
1820,3669.HK,3669,parse_ok,3669.HK,3669.HK
1821,3759.HK,3759,parse_ok,3759.HK,3759.HK
1822,6639.HK,6639,parse_ok,6639.HK,6639.HK
1823,6660.HK,6660,parse_ok,6660.HK,6660.HK
1824,6698.HK,6698,parse_ok,6698.HK,6698.HK
1825,9638.HK,9638,parse_ok,9638.HK,9638.HK
1826,9669.HK,9669,parse_ok,9669.HK,9669.HK
1827,9869.HK,9869,parse_ok,9869.HK,9869.HK
1828,9959.HK,9959,parse_ok,9959.HK,9959.HK
1829,9966.HK,9966,parse_ok,9966.HK,9966.HK
1830,9995.HK,9995,parse_ok,9995.HK,9995.HK
1831,9996.HK,9996,parse_ok,9996.HK,9996.HK
1832,1698.HK,1698,parse_ok,1698.HK,1698.HK
1833,9660.HK,9660,parse_ok,9660.HK,9660.HK
1834,1797.HK,1797,parse_ok,1797.HK,1797.HK
1835,6060.HK,6060,parse_ok,6060.HK,6060.HK
1836,2410.HK,2410,parse_ok,2410.HK,2410.HK
1837,9997.HK,9997,parse_ok,9997.HK,9997.HK
1838,9966.HK,9966,parse_ok,9966.HK,9966.HK
1839,9995.HK,9995,parse_ok,9995.HK,9995.HK
1840,0325.HK,325,parse_ok,0325.HK,0325.HK
1841,1364.HK,1364,parse_ok,1364.HK,1364.HK
1842,2097.HK,2097,parse_ok,2097.HK,2097.HK
1843,0300.HK,300,parse_ok,0300.HK,0300.HK
1844,2057.HK,2057,parse_ok,2057.HK,2057.HK
1845,1211.HK,1211,parse_ok,1211.HK,1211.HK
1846,0772.HK,772,parse_ok,0772.HK,0772.HK
1847,1378.HK,1378,parse_ok,1378.HK,1378.HK
1848,1801.HK,1801,parse_ok,1801.HK,1801.HK
1849,9987.HK,9987,parse_ok,9987.HK,9987.HK
1850,2688.HK,2688,parse_ok,2688.HK,2688.HK
1851,6862.HK,6862,parse_ok,6862.HK,6862.HK
1852,9901.HK,9901,parse_ok,9901.HK,9901.HK
1853,1828.HK,1828,parse_ok,1828.HK,1828.HK
1854,2525.HK,2525,parse_ok,2525.HK,2525.HK
1855,2580.HK,2580,parse_ok,2580.HK,2580.HK
1856,2590.HK,2590,parse_ok,2590.HK,2590.HK
1857,2591.HK,2591,parse_ok,2591.HK,2591.HK
1858,9973.HK,9973,parse_ok,9973.HK,9973.HK
1859,002371.SZ,002371,parse_ok,002371.SZ,002371.SZ
1860,1378.HK,1378,parse_ok,1378.HK,1378.HK
1861,1801.HK,1801,parse_ok,1801.HK,1801.HK
1862,9987.HK,9987,parse_ok,9987.HK,9987.HK
1863,2688.HK,2688,parse_ok,2688.HK,2688.HK
1864,600025.SH,600025,parse_ok,600025.SH,600025.SS
1865,600887.SH,600887,parse_ok,600887.SH,600887.SS
1866,6862.HK,6862,parse_ok,6862.HK,6862.HK
1867,1801.HK,1801,parse_ok,1801.HK,1801.HK
1868,9863.HK,9863,parse_ok,9863.HK,9863.HK
1869,0522.HK,522,parse_ok,0522.HK,0522.HK
1870,2423.HK,2423,parse_ok,2423.HK,2423.HK
1871,300308.SZ,300308,parse_ok,300308.SZ,300308.SZ
1872,601211.SH,601211,parse_ok,601211.SH,601211.SS
1873,9660.HK,9660,parse_ok,9660.HK,9660.HK
1874,000568.SZ,000568,parse_ok,000568.SZ,000568.SZ
1875,0291.HK,291,parse_ok,0291.HK,0291.HK
1876,2319.HK,2319,parse_ok,2319.HK,2319.HK
1877,600406.SH,600406,parse_ok,600406.SH,600406.SS
